customer_id,invoice_date,order_value,cumulative_lifetime_spend
12346.0,2011-01-18 10:01:00,77183.6,77183.6
12347.0,2010-12-07 14:57:00,711.79,711.79
12347.0,2011-01-26 14:30:00,475.39,1187.18
12347.0,2011-04-07 10:43:00,636.25,1823.43
12347.0,2011-06-09 13:01:00,382.52,2205.95
12347.0,2011-08-02 08:48:00,584.91,2790.86
12347.0,2011-10-31 12:25:00,1294.32,4085.18
12347.0,2011-12-07 15:52:00,224.82,4310.0
12348.0,2010-12-16 19:09:00,892.8,892.8
12348.0,2011-01-25 10:42:00,227.44,1120.24
12348.0,2011-04-05 10:47:00,367.0,1487.24
12348.0,2011-09-25 13:13:00,310.0,1797.24
12349.0,2011-11-21 09:51:00,1757.55,1757.55
12350.0,2011-02-02 16:01:00,334.4,334.4
12352.0,2011-02-16 12:33:00,296.5,296.5
12352.0,2011-03-01 14:57:00,144.35,440.85
12352.0,2011-03-01 15:52:00,840.3,1281.15
12352.0,2011-03-17 16:00:00,120.33,1401.48
12352.0,2011-03-22 16:08:00,160.33,1561.81
12352.0,2011-09-20 14:34:00,366.25,1928.06
12352.0,2011-09-28 14:58:00,266.25,2194.31
12352.0,2011-11-03 14:37:00,311.73,2506.04
12353.0,2011-05-19 17:47:00,89.0,89.0
12354.0,2011-04-21 13:11:00,1079.4,1079.4
12355.0,2011-05-09 13:49:00,459.4,459.4
12356.0,2011-01-18 09:50:00,2271.62,2271.62
12356.0,2011-04-08 12:33:00,481.46,2753.08
12356.0,2011-11-17 08:40:00,58.35,2811.43
12357.0,2011-11-06 16:07:00,6207.67,6207.67
12358.0,2011-07-12 10:04:00,484.86,484.86
12358.0,2011-12-08 10:26:00,683.2,1168.06
12359.0,2011-01-12 12:43:00,547.5,547.5
12359.0,2011-02-07 14:51:00,1838.91,2386.41
12359.0,2011-06-03 12:26:00,1109.32,3495.73
12359.0,2011-10-13 12:47:00,2876.85,6372.58
12360.0,2011-05-23 09:43:00,1083.58,1083.58
12360.0,2011-08-19 10:10:00,534.7,1618.28
12360.0,2011-10-18 15:22:00,1043.78,2662.06
12361.0,2011-02-25 13:51:00,189.9,189.9
12362.0,2011-02-17 10:30:00,479.1,479.1
12362.0,2011-04-28 09:12:00,495.24,974.34
12362.0,2011-07-07 12:32:00,303.76,1278.1
12362.0,2011-08-11 15:02:00,469.25,1747.35
12362.0,2011-09-28 12:04:00,829.99,2577.34
12362.0,2011-10-11 14:33:00,355.8,2933.14
12362.0,2011-10-26 13:47:00,786.95,3720.09
12362.0,2011-10-28 10:10:00,499.16,4219.25
12362.0,2011-11-04 09:07:00,477.94,4697.19
12362.0,2011-12-06 15:40:00,529.04,5226.23
12363.0,2011-04-11 13:29:00,299.1,299.1
12363.0,2011-08-22 10:18:00,252.9,552.0
12364.0,2011-08-19 15:24:00,623.92,623.92
12364.0,2011-09-22 16:07:00,79.8,703.72
12364.0,2011-10-30 15:43:00,299.06,1002.78
12364.0,2011-12-02 10:22:00,310.32,1313.1
12365.0,2011-02-21 13:51:00,320.69,320.69
12365.0,2011-02-21 14:04:00,320.69,641.38
12367.0,2011-12-05 16:48:00,168.9,168.9
12370.0,2010-12-14 12:58:00,1590.82,1590.82
12370.0,2010-12-17 09:38:00,277.2,1868.02
12370.0,2011-03-10 12:48:00,938.39,2806.41
12370.0,2011-10-19 14:51:00,739.28,3545.69
12371.0,2011-10-11 10:43:00,1527.96,1527.96
12371.0,2011-10-26 10:16:00,360.0,1887.96
12372.0,2011-02-16 12:46:00,399.22,399.22
12372.0,2011-05-11 10:43:00,515.7,914.92
12372.0,2011-09-29 12:12:00,383.12,1298.04
12373.0,2011-02-01 13:10:00,364.6,364.6
12374.0,2011-11-14 15:37:00,742.93,742.93
12375.0,2011-09-02 14:23:00,230.3,230.3
12375.0,2011-11-29 10:36:00,227.2,457.5
12377.0,2010-12-20 09:37:00,1001.52,1001.52
12377.0,2011-01-28 15:45:00,626.6,1628.12
12378.0,2011-08-02 10:34:00,4008.62,4008.62
12379.0,2011-06-22 16:32:00,459.84,459.84
12379.0,2011-09-19 10:09:00,392.4,852.24
12380.0,2011-06-07 09:49:00,607.55,607.55
12380.0,2011-09-22 17:31:00,626.01,1233.56
12380.0,2011-10-14 11:39:00,450.86,1684.42
12380.0,2011-11-18 11:27:00,1040.39,2724.81
12381.0,2011-08-12 09:57:00,1268.74,1268.74
12381.0,2011-10-11 15:45:00,6.0,1274.74
12381.0,2011-10-12 11:30:00,4.5,1279.24
12381.0,2011-11-06 13:36:00,419.06,1698.3
12381.0,2011-12-05 12:44:00,147.01,1845.31
12383.0,2010-12-22 14:28:00,600.72,600.72
12383.0,2011-01-12 14:10:00,651.16,1251.88
12383.0,2011-03-14 08:41:00,357.07,1608.95
12383.0,2011-04-15 14:10:00,142.16,1751.11
12383.0,2011-06-08 08:02:00,99.45,1850.56
12384.0,2011-08-10 11:23:00,292.69,292.69
12384.0,2011-11-11 08:39:00,292.58,585.27
12386.0,2010-12-08 09:53:00,258.9,258.9
12386.0,2011-01-06 12:37:00,143.0,401.9
12388.0,2011-01-17 11:12:00,431.3,431.3
12388.0,2011-02-07 13:59:00,124.05,555.35
12388.0,2011-03-09 15:47:00,210.9,766.25
12388.0,2011-07-14 13:28:00,902.09,1668.34
12388.0,2011-09-25 11:30:00,825.92,2494.26
12388.0,2011-11-24 12:30:00,286.4,2780.66
12390.0,2011-09-21 09:33:00,549.84,549.84
12391.0,2011-11-18 12:07:00,460.89,460.89
12393.0,2011-01-11 09:47:00,462.5,462.5
12393.0,2011-01-14 11:36:00,177.0,639.5
12393.0,2011-04-08 09:45:00,421.6,1061.1
12393.0,2011-09-28 15:41:00,521.5,1582.6
12394.0,2011-05-06 14:01:00,381.08,381.08
12394.0,2011-10-07 08:08:00,891.4,1272.48
12395.0,2010-12-03 16:35:00,346.1,346.1
12395.0,2010-12-17 16:00:00,333.82,679.92
12395.0,2011-02-11 12:16:00,231.51,911.43
12395.0,2011-03-23 14:33:00,326.5,1237.93
12395.0,2011-05-05 14:38:00,149.97,1387.9
12395.0,2011-05-12 10:15:00,181.82,1569.72
12395.0,2011-06-30 16:52:00,163.9,1733.62
12395.0,2011-08-19 15:18:00,165.95,1899.57
12395.0,2011-10-04 13:45:00,346.68,2246.25
12395.0,2011-11-08 16:12:00,263.08,2509.33
12395.0,2011-11-08 16:15:00,243.47,2752.8
12395.0,2011-11-20 15:21:00,265.83,3018.63
12397.0,2011-07-27 14:21:00,1214.81,1214.81
12397.0,2011-11-04 09:52:00,1195.09,2409.9
12398.0,2011-10-25 10:27:00,1635.66,1635.66
12399.0,2011-03-23 09:42:00,288.05,288.05
12399.0,2011-05-10 10:22:00,480.9,768.95
12399.0,2011-06-09 13:09:00,130.08,899.03
12399.0,2011-08-12 13:15:00,209.62,1108.65
12401.0,2011-02-09 13:50:00,84.3,84.3
12402.0,2011-01-20 13:49:00,225.6,225.6
12403.0,2011-10-21 10:51:00,427.7,427.7
12405.0,2011-07-14 08:52:00,1710.39,1710.39
12406.0,2011-06-09 10:23:00,1621.25,1621.25
12406.0,2011-11-17 19:22:00,1794.05,3415.3
12407.0,2011-03-20 13:21:00,226.3,226.3
12407.0,2011-04-18 12:25:00,269.66,495.96
12407.0,2011-07-06 09:49:00,719.06,1215.02
12407.0,2011-07-28 16:28:00,192.34,1407.36
12407.0,2011-10-21 10:11:00,300.76,1708.12
12408.0,2011-03-24 14:46:00,762.89,762.89
12408.0,2011-03-24 14:47:00,74.7,837.59
12408.0,2011-06-17 10:51:00,654.18,1491.77
12408.0,2011-09-02 10:27:00,642.28,2134.05
12408.0,2011-11-07 12:27:00,754.5,2888.55
12409.0,2011-06-10 12:19:00,6207.08,6207.08
12409.0,2011-09-21 14:15:00,4.95,6212.03
12409.0,2011-09-22 10:38:00,4860.64,11072.67
12410.0,2011-02-04 10:38:00,625.33,625.33
12410.0,2011-02-04 10:39:00,68.0,693.33
12412.0,2011-06-23 13:51:00,514.5,514.5
12412.0,2011-07-25 11:17:00,376.24,890.74
12412.0,2011-09-26 10:16:00,336.14,1226.88
12413.0,2011-01-06 16:12:00,479.25,479.25
12413.0,2011-04-17 15:33:00,84.65,563.9
12413.0,2011-10-04 09:00:00,194.2,758.1
12414.0,2011-02-02 14:51:00,153.76,153.76
12414.0,2011-04-26 09:12:00,242.8,396.56
12414.0,2011-05-06 14:51:00,165.85,562.41
12415.0,2011-01-06 11:12:00,7011.38,7011.38
12415.0,2011-01-10 09:58:00,81.6,7092.98
12415.0,2011-02-15 09:52:00,14022.92,21115.9
12415.0,2011-03-03 10:59:00,16726.84,37842.74
12415.0,2011-04-01 14:28:00,350.0,38192.74
12415.0,2011-05-17 15:42:00,11924.8,50117.54
12415.0,2011-05-20 14:13:00,766.36,50883.9
12415.0,2011-06-15 13:37:00,23426.81,74310.71
12415.0,2011-07-13 15:30:00,2735.16,77045.87
12415.0,2011-07-13 15:31:00,61.2,77107.07
12415.0,2011-07-19 10:51:00,158.65,77265.72
12415.0,2011-08-18 08:51:00,21880.44,99146.16
12415.0,2011-09-01 13:50:00,2732.92,101879.08
12415.0,2011-09-01 13:51:00,208.8,102087.88
12415.0,2011-10-05 12:35:00,828.0,102915.88
12415.0,2011-10-05 12:44:00,15643.77,118559.65
12415.0,2011-11-02 12:03:00,624.24,119183.89
12415.0,2011-11-03 11:26:00,375.24,119559.13
12415.0,2011-11-15 10:32:00,4925.8,124484.93
12415.0,2011-11-15 14:22:00,429.6,124914.53
12417.0,2010-12-17 11:51:00,291.34,291.34
12417.0,2011-01-25 09:11:00,323.44,614.78
12417.0,2011-03-03 14:12:00,410.0,1024.78
12417.0,2011-04-28 13:09:00,436.3,1461.08
12417.0,2011-06-05 15:46:00,437.19,1898.27
12417.0,2011-08-04 18:51:00,355.56,2253.83
12417.0,2011-08-25 10:26:00,562.69,2816.52
12417.0,2011-10-31 16:02:00,462.85,3279.37
12417.0,2011-12-06 14:52:00,369.73,3649.1
12418.0,2011-08-19 11:08:00,668.58,668.58
12420.0,2011-10-07 08:55:00,600.39,600.39
12421.0,2011-01-24 15:09:00,157.45,157.45
12421.0,2011-06-19 13:54:00,239.35,396.8
12421.0,2011-08-17 10:56:00,231.76,628.56
12421.0,2011-11-24 09:07:00,178.48,807.04
12422.0,2011-01-19 09:13:00,238.5,238.5
12422.0,2011-06-24 13:20:00,417.36,655.86
12422.0,2011-09-05 09:48:00,147.7,803.56
12423.0,2010-12-21 10:54:00,237.93,237.93
12423.0,2011-02-21 09:52:00,192.31,430.24
12423.0,2011-03-21 11:46:00,347.35,777.59
12423.0,2011-04-07 12:04:00,255.36,1032.95
12423.0,2011-05-23 10:48:00,333.82,1366.77
12423.0,2011-06-01 09:26:00,84.92,1451.69
12423.0,2011-08-31 08:55:00,198.98,1650.67
12423.0,2011-12-09 10:10:00,208.64,1859.31
12424.0,2011-06-30 12:06:00,1760.96,1760.96
12425.0,2011-09-22 17:31:00,777.2,777.2
12426.0,2011-05-29 12:26:00,582.73,582.73
12427.0,2010-12-03 10:44:00,303.5,303.5
12427.0,2011-10-10 15:15:00,282.58,586.08
12427.0,2011-11-18 08:56:00,239.72,825.8
12428.0,2011-03-01 09:33:00,1943.4,1943.4
12428.0,2011-03-01 09:35:00,2474.62,4418.02
12428.0,2011-03-01 16:53:00,551.2,4969.22
12428.0,2011-03-20 15:46:00,409.2,5378.42
12428.0,2011-03-30 15:48:00,558.4,5936.82
12428.0,2011-04-11 10:04:00,373.72,6310.54
12428.0,2011-07-05 12:23:00,632.44,6942.98
12428.0,2011-08-11 12:58:00,605.14,7548.12
12428.0,2011-11-14 08:22:00,408.34,7956.46
12429.0,2010-12-09 12:05:00,1281.5,1281.5
12429.0,2011-04-26 11:44:00,437.98,1719.48
12429.0,2011-06-20 12:14:00,1125.4,2844.88
12429.0,2011-11-30 17:22:00,905.52,3750.4
12430.0,2011-10-27 15:09:00,256.4,256.4
12431.0,2010-12-01 10:03:00,358.25,358.25
12431.0,2010-12-17 14:10:00,415.7,773.95
12431.0,2011-01-28 14:37:00,384.68,1158.63
12431.0,2011-02-17 08:23:00,640.1,1798.73
12431.0,2011-02-27 14:43:00,412.55,2211.28
12431.0,2011-05-12 12:34:00,475.16,2686.44
12431.0,2011-05-23 09:14:00,472.09,3158.53
12431.0,2011-07-19 10:42:00,483.02,3641.55
12431.0,2011-07-24 12:05:00,505.46,4147.01
12431.0,2011-07-26 10:16:00,118.8,4265.81
12431.0,2011-08-12 14:19:00,608.76,4874.57
12431.0,2011-10-06 09:31:00,588.96,5463.53
12431.0,2011-10-06 09:32:00,89.8,5553.33
12431.0,2011-10-10 14:49:00,332.68,5886.01
12431.0,2011-11-04 11:55:00,601.44,6487.45
12432.0,2011-06-20 13:27:00,2862.06,2862.06
12432.0,2011-06-20 13:29:00,454.6,3316.66
12432.0,2011-06-22 13:12:00,700.0,4016.66
12432.0,2011-10-28 11:40:00,978.06,4994.72
12432.0,2011-10-28 11:43:00,64.6,5059.32
12433.0,2010-12-01 13:24:00,1919.14,1919.14
12433.0,2010-12-08 16:49:00,1867.98,3787.12
12433.0,2011-09-09 13:44:00,2608.11,6395.23
12433.0,2011-10-27 13:43:00,1498.66,7893.89
12433.0,2011-11-30 14:05:00,2843.29,10737.18
12433.0,2011-12-09 08:48:00,2618.89,13356.07
12433.0,2011-12-09 10:02:00,19.8,13375.87
12434.0,2011-03-24 13:05:00,286.25,286.25
12434.0,2011-09-16 12:38:00,519.89,806.14
12435.0,2011-03-17 07:40:00,3978.99,3978.99
12435.0,2011-09-21 09:06:00,3850.9,7829.89
12436.0,2011-09-01 12:09:00,509.01,509.01
12437.0,2011-01-12 14:13:00,392.7,392.7
12437.0,2011-02-02 15:22:00,150.5,543.2
12437.0,2011-02-23 16:44:00,344.0,887.2
12437.0,2011-02-23 16:45:00,95.76,982.96
12437.0,2011-03-16 14:37:00,147.71,1130.67
12437.0,2011-04-28 11:45:00,209.1,1339.77
12437.0,2011-05-18 10:34:00,368.2,1707.97
12437.0,2011-05-25 10:08:00,267.12,1975.09
12437.0,2011-06-15 09:01:00,501.64,2476.73
12437.0,2011-09-02 13:14:00,269.58,2746.31
12437.0,2011-09-02 13:15:00,65.1,2811.41
12437.0,2011-09-22 16:58:00,222.6,3034.01
12437.0,2011-10-27 13:44:00,263.46,3297.47
12437.0,2011-11-03 09:43:00,736.55,4034.02
12437.0,2011-11-03 13:24:00,260.48,4294.5
12437.0,2011-11-18 15:14:00,198.6,4493.1
12437.0,2011-11-30 16:47:00,292.41,4785.51
12437.0,2011-12-08 11:35:00,165.9,4951.41
12438.0,2011-07-22 13:29:00,890.07,890.07
12438.0,2011-11-25 13:28:00,2016.78,2906.85
12441.0,2010-12-08 10:45:00,173.55,173.55
12442.0,2011-12-06 14:22:00,172.06,172.06
12444.0,2011-06-21 14:00:00,1870.2,1870.2
12444.0,2011-08-10 08:41:00,757.07,2627.27
12444.0,2011-09-15 09:43:00,562.54,3189.81
12444.0,2011-10-12 12:08:00,879.01,4068.82
12444.0,2011-11-18 13:23:00,936.64,5005.46
12445.0,2011-11-17 18:43:00,133.4,133.4
12446.0,2011-10-13 12:50:00,1002.31,1002.31
12447.0,2011-04-10 13:25:00,476.49,476.49
12448.0,2011-10-26 13:46:00,449.45,449.45
12449.0,2011-06-05 15:37:00,858.93,858.93
12449.0,2011-08-02 09:14:00,777.95,1636.88
12449.0,2011-09-09 09:13:00,1087.7,2724.58
12449.0,2011-11-17 13:46:00,1342.71,4067.29
12450.0,2011-06-19 14:36:00,101.88,101.88
12450.0,2011-07-06 14:41:00,96.0,197.88
12451.0,2011-01-19 09:05:00,2919.51,2919.51
12451.0,2011-05-05 17:34:00,2388.31,5307.82
12451.0,2011-10-05 12:52:00,2539.56,7847.38
12451.0,2011-11-18 09:58:00,925.64,8773.02
12451.0,2011-11-29 08:40:00,262.5,9035.52
12452.0,2011-11-23 08:05:00,350.57,350.57
12452.0,2011-11-23 10:28:00,80.0,430.57
12453.0,2011-07-28 14:08:00,707.09,707.09
12454.0,2011-10-14 17:13:00,3528.34,3528.34
12455.0,2011-02-16 09:56:00,1683.9,1683.9
12455.0,2011-02-17 17:05:00,15.0,1698.9
12455.0,2011-06-03 11:33:00,264.4,1963.3
12455.0,2011-07-06 13:18:00,134.5,2097.8
12455.0,2011-08-04 11:07:00,78.56,2176.36
12455.0,2011-09-27 15:31:00,290.5,2466.86
12456.0,2011-03-30 09:12:00,940.17,940.17
12456.0,2011-07-31 15:25:00,1325.23,2265.4
12456.0,2011-10-26 14:41:00,915.64,3181.04
12457.0,2011-04-14 18:57:00,669.25,669.25
12457.0,2011-04-15 13:48:00,219.0,888.25
12457.0,2011-04-20 10:10:00,179.0,1067.25
12457.0,2011-09-14 15:54:00,743.28,1810.53
12457.0,2011-09-15 14:25:00,160.0,1970.53
12457.0,2011-09-19 09:04:00,196.35,2166.88
12457.0,2011-10-04 13:13:00,196.35,2363.23
12458.0,2011-02-28 10:55:00,441.92,441.92
12458.0,2011-09-29 15:25:00,505.48,947.4
12461.0,2011-07-08 10:23:00,626.88,626.88
12461.0,2011-09-06 16:57:00,200.0,826.88
12462.0,2011-02-09 14:44:00,762.11,762.11
12462.0,2011-11-21 09:11:00,427.48,1189.59
12463.0,2011-04-12 12:47:00,350.57,350.57
12463.0,2011-05-17 10:02:00,297.38,647.95
12463.0,2011-06-17 14:28:00,337.84,985.79
12463.0,2011-10-17 13:44:00,358.99,1344.78
12464.0,2011-02-03 13:30:00,213.9,213.9
12464.0,2011-02-28 12:08:00,149.95,363.85
12464.0,2011-05-23 11:48:00,147.0,510.85
12464.0,2011-05-23 11:49:00,34.0,544.85
12464.0,2011-07-13 11:58:00,45.6,590.45
12464.0,2011-08-25 13:33:00,190.1,780.55
12464.0,2011-11-17 15:55:00,149.6,930.15
12464.0,2011-11-29 13:33:00,281.9,1212.05
12465.0,2011-06-23 13:37:00,440.94,440.94
12465.0,2011-11-22 16:34:00,301.25,742.19
12468.0,2011-01-27 13:29:00,220.59,220.59
12468.0,2011-06-05 11:36:00,508.95,729.54
12471.0,2010-12-10 09:35:00,1982.41,1982.41
12471.0,2010-12-10 09:48:00,378.0,2360.41
12471.0,2010-12-17 11:52:00,1484.25,3844.66
12471.0,2010-12-17 11:53:00,29.7,3874.36
12471.0,2011-01-13 13:21:00,753.45,4627.81
12471.0,2011-02-03 10:47:00,947.4,5575.21
12471.0,2011-02-23 15:53:00,388.3,5963.51
12471.0,2011-03-18 09:55:00,845.32,6808.83
12471.0,2011-03-18 09:57:00,33.0,6841.83
12471.0,2011-04-04 12:10:00,624.29,7466.12
12471.0,2011-04-04 12:11:00,50.0,7516.12
12471.0,2011-05-13 08:10:00,774.6,8290.72
12471.0,2011-05-13 08:11:00,106.6,8397.32
12471.0,2011-07-04 11:59:00,30.0,8427.32
12471.0,2011-07-07 12:38:00,739.64,9166.96
12471.0,2011-07-07 12:40:00,208.62,9375.58
12471.0,2011-08-22 10:39:00,1127.02,10502.6
12471.0,2011-08-24 12:39:00,83.58,10586.18
12471.0,2011-08-24 16:13:00,530.22,11116.4
12471.0,2011-09-16 10:39:00,440.5,11556.9
12471.0,2011-09-22 17:25:00,223.26,11780.16
12471.0,2011-10-05 12:24:00,240.0,12020.16
12471.0,2011-10-05 12:25:00,2145.38,14165.54
12471.0,2011-11-03 09:56:00,725.72,14891.26
12471.0,2011-11-17 09:49:00,1072.12,15963.38
12471.0,2011-11-24 08:50:00,332.96,16296.34
12471.0,2011-11-24 12:36:00,590.32,16886.66
12471.0,2011-11-29 13:00:00,604.86,17491.52
12471.0,2011-11-29 13:01:00,94.02,17585.54
12471.0,2011-12-07 15:43:00,2238.51,19824.05
12472.0,2010-12-05 14:19:00,1631.3,1631.3
12472.0,2011-01-26 12:27:00,825.36,2456.66
12472.0,2011-03-17 12:40:00,592.18,3048.84
12472.0,2011-06-13 14:13:00,1266.66,4315.5
12472.0,2011-07-24 11:55:00,612.1,4927.6
12472.0,2011-10-19 11:49:00,1376.43,6304.03
12472.0,2011-11-07 14:01:00,268.08,6572.11
12473.0,2011-06-01 10:15:00,672.19,672.19
12473.0,2011-08-17 12:04:00,514.06,1186.25
12473.0,2011-10-17 11:27:00,1697.98,2884.23
12473.0,2011-11-10 13:44:00,1013.86,3898.09
12473.0,2011-11-10 13:46:00,40.46,3938.55
12474.0,2011-01-14 10:06:00,47.5,47.5
12474.0,2011-01-14 14:45:00,201.9,249.4
12474.0,2011-01-26 13:38:00,350.4,599.8
12474.0,2011-02-25 11:53:00,287.58,887.38
12474.0,2011-03-18 14:20:00,806.47,1693.85
12474.0,2011-03-28 14:07:00,257.2,1951.05
12474.0,2011-05-17 15:48:00,760.28,2711.33
12474.0,2011-05-23 12:32:00,7.8,2719.13
12474.0,2011-06-21 10:46:00,427.76,3146.89
12474.0,2011-06-26 15:36:00,44.25,3191.14
12474.0,2011-07-12 10:25:00,191.6,3382.74
12474.0,2011-07-25 10:04:00,513.64,3896.38
12474.0,2011-09-02 10:53:00,465.68,4362.06
12474.0,2011-10-11 12:38:00,522.36,4884.42
12474.0,2011-10-17 10:42:00,572.23,5456.65
12474.0,2011-10-20 12:53:00,740.41,6197.06
12474.0,2011-11-15 15:42:00,762.56,6959.62
12474.0,2011-11-22 14:39:00,416.17,7375.79
12475.0,2011-10-17 10:10:00,723.38,723.38
12476.0,2010-12-13 14:39:00,12.45,12.45
12476.0,2011-01-31 11:46:00,549.58,562.03
12476.0,2011-02-14 10:24:00,160.2,722.23
12476.0,2011-04-19 10:48:00,1411.67,2133.9
12476.0,2011-05-05 17:13:00,311.2,2445.1
12476.0,2011-07-21 17:39:00,746.57,3191.67
12476.0,2011-09-16 10:56:00,533.6,3725.27
12476.0,2011-10-25 08:44:00,448.88,4174.15
12476.0,2011-10-25 08:45:00,648.28,4822.43
12476.0,2011-11-14 15:19:00,243.53,5065.96
12476.0,2011-11-24 12:40:00,1750.46,6816.42
12477.0,2011-02-11 12:45:00,2355.95,2355.95
12477.0,2011-04-14 13:59:00,2221.02,4576.97
12477.0,2011-08-31 09:11:00,4257.06,8834.03
12477.0,2011-10-07 09:16:00,1059.24,9893.27
12477.0,2011-10-14 13:54:00,1288.78,11182.05
12477.0,2011-11-17 09:51:00,2037.69,13219.74
12478.0,2011-12-06 09:56:00,680.99,680.99
12479.0,2011-11-28 13:26:00,527.2,527.2
12480.0,2011-01-07 15:27:00,816.25,816.25
12480.0,2011-03-17 13:23:00,771.02,1587.27
12480.0,2011-07-19 14:04:00,557.68,2144.95
12480.0,2011-11-11 14:52:00,1136.68,3281.63
12481.0,2010-12-09 10:13:00,159.38,159.38
12481.0,2010-12-20 15:15:00,631.96,791.34
12481.0,2011-01-07 10:32:00,603.09,1394.43
12481.0,2011-03-28 13:57:00,602.86,1997.29
12481.0,2011-03-28 13:59:00,229.48,2226.77
12481.0,2011-05-19 08:26:00,738.96,2965.73
12481.0,2011-05-19 08:27:00,134.82,3100.55
12481.0,2011-06-13 10:52:00,1001.21,4101.76
12481.0,2011-10-05 09:46:00,1307.76,5409.52
12481.0,2011-11-17 08:29:00,186.8,5596.32
12483.0,2011-01-04 14:20:00,547.56,547.56
12483.0,2011-04-27 13:13:00,323.0,870.56
12483.0,2011-05-11 09:42:00,8.5,879.06
12483.0,2011-05-18 12:50:00,115.6,994.66
12483.0,2011-06-09 12:20:00,319.95,1314.61
12483.0,2011-09-02 11:42:00,309.45,1624.06
12483.0,2011-10-30 11:34:00,454.2,2078.26
12483.0,2011-11-22 17:02:00,406.72,2484.98
12484.0,2011-01-07 14:04:00,1138.67,1138.67
12484.0,2011-06-16 11:30:00,1137.99,2276.66
12484.0,2011-08-28 13:32:00,1246.49,3523.15
12484.0,2011-08-31 09:44:00,140.0,3663.15
12484.0,2011-11-04 15:18:00,738.57,4401.72
12484.0,2011-11-07 11:37:00,140.0,4541.72
12488.0,2011-09-25 10:34:00,553.39,553.39
12488.0,2011-10-31 10:42:00,214.06,767.45
12488.0,2011-11-30 08:50:00,531.21,1298.66
12489.0,2011-01-07 13:13:00,334.93,334.93
12490.0,2011-01-14 09:13:00,864.22,864.22
12490.0,2011-05-09 09:47:00,331.5,1195.72
12490.0,2011-06-20 14:58:00,484.06,1679.78
12490.0,2011-07-24 11:25:00,412.93,2092.71
12490.0,2011-08-31 12:33:00,424.06,2516.77
12490.0,2011-09-07 13:22:00,1035.82,3552.59
12490.0,2011-11-02 14:51:00,633.44,4186.03
12490.0,2011-11-14 13:02:00,411.72,4597.75
12490.0,2011-11-22 11:19:00,357.88,4955.63
12490.0,2011-12-04 16:07:00,462.3,5417.93
12491.0,2011-11-01 12:18:00,460.4,460.4
12492.0,2011-08-26 14:51:00,126.39,126.39
12492.0,2011-10-07 15:15:00,136.82,263.21
12493.0,2011-05-26 14:53:00,232.5,232.5
12493.0,2011-06-27 10:17:00,201.24,433.74
12494.0,2010-12-09 11:31:00,57.6,57.6
12494.0,2010-12-16 11:24:00,4.95,62.55
12494.0,2011-02-17 10:08:00,250.0,312.55
12494.0,2011-05-27 13:49:00,403.09,715.64
12494.0,2011-07-01 12:17:00,153.22,868.86
12494.0,2011-10-30 15:44:00,214.74,1083.6
12494.0,2011-11-24 09:34:00,162.5,1246.1
12497.0,2011-09-19 12:29:00,1043.1,1043.1
12498.0,2011-10-13 09:30:00,247.25,247.25
12498.0,2011-11-18 12:52:00,126.0,373.25
12498.0,2011-11-18 12:53:00,30.45,403.7
12500.0,2011-01-10 09:48:00,344.94,344.94
12500.0,2011-02-17 12:23:00,373.98,718.92
12500.0,2011-03-03 15:30:00,249.84,968.76
12500.0,2011-03-18 09:55:00,241.44,1210.2
12500.0,2011-06-24 10:16:00,185.64,1395.84
12500.0,2011-08-25 12:50:00,378.0,1773.84
12500.0,2011-10-06 09:37:00,150.25,1924.09
12500.0,2011-10-19 09:43:00,617.04,2541.13
12500.0,2011-10-19 10:33:00,3.0,2544.13
12500.0,2011-10-21 10:13:00,1096.65,3640.78
12500.0,2011-11-16 16:20:00,617.04,4257.82
12501.0,2011-01-07 12:28:00,2169.39,2169.39
12502.0,2011-02-03 10:41:00,617.25,617.25
12502.0,2011-03-16 13:29:00,702.8,1320.05
12502.0,2011-05-06 08:19:00,522.6,1842.65
12502.0,2011-08-04 09:55:00,788.87,2631.52
12502.0,2011-09-05 11:52:00,1092.35,3723.87
12504.0,2011-11-09 14:56:00,449.4,449.4
12504.0,2011-11-21 16:02:00,32.65,482.05
12506.0,2011-04-21 08:54:00,73.5,73.5
12507.0,2011-02-14 09:24:00,446.16,446.16
12507.0,2011-07-07 10:20:00,46.75,492.91
12507.0,2011-07-28 17:09:00,811.9,1304.81
12508.0,2011-11-10 16:27:00,275.19,275.19
12508.0,2011-11-13 15:37:00,123.08,398.27
12509.0,2011-02-28 14:45:00,176.5,176.5
12510.0,2011-01-18 14:04:00,681.05,681.05
12510.0,2011-07-20 10:15:00,301.52,982.57
12512.0,2011-10-04 14:53:00,122.33,122.33
12512.0,2011-10-04 14:55:00,15.7,138.03
12513.0,2011-08-19 10:51:00,612.29,612.29
12514.0,2011-03-17 16:38:00,1017.68,1017.68
12515.0,2010-12-21 15:43:00,383.7,383.7
12516.0,2011-06-12 11:37:00,583.2,583.2
12516.0,2011-09-23 09:13:00,728.86,1312.06
12517.0,2011-06-02 15:13:00,766.95,766.95
12517.0,2011-08-05 15:02:00,771.75,1538.7
12517.0,2011-09-27 11:50:00,417.2,1955.9
12517.0,2011-11-11 13:57:00,492.94,2448.84
12517.0,2011-11-11 14:04:00,54.0,2502.84
12518.0,2011-08-21 13:18:00,324.83,324.83
12518.0,2011-09-23 15:45:00,524.9,849.73
12518.0,2011-10-12 10:36:00,381.06,1230.79
12518.0,2011-11-11 11:18:00,486.96,1717.75
12518.0,2011-12-09 10:13:00,339.14,2056.89
12519.0,2011-10-07 09:26:00,340.84,340.84
12520.0,2011-03-11 11:35:00,987.42,987.42
12520.0,2011-03-25 08:50:00,246.54,1233.96
12520.0,2011-05-19 09:37:00,463.6,1697.56
12520.0,2011-07-20 14:38:00,348.29,2045.85
12520.0,2011-09-21 15:23:00,588.41,2634.26
12521.0,2011-07-20 10:51:00,599.68,599.68
12522.0,2011-10-19 14:41:00,89.4,89.4
12522.0,2011-10-31 15:30:00,103.32,192.72
12523.0,2011-01-12 09:43:00,102.95,102.95
12523.0,2011-02-21 14:58:00,143.4,246.35
12523.0,2011-03-16 15:17:00,115.09,361.44
12523.0,2011-04-01 09:19:00,138.75,500.19
12523.0,2011-07-27 13:14:00,204.75,704.94
12523.0,2011-08-21 10:44:00,128.55,833.49
12523.0,2011-08-24 10:13:00,184.26,1017.75
12523.0,2011-09-21 14:43:00,124.38,1142.13
12523.0,2011-10-06 17:28:00,157.0,1299.13
12523.0,2011-10-27 09:18:00,228.22,1527.35
12523.0,2011-11-20 12:55:00,262.42,1789.77
12524.0,2011-01-10 10:35:00,337.39,337.39
12524.0,2011-02-21 10:53:00,525.34,862.73
12524.0,2011-03-03 14:04:00,475.44,1338.17
12524.0,2011-05-01 13:18:00,1094.33,2432.5
12524.0,2011-05-19 12:24:00,400.88,2833.38
12524.0,2011-06-30 15:30:00,289.1,3122.48
12524.0,2011-10-07 11:19:00,1055.44,4177.92
12524.0,2011-11-30 15:31:00,307.8,4485.72
12526.0,2011-09-06 14:19:00,520.3,520.3
12526.0,2011-10-17 09:37:00,519.28,1039.58
12526.0,2011-12-09 12:09:00,277.08,1316.66
12527.0,2011-01-18 12:05:00,132.52,132.52
12527.0,2011-02-18 09:41:00,152.4,284.92
12527.0,2011-09-19 11:55:00,63.79,348.71
12528.0,2011-01-31 09:05:00,493.53,493.53
12528.0,2011-03-08 11:46:00,278.13,771.66
12528.0,2011-07-13 12:24:00,281.71,1053.37
12528.0,2011-08-17 12:30:00,234.0,1287.37
12528.0,2011-10-07 11:57:00,274.51,1561.88
12528.0,2011-11-30 14:40:00,371.6,1933.48
12530.0,2011-01-07 10:04:00,387.4,387.4
12530.0,2011-04-20 09:31:00,417.6,805.0
12530.0,2011-08-08 10:59:00,416.65,1221.65
12530.0,2011-10-11 12:34:00,440.63,1662.28
12531.0,2011-11-25 11:12:00,125.22,125.22
12532.0,2011-11-09 13:47:00,349.83,349.83
12534.0,2011-08-01 10:26:00,1089.18,1089.18
12535.0,2011-06-06 12:47:00,371.45,371.45
12535.0,2011-09-09 08:48:00,344.9,716.35
12536.0,2011-10-11 14:52:00,4279.71,4279.71
12536.0,2011-10-27 14:13:00,4161.06,8440.77
12536.0,2011-10-27 14:20:00,4161.06,12601.83
12538.0,2011-11-10 17:16:00,363.95,363.95
12539.0,2011-01-10 09:11:00,1715.85,1715.85
12539.0,2011-01-27 11:05:00,1715.85,3431.7
12539.0,2011-03-22 16:00:00,1085.99,4517.69
12539.0,2011-11-17 13:30:00,1050.66,5568.35
12540.0,2010-12-13 09:39:00,881.01,881.01
12540.0,2011-01-11 12:25:00,1147.18,2028.19
12540.0,2011-02-01 15:11:00,288.98,2317.17
12540.0,2011-03-24 17:10:00,1140.76,3457.93
12540.0,2011-05-04 16:29:00,1380.11,4838.04
12540.0,2011-05-31 13:32:00,1306.49,6144.53
12540.0,2011-06-06 16:23:00,357.99,6502.52
12540.0,2011-07-07 10:03:00,416.62,6919.14
12540.0,2011-07-25 10:01:00,1358.39,8277.53
12540.0,2011-08-24 08:09:00,509.34,8786.87
12540.0,2011-09-08 13:38:00,459.99,9246.86
12540.0,2011-09-19 15:02:00,971.65,10218.51
12540.0,2011-09-23 11:35:00,277.48,10495.99
12540.0,2011-10-07 08:12:00,422.8,10918.79
12540.0,2011-10-18 12:59:00,1019.47,11938.26
12540.0,2011-11-08 15:38:00,573.71,12511.97
12540.0,2011-11-20 11:31:00,888.27,13400.24
12541.0,2011-03-04 09:32:00,312.4,312.4
12541.0,2011-06-19 15:59:00,223.74,536.14
12541.0,2011-11-10 10:40:00,445.04,981.18
12544.0,2011-11-03 16:15:00,372.7,372.7
12545.0,2011-03-25 12:04:00,628.15,628.15
12545.0,2011-09-25 13:39:00,372.24,1000.39
12546.0,2011-09-23 09:44:00,760.2,760.2
12546.0,2011-10-24 12:09:00,401.3,1161.5
12547.0,2011-03-04 12:46:00,159.4,159.4
12547.0,2011-05-26 12:38:00,48.4,207.8
12548.0,2011-06-26 15:35:00,95.2,95.2
12550.0,2011-09-21 14:35:00,964.83,964.83
12551.0,2010-12-17 11:23:00,168.0,168.0
12552.0,2011-10-31 12:11:00,317.82,317.82
12552.0,2011-11-01 10:02:00,120.0,437.82
12553.0,2011-01-14 10:42:00,700.31,700.31
12553.0,2011-02-18 15:23:00,6.3,706.61
12553.0,2011-03-04 09:08:00,317.25,1023.86
12553.0,2011-03-25 10:19:00,357.91,1381.77
12553.0,2011-05-19 12:29:00,352.85,1734.62
12553.0,2011-07-08 12:00:00,284.75,2019.37
12553.0,2011-08-21 14:42:00,400.22,2419.59
12553.0,2011-10-12 14:18:00,477.55,2897.14
12553.0,2011-11-14 13:40:00,518.12,3415.26
12553.0,2011-12-01 16:38:00,277.02,3692.28
12556.0,2011-07-11 13:35:00,312.9,312.9
12556.0,2011-10-20 13:06:00,290.81,603.71
12557.0,2010-12-03 12:20:00,620.0,620.0
12557.0,2011-01-11 11:39:00,3417.12,4037.12
12557.0,2011-03-28 16:41:00,817.5,4854.62
12557.0,2011-07-04 13:19:00,4146.34,9000.96
12557.0,2011-11-23 16:59:00,2990.0,11990.96
12558.0,2011-12-02 10:41:00,269.96,269.96
12559.0,2011-01-24 10:12:00,486.11,486.11
12559.0,2011-02-02 09:49:00,75.6,561.71
12560.0,2011-07-19 15:55:00,1292.31,1292.31
12560.0,2011-08-19 15:22:00,144.0,1436.31
12560.0,2011-12-04 13:54:00,697.7,2134.01
12561.0,2011-02-10 11:39:00,238.85,238.85
12562.0,2011-05-25 12:44:00,444.96,444.96
12562.0,2011-06-16 15:22:00,510.27,955.23
12562.0,2011-08-05 08:40:00,650.0,1605.23
12562.0,2011-09-19 09:15:00,388.64,1993.87
12562.0,2011-10-14 14:55:00,513.6,2507.47
12562.0,2011-11-17 11:34:00,619.9,3127.37
12562.0,2011-12-01 17:20:00,654.37,3781.74
12564.0,2011-03-23 14:55:00,456.9,456.9
12565.0,2011-02-24 10:34:00,145.92,145.92
12566.0,2011-09-14 14:30:00,351.65,351.65
12567.0,2010-12-05 11:57:00,1526.92,1526.92
12567.0,2010-12-07 10:36:00,415.46,1942.38
12567.0,2011-02-04 11:45:00,1236.73,3179.11
12567.0,2011-05-22 13:01:00,705.21,3884.32
12567.0,2011-06-08 08:49:00,286.34,4170.66
12567.0,2011-06-08 09:16:00,286.34,4457.0
12567.0,2011-06-13 09:55:00,1650.1,6107.1
12567.0,2011-08-23 14:23:00,851.06,6958.16
12567.0,2011-09-04 14:22:00,891.82,7849.98
12567.0,2011-11-17 11:02:00,1551.3,9401.28
12569.0,2011-04-01 13:47:00,348.68,348.68
12569.0,2011-04-14 09:56:00,279.18,627.86
12569.0,2011-04-14 16:23:00,168.54,796.4
12569.0,2011-05-04 11:57:00,238.74,1035.14
12569.0,2011-05-05 09:23:00,129.18,1164.32
12569.0,2011-06-09 09:36:00,142.14,1306.46
12569.0,2011-06-30 17:34:00,95.28,1401.74
12569.0,2011-07-19 12:37:00,60.65,1462.39
12569.0,2011-07-19 12:38:00,105.6,1567.99
12569.0,2011-08-09 10:05:00,102.98,1670.97
12569.0,2011-08-16 10:02:00,115.3,1786.27
12569.0,2011-08-24 13:55:00,96.75,1883.02
12569.0,2011-09-04 12:23:00,91.86,1974.88
12569.0,2011-09-06 14:53:00,106.8,2081.68
12569.0,2011-09-08 15:22:00,86.0,2167.68
12569.0,2011-10-06 14:54:00,320.4,2488.08
12569.0,2011-10-06 16:41:00,77.4,2565.48
12569.0,2011-10-12 11:49:00,103.5,2668.98
12569.0,2011-10-20 12:52:00,85.68,2754.66
12569.0,2011-10-26 14:39:00,119.74,2874.4
12569.0,2011-11-03 13:44:00,92.25,2966.65
12569.0,2011-11-15 10:13:00,130.85,3097.5
12569.0,2011-11-16 13:56:00,60.12,3157.62
12569.0,2011-11-16 13:59:00,67.75,3225.37
12569.0,2011-11-23 14:39:00,204.3,3429.67
12569.0,2011-12-01 08:35:00,208.19,3637.86
12569.0,2011-12-02 10:24:00,67.0,3704.86
12569.0,2011-12-04 15:47:00,92.55,3797.41
12569.0,2011-12-05 09:41:00,69.0,3866.41
12569.0,2011-12-07 16:24:00,258.28,4124.69
12571.0,2011-08-10 12:35:00,248.35,248.35
12571.0,2011-10-31 10:19:00,271.26,519.61
12572.0,2011-10-19 08:20:00,532.74,532.74
12572.0,2011-12-01 09:20:00,487.68,1020.42
12573.0,2011-04-26 15:52:00,160.54,160.54
12574.0,2011-01-28 09:20:00,218.45,218.45
12576.0,2011-02-08 11:31:00,266.85,266.85
12576.0,2011-05-05 15:08:00,154.8,421.65
12576.0,2011-07-13 10:02:00,239.2,660.85
12576.0,2011-09-05 10:06:00,275.7,936.55
12576.0,2011-11-04 10:11:00,379.28,1315.83
12577.0,2010-12-15 16:21:00,195.89,195.89
12577.0,2011-11-04 13:15:00,327.89,523.78
12577.0,2011-11-04 13:24:00,134.02,657.8
12578.0,2011-01-13 15:34:00,1608.66,1608.66
12578.0,2011-11-18 13:30:00,1185.85,2794.51
12579.0,2011-09-22 17:15:00,440.42,440.42
12580.0,2011-04-07 10:24:00,415.7,415.7
12581.0,2011-10-31 08:56:00,197.71,197.71
12582.0,2011-02-24 11:42:00,205.16,205.16
12582.0,2011-04-15 08:45:00,306.2,511.36
12583.0,2010-12-01 08:45:00,855.86,855.86
12583.0,2011-01-07 12:07:00,730.16,1586.02
12583.0,2011-02-10 15:38:00,321.56,1907.58
12583.0,2011-03-11 12:00:00,712.85,2620.43
12583.0,2011-05-23 09:48:00,421.96,3042.39
12583.0,2011-06-12 10:47:00,360.18,3402.57
12583.0,2011-06-21 14:30:00,257.3,3659.87
12583.0,2011-07-08 12:22:00,329.24,3989.11
12583.0,2011-08-25 12:26:00,243.1,4232.21
12583.0,2011-09-21 10:40:00,540.8,4773.01
12583.0,2011-09-30 12:58:00,327.23,5100.24
12583.0,2011-10-12 14:46:00,314.2,5414.44
12583.0,2011-11-08 12:45:00,774.45,6188.89
12583.0,2011-11-21 11:16:00,397.72,6586.61
12583.0,2011-12-07 08:07:00,694.77,7281.38
12584.0,2011-03-04 15:15:00,463.63,463.63
12584.0,2011-06-07 13:00:00,159.11,622.74
12584.0,2011-07-26 12:04:00,147.1,769.84
12584.0,2011-08-04 17:07:00,12.75,782.59
12584.0,2011-09-20 13:21:00,279.8,1062.39
12584.0,2011-10-13 10:57:00,318.06,1380.45
12584.0,2011-10-30 13:13:00,343.0,1723.45
12584.0,2011-11-22 08:34:00,414.25,2137.7
12584.0,2011-12-06 09:35:00,200.45,2338.15
12585.0,2010-12-23 12:58:00,1262.85,1262.85
12585.0,2011-04-19 13:39:00,777.25,2040.1
12586.0,2011-11-22 16:24:00,196.94,196.94
12587.0,2011-12-02 12:47:00,144.0,144.0
12588.0,2011-10-31 15:01:00,214.9,214.9
12589.0,2011-07-18 12:05:00,131.5,131.5
12589.0,2011-11-11 10:19:00,515.18,646.68
12590.0,2011-05-12 14:46:00,9341.26,9341.26
12590.0,2011-05-12 14:52:00,523.0,9864.26
12591.0,2011-01-26 14:35:00,452.85,452.85
12592.0,2011-05-10 13:44:00,231.8,231.8
12592.0,2011-09-08 15:04:00,205.8,437.6
12593.0,2011-05-05 09:29:00,236.0,236.0
12593.0,2011-08-02 09:55:00,85.8,321.8
12593.0,2011-08-23 12:43:00,96.3,418.1
12594.0,2011-01-21 09:52:00,341.0,341.0
12594.0,2011-02-18 12:28:00,256.0,597.0
12594.0,2011-03-28 12:35:00,297.5,894.5
12594.0,2011-03-28 14:01:00,28.0,922.5
12594.0,2011-04-19 12:08:00,255.04,1177.54
12594.0,2011-05-31 14:14:00,587.45,1764.99
12594.0,2011-06-09 10:05:00,42.96,1807.95
12594.0,2011-08-10 14:26:00,721.95,2529.9
12594.0,2011-10-24 12:44:00,722.4,3252.3
12594.0,2011-11-02 12:20:00,85.92,3338.22
12596.0,2011-04-11 13:22:00,269.95,269.95
12596.0,2011-10-19 13:02:00,348.32,618.27
12597.0,2011-03-16 14:00:00,516.15,516.15
12597.0,2011-06-09 16:04:00,912.66,1428.81
12597.0,2011-10-30 13:06:00,2176.45,3605.26
12597.0,2011-11-20 13:33:00,205.96,3811.22
12598.0,2011-02-28 11:58:00,720.86,720.86
12598.0,2011-05-03 08:40:00,528.88,1249.74
12598.0,2011-05-03 10:09:00,36.0,1285.74
12598.0,2011-07-01 11:43:00,298.64,1584.38
12598.0,2011-09-29 16:52:00,361.76,1946.14
12598.0,2011-11-11 12:07:00,336.8,2282.94
12598.0,2011-11-20 12:34:00,576.29,2859.23
12598.0,2011-11-30 12:18:00,163.85,3023.08
12599.0,2011-02-08 13:28:00,201.86,201.86
12599.0,2011-02-27 11:58:00,110.6,312.46
12599.0,2011-05-15 13:45:00,151.4,463.86
12599.0,2011-06-28 13:11:00,134.28,598.14
12599.0,2011-07-11 15:22:00,78.6,676.74
12599.0,2011-08-05 12:38:00,180.3,857.04
12599.0,2011-11-10 13:34:00,175.54,1032.58
12600.0,2010-12-03 12:57:00,76.5,76.5
12600.0,2010-12-17 09:24:00,198.3,274.8
12600.0,2011-02-03 09:58:00,427.94,702.74
12600.0,2011-03-20 15:41:00,124.08,826.82
12600.0,2011-04-28 16:20:00,286.88,1113.7
12600.0,2011-05-19 15:36:00,202.26,1315.96
12600.0,2011-07-17 10:53:00,345.23,1661.19
12600.0,2011-08-19 11:23:00,275.37,1936.56
12600.0,2011-09-16 14:20:00,282.9,2219.46
12600.0,2011-11-11 10:29:00,379.58,2599.04
12601.0,2011-01-11 10:38:00,144.26,144.26
12601.0,2011-02-10 09:43:00,113.1,257.36
12601.0,2011-03-31 10:38:00,111.0,368.36
12601.0,2011-05-19 15:41:00,140.6,508.96
12601.0,2011-06-03 10:17:00,68.1,577.06
12602.0,2011-10-12 11:22:00,153.12,153.12
12603.0,2011-11-18 10:42:00,739.2,739.2
12604.0,2011-03-23 12:06:00,178.5,178.5
12604.0,2011-09-21 14:08:00,75.68,254.18
12607.0,2011-10-10 16:06:00,1579.51,1579.51
12609.0,2011-01-25 15:13:00,287.93,287.93
12609.0,2011-06-06 15:31:00,512.8,800.73
12609.0,2011-09-22 16:34:00,326.12,1126.85
12610.0,2011-08-05 13:52:00,946.75,946.75
12610.0,2011-08-25 12:57:00,309.5,1256.25
12610.0,2011-10-25 14:23:00,435.09,1691.34
12610.0,2011-10-27 10:18:00,160.0,1851.34
12610.0,2011-11-17 09:34:00,248.2,2099.54
12611.0,2011-10-18 13:12:00,1193.32,1193.32
12612.0,2011-09-26 15:35:00,704.04,704.04
12613.0,2011-03-22 15:42:00,803.66,803.66
12613.0,2011-03-22 15:46:00,18.0,821.66
12613.0,2011-05-26 09:17:00,501.83,1323.49
12613.0,2011-05-26 09:18:00,139.03,1462.52
12613.0,2011-10-13 14:59:00,1881.86,3344.38
12614.0,2011-03-07 10:22:00,315.6,315.6
12615.0,2011-06-24 13:35:00,634.74,634.74
12615.0,2011-09-29 10:23:00,576.65,1211.39
12615.0,2011-11-03 10:45:00,656.95,1868.34
12615.0,2011-12-07 15:02:00,422.85,2291.19
12616.0,2011-02-15 14:17:00,255.6,255.6
12616.0,2011-09-05 15:17:00,457.7,713.3
12617.0,2011-11-10 14:39:00,355.53,355.53
12618.0,2011-11-18 11:10:00,177.31,177.31
12619.0,2011-03-31 13:10:00,205.98,205.98
12619.0,2011-04-19 14:02:00,425.68,631.66
12619.0,2011-07-04 15:54:00,389.68,1021.34
12619.0,2011-07-14 12:12:00,688.0,1709.34
12619.0,2011-08-15 13:22:00,378.12,2087.46
12619.0,2011-09-13 14:23:00,199.8,2287.26
12619.0,2011-09-23 09:00:00,473.12,2760.38
12619.0,2011-11-06 11:30:00,482.16,3242.54
12619.0,2011-11-23 14:52:00,398.7,3641.24
12620.0,2011-05-19 12:10:00,561.66,561.66
12620.0,2011-09-20 10:06:00,377.66,939.32
12620.0,2011-11-25 10:20:00,400.09,1339.41
12621.0,2010-12-09 10:16:00,464.61,464.61
12621.0,2010-12-17 12:38:00,919.04,1383.65
12621.0,2011-02-14 12:11:00,642.29,2025.94
12621.0,2011-02-21 13:40:00,892.95,2918.89
12621.0,2011-03-25 14:50:00,960.0,3878.89
12621.0,2011-04-27 12:02:00,1209.8,5088.69
12621.0,2011-05-09 11:34:00,667.11,5755.8
12621.0,2011-05-12 09:40:00,918.4,6674.2
12621.0,2011-05-12 09:41:00,186.52,6860.72
12621.0,2011-05-23 15:38:00,495.1,7355.82
12621.0,2011-06-16 14:45:00,633.55,7989.37
12621.0,2011-06-16 14:46:00,49.8,8039.17
12621.0,2011-07-15 14:34:00,561.06,8600.23
12621.0,2011-08-23 11:47:00,415.17,9015.4
12621.0,2011-08-31 15:30:00,1179.64,10195.04
12621.0,2011-09-19 13:28:00,402.7,10597.74
12621.0,2011-09-19 14:56:00,662.9,11260.64
12621.0,2011-10-18 12:48:00,630.55,11891.19
12621.0,2011-11-16 08:37:00,610.28,12501.47
12621.0,2011-12-08 11:25:00,1188.2,13689.67
12622.0,2011-04-21 16:39:00,180.1,180.1
12623.0,2011-03-08 13:50:00,305.1,305.1
12624.0,2011-06-15 12:34:00,299.94,299.94
12624.0,2011-08-25 15:04:00,341.19,641.13
12625.0,2011-01-24 13:27:00,1716.62,1716.62
12625.0,2011-05-12 09:54:00,967.2,2683.82
12626.0,2011-01-17 11:01:00,1096.0,1096.0
12626.0,2011-01-27 13:42:00,178.1,1274.1
12626.0,2011-06-30 17:59:00,814.74,2088.84
12626.0,2011-07-21 15:14:00,1159.06,3247.9
12626.0,2011-08-04 14:20:00,1062.84,4310.74
12626.0,2011-08-19 11:46:00,463.26,4774.0
12626.0,2011-10-06 13:30:00,1377.55,6151.55
12626.0,2011-10-27 15:05:00,216.96,6368.51
12626.0,2011-11-16 16:06:00,251.97,6620.48
12627.0,2011-07-22 13:59:00,768.02,768.02
12627.0,2011-08-02 09:29:00,438.16,1206.18
12627.0,2011-08-22 15:55:00,630.39,1836.57
12627.0,2011-08-23 08:51:00,72.0,1908.57
12627.0,2011-09-04 14:09:00,819.26,2727.83
12627.0,2011-10-06 15:51:00,1183.72,3911.55
12627.0,2011-11-29 12:07:00,566.98,4478.53
12628.0,2011-10-06 09:28:00,333.64,333.64
12628.0,2011-11-06 14:26:00,237.57,571.21
12628.0,2011-12-05 13:15:00,215.25,786.46
12630.0,2011-10-27 10:41:00,701.79,701.79
12630.0,2011-11-30 10:48:00,569.09,1270.88
12631.0,2011-10-13 13:53:00,640.5,640.5
12633.0,2011-02-25 08:44:00,1012.82,1012.82
12633.0,2011-05-27 10:29:00,716.73,1729.55
12633.0,2011-08-02 09:35:00,219.2,1948.75
12633.0,2011-10-12 11:40:00,215.23,2163.98
12635.0,2011-07-08 08:43:00,683.64,683.64
12635.0,2011-09-11 11:04:00,1005.54,1689.18
12637.0,2011-01-20 10:47:00,581.55,581.55
12637.0,2011-01-20 10:48:00,935.13,1516.68
12637.0,2011-03-21 12:42:00,201.24,1717.92
12637.0,2011-03-21 12:44:00,4.63,1722.55
12637.0,2011-04-14 14:15:00,669.2,2391.75
12637.0,2011-07-05 15:14:00,662.35,3054.1
12637.0,2011-09-07 15:07:00,1304.7,4358.8
12637.0,2011-09-09 11:48:00,1304.7,5663.5
12637.0,2011-10-03 13:46:00,358.4,6021.9
12638.0,2011-11-06 13:11:00,671.69,671.69
12639.0,2011-04-15 12:48:00,486.1,486.1
12640.0,2011-09-19 12:01:00,764.59,764.59
12640.0,2011-11-15 08:43:00,332.23,1096.82
12640.0,2011-11-16 11:52:00,77.76,1174.58
12641.0,2011-08-16 13:26:00,185.9,185.9
12642.0,2011-08-24 09:23:00,366.45,366.45
12642.0,2011-10-20 12:31:00,291.96,658.41
12642.0,2011-11-14 15:03:00,354.85,1013.26
12643.0,2011-01-11 11:48:00,871.2,871.2
12643.0,2011-05-03 12:02:00,202.48,1073.68
12643.0,2011-05-03 12:03:00,338.24,1411.92
12643.0,2011-06-10 10:38:00,480.0,1891.92
12643.0,2011-06-20 14:17:00,250.5,2142.42
12643.0,2011-08-03 12:56:00,1202.22,3344.64
12644.0,2011-08-02 10:33:00,477.91,477.91
12645.0,2011-01-27 13:08:00,369.3,369.3
12645.0,2011-05-04 12:11:00,429.6,798.9
12645.0,2011-08-22 12:40:00,511.96,1310.86
12645.0,2011-11-06 12:38:00,464.32,1775.18
12646.0,2011-10-21 12:52:00,731.69,731.69
12646.0,2011-12-05 10:14:00,615.28,1346.97
12647.0,2010-12-05 14:02:00,286.5,286.5
12647.0,2010-12-05 14:03:00,85.5,372.0
12647.0,2010-12-07 12:28:00,596.8,968.8
12647.0,2010-12-17 12:21:00,224.8,1193.6
12647.0,2011-03-18 10:09:00,464.7,1658.3
12647.0,2011-04-08 12:30:00,350.76,2009.06
12647.0,2011-05-24 10:19:00,293.25,2302.31
12647.0,2011-07-07 13:54:00,276.6,2578.91
12647.0,2011-08-05 13:49:00,307.8,2886.71
12647.0,2011-09-11 13:32:00,356.11,3242.82
12647.0,2011-09-22 17:14:00,158.85,3401.67
12647.0,2011-11-17 12:56:00,321.15,3722.82
12648.0,2011-07-08 11:55:00,318.05,318.05
12649.0,2011-05-11 14:37:00,375.0,375.0
12649.0,2011-08-24 14:40:00,233.21,608.21
12649.0,2011-08-24 14:41:00,15.3,623.51
12650.0,2011-12-06 16:34:00,314.44,314.44
12651.0,2011-01-09 12:46:00,114.0,114.0
12652.0,2011-01-12 15:00:00,919.98,919.98
12653.0,2011-02-16 10:53:00,779.1,779.1
12653.0,2011-07-14 10:41:00,1430.75,2209.85
12654.0,2011-02-17 13:16:00,166.6,166.6
12654.0,2011-05-26 10:41:00,123.05,289.65
12654.0,2011-05-26 10:43:00,48.1,337.75
12654.0,2011-11-02 14:57:00,171.23,508.98
12654.0,2011-11-29 10:10:00,93.0,601.98
12656.0,2011-04-20 09:20:00,541.2,541.2
12656.0,2011-05-20 11:34:00,1118.4,1659.6
12656.0,2011-08-15 12:53:00,1161.07,2820.67
12656.0,2011-09-28 11:38:00,644.75,3465.42
12656.0,2011-11-22 13:42:00,585.75,4051.17
12657.0,2011-09-22 11:40:00,618.44,618.44
12657.0,2011-10-28 18:07:00,42.5,660.94
12657.0,2011-11-28 15:35:00,491.12,1152.06
12657.0,2011-11-28 15:47:00,491.12,1643.18
12658.0,2011-11-21 10:22:00,686.05,686.05
12659.0,2011-11-10 11:53:00,91.68,91.68
12660.0,2011-11-28 13:26:00,245.1,245.1
12662.0,2010-12-01 13:04:00,261.48,261.48
12662.0,2011-02-03 13:58:00,336.7,598.18
12662.0,2011-03-08 12:52:00,301.4,899.58
12662.0,2011-04-14 17:25:00,444.82,1344.4
12662.0,2011-06-05 13:45:00,493.68,1838.08
12662.0,2011-07-19 13:45:00,431.66,2269.74
12662.0,2011-08-24 13:42:00,383.92,2653.66
12662.0,2011-10-18 09:24:00,521.62,3175.28
12662.0,2011-11-16 17:25:00,328.65,3503.93
12662.0,2011-11-16 17:26:00,120.9,3624.83
12662.0,2011-12-09 11:59:00,224.95,3849.78
12664.0,2011-01-21 11:42:00,661.58,661.58
12664.0,2011-04-21 14:33:00,642.0,1303.58
12664.0,2011-07-19 12:43:00,653.9,1957.48
12664.0,2011-09-13 15:35:00,319.6,2277.08
12664.0,2011-10-04 14:41:00,310.0,2587.08
12664.0,2011-10-12 11:43:00,334.8,2921.88
12664.0,2011-11-04 09:24:00,760.0,3681.88
12664.0,2011-11-23 15:02:00,310.0,3991.88
12664.0,2011-12-01 17:07:00,890.0,4881.88
12665.0,2011-01-19 08:34:00,63.0,63.0
12667.0,2011-10-12 17:00:00,620.13,620.13
12668.0,2010-12-19 12:46:00,469.87,469.87
12668.0,2011-01-31 13:27:00,1009.8,1479.67
12668.0,2011-03-25 14:53:00,1444.8,2924.47
12668.0,2011-11-28 10:56:00,882.68,3807.15
12669.0,2011-03-28 10:15:00,1136.3,1136.3
12669.0,2011-04-05 09:45:00,1136.3,2272.6
12669.0,2011-07-12 09:54:00,471.43,2744.03
12670.0,2011-04-21 10:16:00,633.05,633.05
12670.0,2011-05-24 09:25:00,393.34,1026.39
12670.0,2011-09-02 09:51:00,608.08,1634.47
12670.0,2011-11-10 15:03:00,665.46,2299.93
12670.0,2011-11-29 15:23:00,696.12,2996.05
12672.0,2011-01-14 09:20:00,225.9,225.9
12673.0,2011-01-17 11:46:00,220.9,220.9
12673.0,2011-12-04 13:55:00,389.62,610.52
12674.0,2011-05-16 09:10:00,586.74,586.74
12674.0,2011-06-22 09:43:00,390.06,976.8
12674.0,2011-09-09 10:51:00,425.2,1402.0
12674.0,2011-11-01 12:12:00,568.6,1970.6
12676.0,2011-02-01 15:41:00,509.5,509.5
12676.0,2011-03-24 11:40:00,197.9,707.4
12676.0,2011-06-02 18:06:00,121.55,828.95
12676.0,2011-08-08 10:01:00,169.1,998.05
12676.0,2011-09-30 09:25:00,151.68,1149.73
12676.0,2011-11-15 12:25:00,181.66,1331.39
12678.0,2010-12-21 11:00:00,150.0,150.0
12678.0,2010-12-21 14:26:00,71.28,221.28
12678.0,2011-02-28 11:43:00,353.43,574.71
12678.0,2011-03-31 13:40:00,3243.13,3817.84
12678.0,2011-04-04 09:08:00,134.0,3951.84
12678.0,2011-06-05 11:53:00,1939.52,5891.36
12678.0,2011-07-13 11:48:00,915.46,6806.82
12678.0,2011-08-31 10:24:00,145.0,6951.82
12678.0,2011-08-31 11:22:00,1330.44,8282.26
12678.0,2011-09-22 10:52:00,398.24,8680.5
12678.0,2011-10-28 07:39:00,8895.76,17576.26
12678.0,2011-10-28 13:04:00,52.2,17628.46
12679.0,2011-03-01 12:26:00,794.06,794.06
12679.0,2011-05-18 12:18:00,112.32,906.38
12679.0,2011-09-13 10:34:00,94.32,1000.7
12679.0,2011-10-12 12:30:00,112.32,1113.02
12680.0,2011-08-18 15:44:00,311.78,311.78
12680.0,2011-09-11 12:27:00,112.38,424.16
12680.0,2011-09-27 12:53:00,189.2,613.36
12680.0,2011-12-09 12:50:00,267.45,880.81
12681.0,2010-12-07 10:08:00,1033.52,1033.52
12681.0,2010-12-20 14:10:00,1084.59,2118.11
12681.0,2011-01-05 12:42:00,556.07,2674.18
12681.0,2011-01-10 13:22:00,1238.06,3912.24
12681.0,2011-01-19 11:51:00,752.75,4664.99
12681.0,2011-01-31 15:36:00,417.54,5082.53
12681.0,2011-03-13 14:55:00,343.29,5425.82
12681.0,2011-03-15 16:39:00,565.54,5991.36
12681.0,2011-03-22 11:28:00,523.98,6515.34
12681.0,2011-04-17 11:21:00,545.57,7060.91
12681.0,2011-05-13 15:48:00,415.28,7476.19
12681.0,2011-05-25 12:54:00,568.74,8044.93
12681.0,2011-06-05 13:13:00,709.91,8754.84
12681.0,2011-07-08 11:36:00,579.26,9334.1
12681.0,2011-07-11 11:39:00,532.48,9866.58
12681.0,2011-09-23 12:09:00,790.54,10657.12
12681.0,2011-10-27 10:51:00,490.19,11147.31
12681.0,2011-10-27 10:57:00,121.92,11269.23
12681.0,2011-11-09 09:34:00,718.99,11988.22
12681.0,2011-11-17 08:35:00,291.86,12280.08
12681.0,2011-11-17 18:29:00,800.96,13081.04
12681.0,2011-11-25 11:33:00,706.5,13787.54
12682.0,2010-12-03 13:59:00,336.24,336.24
12682.0,2010-12-09 14:49:00,739.05,1075.29
12682.0,2011-01-05 14:48:00,835.11,1910.4
12682.0,2011-02-01 14:58:00,510.85,2421.25
12682.0,2011-02-02 09:06:00,490.89,2912.14
12682.0,2011-03-14 11:38:00,479.4,3391.54
12682.0,2011-04-04 11:18:00,585.55,3977.09
12682.0,2011-05-13 09:24:00,495.98,4473.07
12682.0,2011-05-16 12:04:00,139.88,4612.95
12682.0,2011-05-22 14:33:00,205.5,4818.45
12682.0,2011-05-31 13:32:00,458.84,5277.29
12682.0,2011-06-15 10:21:00,420.94,5698.23
12682.0,2011-06-15 10:22:00,364.15,6062.38
12682.0,2011-07-04 11:42:00,474.36,6536.74
12682.0,2011-07-12 08:52:00,192.8,6729.54
12682.0,2011-07-12 16:58:00,256.7,6986.24
12682.0,2011-07-19 09:51:00,99.6,7085.84
12682.0,2011-08-12 15:22:00,412.88,7498.72
12682.0,2011-08-25 13:12:00,470.4,7969.12
12682.0,2011-08-31 12:18:00,250.8,8219.92
12682.0,2011-09-15 13:31:00,240.28,8460.2
12682.0,2011-09-19 12:19:00,339.01,8799.21
12682.0,2011-10-10 10:13:00,113.4,8912.61
12682.0,2011-10-10 13:03:00,313.18,9225.79
12682.0,2011-11-01 13:56:00,825.81,10051.6
12682.0,2011-11-10 10:53:00,319.23,10370.83
12682.0,2011-11-10 11:55:00,245.4,10616.23
12682.0,2011-11-18 12:46:00,374.68,10990.91
12682.0,2011-11-25 15:44:00,153.72,11144.63
12682.0,2011-11-30 14:16:00,506.96,11651.59
12682.0,2011-12-06 10:00:00,636.63,12288.22
12683.0,2010-12-09 10:37:00,213.88,213.88
12683.0,2010-12-09 12:17:00,849.2,1063.08
12683.0,2011-01-17 15:17:00,732.14,1795.22
12683.0,2011-03-01 10:31:00,352.2,2147.42
12683.0,2011-03-23 13:33:00,877.88,3025.3
12683.0,2011-03-23 13:39:00,378.0,3403.3
12683.0,2011-05-03 09:33:00,692.84,4096.14
12683.0,2011-05-03 09:34:00,24.9,4121.04
12683.0,2011-05-12 11:50:00,296.53,4417.57
12683.0,2011-06-08 09:39:00,669.36,5086.93
12683.0,2011-08-26 15:44:00,1130.95,6217.88
12683.0,2011-09-08 10:35:00,404.31,6622.19
12683.0,2011-10-20 14:30:00,1056.9,7679.09
12683.0,2011-12-05 16:28:00,712.48,8391.57
12683.0,2011-12-05 16:31:00,85.0,8476.57
12684.0,2011-05-10 12:55:00,489.1,489.1
12684.0,2011-05-16 14:17:00,30.0,519.1
12684.0,2011-05-26 17:16:00,398.0,917.1
12684.0,2011-06-22 11:20:00,462.38,1379.48
12684.0,2011-10-07 10:18:00,247.76,1627.24
12684.0,2011-11-15 10:50:00,476.99,2104.23
12684.0,2011-12-02 09:53:00,179.4,2283.63
12685.0,2011-09-07 10:28:00,549.24,549.24
12685.0,2011-09-08 10:32:00,1057.18,1606.42
12685.0,2011-09-25 13:25:00,222.6,1829.02
12685.0,2011-10-13 08:42:00,331.72,2160.74
12685.0,2011-10-19 16:24:00,289.22,2449.96
12685.0,2011-11-11 13:46:00,413.12,2863.08
12686.0,2010-12-03 09:51:00,89.14,89.14
12688.0,2011-08-18 08:49:00,4873.81,4873.81
12689.0,2011-08-04 10:04:00,511.03,511.03
12689.0,2011-11-14 08:31:00,736.58,1247.61
12690.0,2011-05-18 09:09:00,389.01,389.01
12691.0,2010-12-17 14:46:00,180.0,180.0
12691.0,2011-01-24 15:32:00,190.2,370.2
12691.0,2011-01-25 15:59:00,36.0,406.2
12691.0,2011-07-17 14:56:00,150.1,556.3
12691.0,2011-10-12 12:54:00,303.1,859.4
12691.0,2011-11-11 16:49:00,176.4,1035.8
12693.0,2011-01-24 12:58:00,162.05,162.05
12693.0,2011-03-20 13:59:00,239.85,401.9
12693.0,2011-05-12 08:52:00,228.87,630.77
12693.0,2011-08-04 17:51:00,225.14,855.91
12694.0,2011-06-09 17:48:00,439.5,439.5
12694.0,2011-09-30 13:06:00,430.17,869.67
12695.0,2011-05-13 13:15:00,89.25,89.25
12695.0,2011-08-24 12:58:00,244.65,333.9
12695.0,2011-10-04 15:02:00,163.1,497.0
12695.0,2011-12-02 13:22:00,85.1,582.1
12697.0,2011-06-23 15:44:00,390.5,390.5
12697.0,2011-07-31 14:17:00,343.41,733.91
12697.0,2011-11-11 08:47:00,223.68,957.59
12700.0,2011-05-08 16:10:00,1092.43,1092.43
12700.0,2011-07-06 13:14:00,1056.62,2149.05
12700.0,2011-10-05 09:57:00,1476.19,3625.24
12700.0,2011-12-02 10:47:00,1314.75,4939.99
12701.0,2011-04-11 13:02:00,337.08,337.08
12701.0,2011-09-21 10:47:00,460.63,797.71
12702.0,2011-11-20 10:36:00,219.0,219.0
12703.0,2011-09-29 17:52:00,283.55,283.55
12704.0,2011-06-23 10:20:00,329.56,329.56
12704.0,2011-08-04 10:00:00,360.81,690.37
12704.0,2011-08-26 08:59:00,410.55,1100.92
12704.0,2011-09-22 18:14:00,245.55,1346.47
12704.0,2011-11-04 11:40:00,561.28,1907.75
12704.0,2011-11-17 14:49:00,164.72,2072.47
12704.0,2011-11-17 14:51:00,69.61,2142.08
12704.0,2011-12-02 13:15:00,198.76,2340.84
12705.0,2010-12-17 15:58:00,858.0,858.0
12705.0,2011-04-08 09:54:00,1321.25,2179.25
12705.0,2011-05-22 14:03:00,984.85,3164.1
12705.0,2011-07-04 14:36:00,998.42,4162.52
12705.0,2011-09-23 12:55:00,842.62,5005.14
12705.0,2011-10-28 14:44:00,968.45,5973.59
12705.0,2011-11-22 13:27:00,639.2,6612.79
12705.0,2011-11-24 12:01:00,72.0,6684.79
12705.0,2011-11-24 13:17:00,183.5,6868.29
12707.0,2011-02-21 08:38:00,603.42,603.42
12708.0,2010-12-06 10:43:00,196.44,196.44
12708.0,2011-01-14 09:23:00,284.62,481.06
12708.0,2011-03-07 09:49:00,282.66,763.72
12708.0,2011-04-21 15:52:00,202.5,966.22
12708.0,2011-05-23 10:13:00,371.95,1338.17
12708.0,2011-06-13 10:33:00,289.77,1627.94
12708.0,2011-08-30 08:15:00,403.83,2031.77
12708.0,2011-09-28 13:30:00,367.37,2399.14
12708.0,2011-11-07 12:44:00,280.77,2679.91
12708.0,2011-11-10 09:52:00,33.0,2712.91
12709.0,2010-12-08 09:49:00,522.7,522.7
12709.0,2010-12-17 12:02:00,792.99,1315.69
12709.0,2011-01-25 13:37:00,1116.9,2432.59
12709.0,2011-03-01 12:09:00,762.5,3195.09
12709.0,2011-03-30 12:54:00,418.7,3613.79
12709.0,2011-04-14 09:30:00,68.0,3681.79
12709.0,2011-05-06 15:01:00,246.08,3927.87
12709.0,2011-06-02 09:04:00,1225.26,5153.13
12709.0,2011-07-14 14:08:00,875.28,6028.41
12709.0,2011-07-27 13:00:00,440.7,6469.11
12709.0,2011-09-04 14:06:00,761.68,7230.79
12709.0,2011-09-29 15:58:00,824.83,8055.62
12709.0,2011-10-12 12:01:00,533.12,8588.74
12709.0,2011-10-27 17:00:00,268.68,8857.42
12709.0,2011-11-24 15:38:00,879.1,9736.52
12710.0,2011-05-22 14:05:00,718.96,718.96
12710.0,2011-07-01 13:22:00,71.4,790.36
12710.0,2011-09-04 12:00:00,358.66,1149.02
12712.0,2010-12-03 14:30:00,175.53,175.53
12712.0,2010-12-09 11:39:00,295.1,470.63
12712.0,2011-01-12 11:46:00,250.65,721.28
12712.0,2011-02-01 10:00:00,314.15,1035.43
12712.0,2011-03-07 09:10:00,219.3,1254.73
12712.0,2011-03-16 13:58:00,300.7,1555.43
12712.0,2011-05-10 14:46:00,565.25,2120.68
12712.0,2011-05-23 15:38:00,146.8,2267.48
12712.0,2011-06-10 15:28:00,627.4,2894.88
12712.0,2011-07-15 13:10:00,776.05,3670.93
12712.0,2011-08-25 09:18:00,242.15,3913.08
12712.0,2011-10-21 15:20:00,250.4,4163.48
12712.0,2011-11-11 08:19:00,232.65,4396.13
12713.0,2011-12-09 12:16:00,848.55,848.55
12714.0,2011-02-18 10:53:00,968.3,968.3
12714.0,2011-05-17 09:28:00,793.62,1761.92
12714.0,2011-06-13 11:41:00,513.26,2275.18
12714.0,2011-08-25 09:55:00,1114.52,3389.7
12714.0,2011-11-30 15:43:00,1319.16,4708.86
12715.0,2011-08-25 15:22:00,353.86,353.86
12716.0,2011-07-29 13:28:00,677.9,677.9
12716.0,2011-12-06 08:55:00,375.59,1053.49
12717.0,2011-04-08 10:32:00,609.74,609.74
12717.0,2011-07-11 14:47:00,421.24,1030.98
12718.0,2011-09-29 16:38:00,238.25,238.25
12719.0,2011-10-05 14:50:00,283.6,283.6
12719.0,2011-12-04 13:45:00,361.35,644.95
12720.0,2010-12-05 15:21:00,473.39,473.39
12720.0,2010-12-17 12:56:00,183.74,657.13
12720.0,2011-01-31 09:51:00,279.3,936.43
12720.0,2011-02-09 10:41:00,168.9,1105.33
12720.0,2011-03-22 15:13:00,498.32,1603.65
12720.0,2011-04-11 11:38:00,293.24,1896.89
12720.0,2011-05-04 08:51:00,133.6,2030.49
12720.0,2011-05-04 08:52:00,20.8,2051.29
12720.0,2011-05-26 12:41:00,215.52,2266.81
12720.0,2011-05-31 13:15:00,74.96,2341.77
12720.0,2011-06-23 10:56:00,276.93,2618.7
12720.0,2011-07-12 13:31:00,267.04,2885.74
12720.0,2011-07-12 13:32:00,100.32,2986.06
12720.0,2011-08-03 10:04:00,221.04,3207.1
12720.0,2011-08-07 11:59:00,107.4,3314.5
12720.0,2011-09-06 13:46:00,358.84,3673.34
12720.0,2011-09-06 13:47:00,16.5,3689.84
12720.0,2011-09-20 15:03:00,138.48,3828.32
12720.0,2011-10-05 09:43:00,485.78,4314.1
12720.0,2011-10-18 10:18:00,163.1,4477.2
12720.0,2011-10-31 10:05:00,76.96,4554.16
12720.0,2011-11-16 11:03:00,409.02,4963.18
12720.0,2011-11-24 15:02:00,324.74,5287.92
12720.0,2011-11-24 15:03:00,111.34,5399.26
12720.0,2011-12-07 08:03:00,382.47,5781.73
12721.0,2010-12-20 11:38:00,286.6,286.6
12721.0,2011-02-09 10:11:00,455.02,741.62
12721.0,2011-04-07 13:07:00,366.2,1107.82
12721.0,2011-06-09 17:53:00,591.09,1698.91
12721.0,2011-09-21 12:26:00,342.9,2041.81
12721.0,2011-11-08 12:13:00,614.32,2656.13
12722.0,2011-07-12 11:55:00,302.92,302.92
12722.0,2011-08-14 11:16:00,46.65,349.57
12722.0,2011-08-17 08:50:00,580.08,929.65
12722.0,2011-09-15 14:50:00,67.98,997.63
12723.0,2011-10-05 15:52:00,265.51,265.51
12723.0,2011-10-05 15:56:00,33.9,299.41
12723.0,2011-11-23 13:51:00,329.12,628.53
12723.0,2011-11-23 14:01:00,19.26,647.79
12723.0,2011-12-06 10:19:00,77.28,725.07
12724.0,2011-01-11 15:00:00,154.9,154.9
12724.0,2011-06-19 13:37:00,125.46,280.36
12724.0,2011-09-19 12:36:00,542.81,823.17
12724.0,2011-12-04 16:02:00,208.24,1031.41
12725.0,2010-12-03 15:45:00,427.8,427.8
12726.0,2010-12-17 12:56:00,170.28,170.28
12726.0,2011-01-28 10:45:00,401.58,571.86
12726.0,2011-03-20 15:58:00,316.02,887.88
12726.0,2011-05-09 15:12:00,223.4,1111.28
12726.0,2011-06-08 10:10:00,356.04,1467.32
12726.0,2011-09-14 14:19:00,357.32,1824.64
12726.0,2011-11-11 13:35:00,784.46,2609.1
12727.0,2011-01-23 15:17:00,514.5,514.5
12727.0,2011-02-16 11:45:00,919.66,1434.16
12727.0,2011-03-03 12:06:00,534.76,1968.92
12727.0,2011-03-03 12:20:00,38.4,2007.32
12727.0,2011-06-05 15:29:00,793.08,2800.4
12727.0,2011-09-05 13:38:00,537.3,3337.7
12727.0,2011-11-29 11:46:00,643.0,3980.7
12728.0,2011-01-11 13:31:00,252.54,252.54
12728.0,2011-02-28 14:42:00,200.72,453.26
12728.0,2011-03-27 13:07:00,164.05,617.31
12728.0,2011-09-29 15:31:00,219.02,836.33
12729.0,2011-08-18 11:40:00,453.01,453.01
12731.0,2010-12-10 10:56:00,1071.9,1071.9
12731.0,2011-01-31 09:57:00,3174.43,4246.33
12731.0,2011-03-31 10:27:00,1937.06,6183.39
12731.0,2011-03-31 10:29:00,413.4,6596.79
12731.0,2011-04-01 11:10:00,252.0,6848.79
12731.0,2011-05-11 15:07:00,1381.3,8230.09
12731.0,2011-06-17 15:09:00,1359.58,9589.67
12731.0,2011-07-18 14:10:00,1734.58,11324.25
12731.0,2011-09-15 10:53:00,2377.9,13702.15
12731.0,2011-09-30 12:06:00,1192.5,14894.65
12731.0,2011-10-19 13:49:00,2503.74,17398.39
12731.0,2011-11-16 11:59:00,1497.52,18895.91
12732.0,2011-06-13 11:33:00,236.26,236.26
12733.0,2011-04-19 16:19:00,383.95,383.95
12734.0,2010-12-22 12:47:00,110.4,110.4
12735.0,2011-01-06 14:26:00,319.77,319.77
12735.0,2011-01-28 13:37:00,459.8,779.57
12736.0,2011-01-11 07:57:00,234.0,234.0
12738.0,2010-12-02 18:27:00,155.35,155.35
12739.0,2011-09-01 17:45:00,975.54,975.54
12739.0,2011-09-22 13:00:00,37.5,1013.04
12740.0,2011-10-07 10:44:00,427.6,427.6
12743.0,2011-07-28 16:06:00,347.35,347.35
12743.0,2011-07-28 16:21:00,199.08,546.43
12744.0,2011-01-25 13:26:00,2053.07,2053.07
12744.0,2011-04-04 13:03:00,4037.77,6090.84
12744.0,2011-04-04 13:04:00,2053.07,8143.91
12744.0,2011-04-05 10:58:00,2118.74,10262.65
12744.0,2011-07-18 11:55:00,3949.32,14211.97
12744.0,2011-10-14 14:54:00,999.26,15211.23
12744.0,2011-10-19 11:18:00,6068.06,21279.29
12747.0,2010-12-05 15:38:00,358.56,358.56
12747.0,2010-12-13 10:41:00,347.71,706.27
12747.0,2011-01-20 14:01:00,303.04,1009.31
12747.0,2011-03-01 14:53:00,310.78,1320.09
12747.0,2011-05-05 15:31:00,442.96,1763.05
12747.0,2011-05-25 09:57:00,328.35,2091.4
12747.0,2011-06-28 10:06:00,376.3,2467.7
12747.0,2011-08-22 10:38:00,301.7,2769.4
12747.0,2011-10-04 08:26:00,675.38,3444.78
12747.0,2011-11-17 17:13:00,312.73,3757.51
12747.0,2011-12-07 14:34:00,438.5,4196.01
12748.0,2010-12-01 12:48:00,4.95,4.95
12748.0,2010-12-02 11:46:00,4.25,9.2
12748.0,2010-12-05 12:42:00,273.76,282.96
12748.0,2010-12-05 12:53:00,70.42,353.38
12748.0,2010-12-05 12:57:00,41.45,394.83
12748.0,2010-12-05 13:05:00,75.64,470.47
12748.0,2010-12-05 15:26:00,8.65,479.12
12748.0,2010-12-05 16:41:00,496.48,975.6
12748.0,2010-12-06 12:23:00,133.07,1108.67
12748.0,2010-12-06 15:54:00,82.12,1190.79
12748.0,2010-12-07 14:41:00,306.84,1497.63
12748.0,2010-12-08 13:08:00,69.79,1567.42
12748.0,2010-12-08 13:17:00,130.64,1698.06
12748.0,2010-12-08 17:20:00,167.09,1865.15
12748.0,2010-12-09 11:44:00,101.9,1967.05
12748.0,2010-12-09 13:21:00,18.4,1985.45
12748.0,2010-12-09 13:22:00,15.9,2001.35
12748.0,2010-12-10 11:24:00,336.16,2337.51
12748.0,2010-12-10 11:33:00,271.47,2608.98
12748.0,2010-12-10 11:42:00,185.06,2794.04
12748.0,2010-12-10 12:50:00,612.1,3406.14
12748.0,2010-12-10 12:56:00,10.29,3416.43
12748.0,2010-12-10 12:58:00,1.9,3418.33
12748.0,2010-12-13 16:01:00,1.9,3420.23
12748.0,2010-12-13 16:18:00,0.95,3421.18
12748.0,2010-12-14 13:09:00,234.86,3656.04
12748.0,2010-12-16 09:35:00,164.64,3820.68
12748.0,2010-12-16 11:51:00,135.44,3956.12
12748.0,2010-12-16 12:42:00,16.15,3972.27
12748.0,2010-12-17 10:12:00,25.95,3998.22
12748.0,2010-12-17 17:17:00,121.02,4119.24
12748.0,2010-12-21 16:06:00,69.29,4188.53
12748.0,2010-12-23 11:09:00,20.3,4208.83
12748.0,2010-12-23 12:03:00,12.35,4221.18
12748.0,2010-12-23 15:32:00,6.95,4228.13
12748.0,2011-01-05 16:06:00,12.75,4240.88
12748.0,2011-01-05 17:33:00,238.55,4479.43
12748.0,2011-01-16 13:04:00,8.52,4487.95
12748.0,2011-01-18 10:15:00,158.95,4646.9
12748.0,2011-02-17 14:42:00,23.95,4670.85
12748.0,2011-02-22 17:20:00,7.8,4678.65
12748.0,2011-02-23 17:15:00,69.59,4748.24
12748.0,2011-02-27 14:07:00,275.25,5023.49
12748.0,2011-02-28 13:31:00,13.05,5036.54
12748.0,2011-03-08 12:30:00,111.0,5147.54
12748.0,2011-03-11 11:37:00,106.11,5253.65
12748.0,2011-03-11 12:26:00,13.0,5266.65
12748.0,2011-03-11 12:29:00,19.74,5286.39
12748.0,2011-03-11 16:50:00,70.29,5356.68
12748.0,2011-03-18 13:08:00,167.43,5524.11
12748.0,2011-03-21 15:40:00,147.6,5671.71
12748.0,2011-03-24 13:37:00,163.46,5835.17
12748.0,2011-03-25 13:54:00,185.1,6020.27
12748.0,2011-03-25 14:30:00,25.25,6045.52
12748.0,2011-03-25 14:39:00,76.2,6121.72
12748.0,2011-03-25 14:45:00,94.19,6215.91
12748.0,2011-04-01 14:05:00,16.7,6232.61
12748.0,2011-04-01 14:07:00,8.8,6241.41
12748.0,2011-04-08 15:35:00,32.65,6274.06
12748.0,2011-04-17 12:37:00,389.2,6663.26
12748.0,2011-04-17 12:38:00,236.07,6899.33
12748.0,2011-04-28 13:51:00,400.0,7299.33
12748.0,2011-04-28 14:34:00,16.95,7316.28
12748.0,2011-05-01 13:26:00,2.1,7318.38
12748.0,2011-05-05 19:16:00,211.15,7529.53
12748.0,2011-05-06 14:04:00,10.08,7539.61
12748.0,2011-05-06 19:22:00,62.68,7602.29
12748.0,2011-05-06 19:37:00,84.49,7686.78
12748.0,2011-05-06 19:39:00,29.89,7716.67
12748.0,2011-05-06 19:42:00,108.87,7825.54
12748.0,2011-05-06 19:44:00,19.72,7845.26
12748.0,2011-05-06 19:48:00,21.39,7866.65
12748.0,2011-05-06 19:49:00,7.15,7873.8
12748.0,2011-05-06 19:53:00,35.97,7909.77
12748.0,2011-05-06 19:55:00,3.3,7913.07
12748.0,2011-05-06 20:00:00,22.14,7935.21
12748.0,2011-05-08 15:15:00,183.3,8118.51
12748.0,2011-05-08 15:20:00,95.85,8214.36
12748.0,2011-05-10 15:22:00,21.6,8235.96
12748.0,2011-05-11 13:42:00,465.86,8701.82
12748.0,2011-05-11 16:28:00,27.31,8729.13
12748.0,2011-05-12 12:53:00,474.6,9203.73
12748.0,2011-05-12 18:55:00,56.2,9259.93
12748.0,2011-05-12 18:58:00,7.5,9267.43
12748.0,2011-05-27 12:54:00,12.85,9280.28
12748.0,2011-05-27 14:29:00,100.48,9380.76
12748.0,2011-05-31 12:50:00,170.02,9550.78
12748.0,2011-06-06 11:46:00,13.0,9563.78
12748.0,2011-06-07 13:47:00,167.81,9731.59
12748.0,2011-06-07 15:17:00,7.25,9738.84
12748.0,2011-06-08 14:35:00,269.9,10008.74
12748.0,2011-06-08 14:39:00,5.76,10014.5
12748.0,2011-06-10 16:47:00,3.75,10018.25
12748.0,2011-06-15 13:25:00,873.87,10892.12
12748.0,2011-06-15 13:56:00,14.25,10906.37
12748.0,2011-06-17 15:59:00,68.44,10974.81
12748.0,2011-06-21 09:18:00,38.08,11012.89
12748.0,2011-06-21 15:27:00,194.89,11207.78
12748.0,2011-06-22 15:43:00,4.94,11212.72
12748.0,2011-06-23 09:56:00,7.95,11220.67
12748.0,2011-06-23 18:42:00,35.01,11255.68
12748.0,2011-06-28 12:16:00,299.71,11555.39
12748.0,2011-06-30 11:02:00,1.65,11557.04
12748.0,2011-07-01 12:45:00,156.17,11713.21
12748.0,2011-07-01 12:52:00,37.78,11750.99
12748.0,2011-07-01 12:58:00,100.33,11851.32
12748.0,2011-07-01 13:01:00,10.76,11862.08
12748.0,2011-07-03 15:19:00,115.55,11977.63
12748.0,2011-07-08 15:23:00,103.97,12081.6
12748.0,2011-07-11 15:32:00,5.8,12087.4
12748.0,2011-07-14 16:45:00,82.53,12169.93
12748.0,2011-07-18 14:32:00,207.94,12377.87
12748.0,2011-07-21 13:53:00,127.83,12505.7
12748.0,2011-07-28 14:13:00,1.68,12507.38
12748.0,2011-07-29 14:29:00,161.68,12669.06
12748.0,2011-07-31 15:04:00,1.25,12670.31
12748.0,2011-08-03 12:20:00,174.0,12844.31
12748.0,2011-08-04 17:13:00,29.7,12874.01
12748.0,2011-08-05 16:23:00,9.9,12883.91
12748.0,2011-08-07 15:39:00,53.52,12937.43
12748.0,2011-08-07 15:40:00,46.56,12983.99
12748.0,2011-08-17 15:06:00,146.19,13130.18
12748.0,2011-08-24 14:28:00,101.66,13231.84
12748.0,2011-08-25 15:09:00,106.03,13337.87
12748.0,2011-08-25 15:34:00,38.41,13376.28
12748.0,2011-08-25 19:45:00,51.3,13427.58
12748.0,2011-08-25 19:48:00,66.87,13494.45
12748.0,2011-08-30 12:00:00,74.1,13568.55
12748.0,2011-09-02 10:49:00,11.31,13579.86
12748.0,2011-09-02 16:53:00,3.12,13582.98
12748.0,2011-09-06 15:48:00,303.92,13886.9
12748.0,2011-09-07 14:41:00,9.36,13896.26
12748.0,2011-09-09 13:20:00,211.49,14107.75
12748.0,2011-09-11 14:15:00,2026.7,16134.45
12748.0,2011-09-15 12:43:00,59.8,16194.25
12748.0,2011-09-16 17:33:00,663.6,16857.85
12748.0,2011-09-26 16:59:00,31.6,16889.45
12748.0,2011-09-28 15:21:00,1313.52,18202.97
12748.0,2011-09-30 12:19:00,381.87,18584.84
12748.0,2011-09-30 13:09:00,1132.55,19717.39
12748.0,2011-10-05 12:13:00,287.94,20005.33
12748.0,2011-10-06 13:11:00,15.03,20020.36
12748.0,2011-10-06 14:47:00,54.6,20074.96
12748.0,2011-10-06 16:34:00,1.9,20076.86
12748.0,2011-10-07 12:45:00,5.9,20082.76
12748.0,2011-10-09 11:50:00,224.53,20307.29
12748.0,2011-10-10 14:42:00,12.12,20319.41
12748.0,2011-10-19 11:27:00,318.3,20637.71
12748.0,2011-10-23 13:02:00,50.0,20687.71
12748.0,2011-10-23 15:27:00,54.51,20742.22
12748.0,2011-10-23 15:30:00,20.08,20762.3
12748.0,2011-10-25 12:54:00,60.44,20822.74
12748.0,2011-10-26 11:41:00,30.82,20853.56
12748.0,2011-10-26 11:46:00,64.32,20917.88
12748.0,2011-10-26 13:36:00,907.0,21824.88
12748.0,2011-10-26 13:56:00,185.35,22010.23
12748.0,2011-11-01 13:49:00,27.8,22038.03
12748.0,2011-11-02 12:26:00,263.54,22301.57
12748.0,2011-11-04 11:56:00,71.7,22373.27
12748.0,2011-11-04 14:11:00,37.29,22410.56
12748.0,2011-11-06 16:01:00,249.64,22660.2
12748.0,2011-11-07 11:41:00,248.59,22908.79
12748.0,2011-11-07 12:34:00,252.27,23161.06
12748.0,2011-11-08 14:22:00,242.6,23403.66
12748.0,2011-11-10 14:28:00,469.65,23873.31
12748.0,2011-11-10 16:38:00,171.85,24045.16
12748.0,2011-11-11 11:37:00,349.73,24394.89
12748.0,2011-11-11 14:25:00,220.7,24615.59
12748.0,2011-11-15 10:05:00,850.5,25466.09
12748.0,2011-11-15 17:12:00,1301.0,26767.09
12748.0,2011-11-16 15:52:00,228.58,26995.67
12748.0,2011-11-16 16:06:00,206.28,27201.95
12748.0,2011-11-16 16:08:00,103.69,27305.64
12748.0,2011-11-16 17:24:00,293.92,27599.56
12748.0,2011-11-17 14:26:00,539.97,28139.53
12748.0,2011-11-18 11:10:00,4.16,28143.69
12748.0,2011-11-22 13:22:00,30.35,28174.04
12748.0,2011-11-23 11:09:00,193.51,28367.55
12748.0,2011-11-23 11:22:00,193.29,28560.84
12748.0,2011-11-23 11:32:00,176.94,28737.78
12748.0,2011-11-23 11:47:00,319.71,29057.49
12748.0,2011-11-23 13:27:00,123.64,29181.13
12748.0,2011-11-23 13:34:00,141.68,29322.81
12748.0,2011-11-23 13:37:00,12.75,29335.56
12748.0,2011-11-23 13:39:00,5.45,29341.01
12748.0,2011-11-23 13:51:00,488.25,29829.26
12748.0,2011-11-23 13:57:00,81.06,29910.32
12748.0,2011-11-23 14:05:00,49.0,29959.32
12748.0,2011-11-23 16:09:00,34.29,29993.61
12748.0,2011-11-24 11:52:00,168.13,30161.74
12748.0,2011-11-24 12:30:00,193.75,30355.49
12748.0,2011-11-24 16:06:00,170.52,30526.01
12748.0,2011-11-25 11:41:00,420.41,30946.42
12748.0,2011-11-25 11:58:00,364.13,31310.55
12748.0,2011-11-25 13:40:00,266.1,31576.65
12748.0,2011-11-28 15:34:00,466.72,32043.37
12748.0,2011-11-29 13:06:00,198.33,32241.7
12748.0,2011-11-29 14:03:00,108.74,32350.44
12748.0,2011-11-29 18:02:00,34.12,32384.56
12748.0,2011-11-29 18:05:00,78.22,32462.78
12748.0,2011-11-29 18:14:00,186.68,32649.46
12748.0,2011-12-01 12:53:00,139.03,32788.49
12748.0,2011-12-02 10:15:00,5.45,32793.94
12748.0,2011-12-04 12:29:00,52.09,32846.03
12748.0,2011-12-04 12:31:00,118.54,32964.57
12748.0,2011-12-05 11:49:00,363.79,33328.36
12748.0,2011-12-08 17:37:00,138.82,33467.18
12748.0,2011-12-08 19:57:00,96.89,33564.07
12748.0,2011-12-08 20:01:00,61.55,33625.62
12748.0,2011-12-09 12:20:00,94.11,33719.73
12749.0,2011-05-10 15:25:00,859.1,859.1
12749.0,2011-08-01 12:48:00,1866.43,2725.53
12749.0,2011-08-01 12:50:00,29.7,2755.23
12749.0,2011-11-17 12:05:00,572.59,3327.82
12749.0,2011-12-06 09:56:00,763.06,4090.88
12750.0,2011-08-03 09:13:00,275.88,275.88
12752.0,2011-09-19 13:32:00,4366.78,4366.78
12753.0,2010-12-12 11:44:00,3590.59,3590.59
12753.0,2011-02-09 11:21:00,5735.24,9325.83
12753.0,2011-03-02 16:35:00,15.3,9341.13
12753.0,2011-04-05 13:56:00,3599.38,12940.51
12753.0,2011-07-27 09:32:00,3680.4,16620.91
12753.0,2011-11-17 10:52:00,4808.48,21429.39
12754.0,2011-02-04 10:31:00,21.64,21.64
12754.0,2011-02-04 10:32:00,23.93,45.57
12754.0,2011-03-07 13:38:00,16.05,61.62
12754.0,2011-04-18 09:00:00,2949.12,3010.74
12755.0,2010-12-09 10:44:00,3794.4,3794.4
12755.0,2011-03-04 12:42:00,17.55,3811.95
12756.0,2011-09-14 09:31:00,112.08,112.08
12757.0,2011-05-12 19:01:00,602.83,602.83
12757.0,2011-05-12 19:02:00,557.72,1160.55
12757.0,2011-05-23 11:26:00,1241.98,2402.53
12757.0,2011-05-23 14:46:00,1241.98,3644.51
12757.0,2011-05-23 14:58:00,557.72,4202.23
12757.0,2011-06-07 14:28:00,243.2,4445.43
12757.0,2011-07-20 12:05:00,835.65,5281.08
12757.0,2011-10-06 14:50:00,1578.87,6859.95
12757.0,2011-10-06 14:59:00,151.9,7011.85
12757.0,2011-10-19 14:36:00,149.75,7161.6
12757.0,2011-11-11 10:01:00,305.3,7466.9
12757.0,2011-11-14 14:17:00,49.5,7516.4
12757.0,2011-11-24 12:30:00,340.7,7857.1
12758.0,2011-03-08 12:05:00,1570.19,1570.19
12758.0,2011-08-15 10:22:00,1221.4,2791.59
12759.0,2011-03-09 08:09:00,444.8,444.8
12759.0,2011-06-21 09:26:00,637.72,1082.52
12759.0,2011-10-18 14:49:00,448.92,1531.44
12762.0,2011-11-14 14:23:00,461.59,461.59
12762.0,2011-12-02 10:23:00,1436.93,1898.52
12763.0,2010-12-05 15:46:00,320.08,320.08
12763.0,2011-07-24 14:12:00,174.0,494.08
12764.0,2011-01-27 10:19:00,1693.88,1693.88
12766.0,2010-12-08 13:53:00,1149.29,1149.29
12766.0,2011-01-09 15:56:00,686.48,1835.77
12766.0,2011-02-21 11:42:00,973.65,2809.42
12766.0,2011-04-13 13:15:00,1206.29,4015.71
12766.0,2011-07-13 13:37:00,936.48,4952.19
12766.0,2011-10-13 11:50:00,1319.01,6271.2
12766.0,2011-12-06 08:46:00,718.43,6989.63
12769.0,2011-04-15 10:25:00,1143.6,1143.6
12770.0,2011-05-13 09:33:00,1351.45,1351.45
12772.0,2011-10-11 09:19:00,892.47,892.47
12775.0,2011-02-01 13:45:00,214.45,214.45
12775.0,2011-03-22 12:36:00,235.71,450.16
12775.0,2011-05-20 14:23:00,294.72,744.88
12775.0,2011-06-03 07:48:00,419.8,1164.68
12775.0,2011-11-22 16:33:00,221.36,1386.04
12778.0,2011-01-31 14:35:00,134.48,134.48
12778.0,2011-03-14 08:37:00,117.93,252.41
12778.0,2011-03-25 15:01:00,155.65,408.06
12778.0,2011-06-09 15:29:00,84.0,492.06
12778.0,2011-10-07 15:23:00,171.93,663.99
12778.0,2011-11-20 11:30:00,158.24,822.23
12779.0,2010-12-03 13:40:00,248.16,248.16
12779.0,2011-01-17 10:37:00,613.22,861.38
12779.0,2011-02-04 13:19:00,337.2,1198.58
12779.0,2011-03-15 13:13:00,317.78,1516.36
12779.0,2011-04-05 08:43:00,705.84,2222.2
12779.0,2011-05-25 12:55:00,752.21,2974.41
12779.0,2011-06-03 10:37:00,25.0,2999.41
12779.0,2011-11-02 11:43:00,981.95,3981.36
12781.0,2011-02-28 08:43:00,549.26,549.26
12781.0,2011-10-07 10:37:00,277.48,826.74
12782.0,2010-12-17 11:30:00,463.5,463.5
12782.0,2011-01-26 10:02:00,683.93,1147.43
12782.0,2011-03-31 12:36:00,415.52,1562.95
12782.0,2011-07-13 10:30:00,515.72,2078.67
12782.0,2011-12-05 09:16:00,252.25,2330.92
12783.0,2011-09-25 15:35:00,339.02,339.02
12783.0,2011-10-14 11:42:00,642.01,981.03
12783.0,2011-10-17 11:08:00,283.02,1264.05
12783.0,2011-10-17 11:11:00,339.02,1603.07
12783.0,2011-11-07 11:57:00,222.26,1825.33
12783.0,2011-12-07 15:56:00,400.58,2225.91
12784.0,2011-11-24 12:53:00,518.42,518.42
12784.0,2011-11-30 15:38:00,56.0,574.42
12785.0,2010-12-10 13:48:00,311.95,311.95
12787.0,2011-05-31 09:36:00,158.1,158.1
12787.0,2011-09-09 12:24:00,186.56,344.66
12787.0,2011-11-30 08:44:00,119.0,463.66
12789.0,2011-10-05 13:34:00,91.85,91.85
12790.0,2011-05-31 14:14:00,324.92,324.92
12791.0,2010-12-01 11:27:00,192.6,192.6
12792.0,2011-03-28 11:36:00,400.54,400.54
12793.0,2010-12-03 15:14:00,131.8,131.8
12793.0,2011-01-09 12:12:00,413.68,545.48
12794.0,2011-09-02 12:01:00,317.0,317.0
12794.0,2011-10-17 14:54:00,543.41,860.41
12795.0,2011-11-21 10:27:00,430.48,430.48
12797.0,2010-12-09 10:55:00,254.03,254.03
12798.0,2011-06-22 10:11:00,1607.04,1607.04
12798.0,2011-10-26 13:21:00,1718.4,3325.44
12798.0,2011-11-29 15:52:00,3651.6,6977.04
12802.0,2011-06-06 09:36:00,427.58,427.58
12808.0,2010-12-06 10:27:00,129.4,129.4
12808.0,2011-06-08 12:21:00,151.95,281.35
12808.0,2011-11-03 10:05:00,202.3,483.65
12809.0,2011-06-15 10:51:00,489.31,489.31
12811.0,2011-02-28 15:39:00,240.25,240.25
12811.0,2011-03-23 10:55:00,247.6,487.85
12811.0,2011-03-24 09:42:00,27.0,514.85
12812.0,2011-10-26 09:54:00,229.64,229.64
12814.0,2011-08-30 12:11:00,125.92,125.92
12815.0,2011-05-25 13:34:00,615.36,615.36
12815.0,2011-07-15 10:21:00,448.1,1063.46
12816.0,2011-06-16 13:24:00,318.65,318.65
12816.0,2011-09-05 12:41:00,253.55,572.2
12817.0,2011-03-03 16:28:00,166.04,166.04
12818.0,2011-03-23 12:06:00,1542.08,1542.08
12820.0,2011-01-17 12:34:00,170.46,170.46
12820.0,2011-09-26 11:49:00,217.77,388.23
12820.0,2011-10-26 13:27:00,343.76,731.99
12820.0,2011-12-06 15:12:00,210.35,942.34
12821.0,2011-05-09 15:51:00,92.72,92.72
12822.0,2011-09-13 13:46:00,690.9,690.9
12822.0,2011-09-30 10:04:00,257.98,948.88
12823.0,2011-02-16 12:15:00,306.0,306.0
12823.0,2011-02-23 15:03:00,229.5,535.5
12823.0,2011-03-30 10:36:00,459.0,994.5
12823.0,2011-08-04 17:45:00,229.5,1224.0
12823.0,2011-09-26 07:35:00,535.5,1759.5
12824.0,2011-10-11 12:49:00,397.12,397.12
12826.0,2010-12-09 15:21:00,155.0,155.0
12826.0,2011-01-19 12:52:00,212.72,367.72
12826.0,2011-01-27 12:06:00,329.38,697.1
12826.0,2011-06-14 09:41:00,121.52,818.62
12826.0,2011-09-29 10:55:00,234.0,1052.62
12826.0,2011-11-10 15:37:00,279.5,1332.12
12826.0,2011-12-07 10:25:00,142.6,1474.72
12827.0,2011-10-26 15:44:00,217.75,217.75
12827.0,2011-11-07 11:29:00,100.95,318.7
12827.0,2011-12-04 12:17:00,111.45,430.15
12828.0,2011-08-01 16:16:00,227.0,227.0
12828.0,2011-08-19 09:23:00,111.2,338.2
12828.0,2011-09-01 17:14:00,77.31,415.51
12828.0,2011-10-05 10:53:00,245.8,661.31
12828.0,2011-12-02 11:12:00,273.78,935.09
12828.0,2011-12-07 08:45:00,83.62,1018.71
12829.0,2010-12-14 14:54:00,85.75,85.75
12829.0,2011-01-07 11:13:00,207.25,293.0
12830.0,2011-06-21 10:53:00,2221.84,2221.84
12830.0,2011-07-06 10:52:00,647.92,2869.76
12830.0,2011-07-28 17:17:00,1746.72,4616.48
12830.0,2011-07-28 17:18:00,587.52,5204.0
12830.0,2011-09-09 15:02:00,1210.32,6414.32
12830.0,2011-11-02 11:54:00,400.32,6814.64
12831.0,2011-03-22 13:02:00,215.05,215.05
12832.0,2011-09-02 13:48:00,267.8,267.8
12832.0,2011-11-07 13:30:00,115.23,383.03
12833.0,2011-07-17 13:46:00,417.38,417.38
12834.0,2011-03-02 09:49:00,312.38,312.38
12836.0,2011-02-01 11:19:00,47.7,47.7
12836.0,2011-02-01 11:20:00,798.99,846.69
12836.0,2011-05-04 15:08:00,814.71,1661.4
12836.0,2011-07-25 15:22:00,451.13,2112.53
12836.0,2011-10-11 15:10:00,500.33,2612.86
12837.0,2011-06-19 16:07:00,134.1,134.1
12838.0,2010-12-01 11:57:00,390.79,390.79
12838.0,2011-11-06 12:20:00,292.34,683.13
12839.0,2010-12-07 15:48:00,402.61,402.61
12839.0,2010-12-17 17:33:00,334.84,737.45
12839.0,2011-02-25 10:09:00,351.56,1089.01
12839.0,2011-05-25 14:18:00,306.88,1395.89
12839.0,2011-06-09 14:43:00,304.48,1700.37
12839.0,2011-07-05 14:27:00,330.6,2030.97
12839.0,2011-07-29 14:55:00,322.4,2353.37
12839.0,2011-08-18 10:01:00,330.44,2683.81
12839.0,2011-09-08 13:17:00,413.58,3097.39
12839.0,2011-09-29 12:39:00,278.66,3376.05
12839.0,2011-10-27 14:13:00,387.8,3763.85
12839.0,2011-11-15 09:26:00,508.42,4272.27
12839.0,2011-11-28 12:33:00,566.76,4839.03
12839.0,2011-12-07 12:33:00,752.39,5591.42
12840.0,2011-04-27 12:21:00,854.07,854.07
12840.0,2011-05-09 14:10:00,723.9,1577.97
12840.0,2011-06-10 10:29:00,572.8,2150.77
12840.0,2011-07-19 09:29:00,576.0,2726.77
12841.0,2010-12-03 10:43:00,294.25,294.25
12841.0,2010-12-05 12:15:00,211.74,505.99
12841.0,2011-01-06 13:56:00,224.11,730.1
12841.0,2011-01-19 12:38:00,169.68,899.78
12841.0,2011-01-31 10:09:00,123.95,1023.73
12841.0,2011-02-10 19:49:00,106.8,1130.53
12841.0,2011-02-16 10:56:00,112.45,1242.98
12841.0,2011-02-25 10:25:00,169.94,1412.92
12841.0,2011-03-07 15:02:00,79.4,1492.32
12841.0,2011-03-27 12:54:00,190.5,1682.82
12841.0,2011-04-14 14:02:00,162.35,1845.17
12841.0,2011-05-01 12:54:00,116.09,1961.26
12841.0,2011-06-12 12:20:00,199.73,2160.99
12841.0,2011-07-03 13:08:00,209.52,2370.51
12841.0,2011-07-17 13:35:00,207.16,2577.67
12841.0,2011-08-03 12:03:00,158.43,2736.1
12841.0,2011-08-25 12:12:00,115.34,2851.44
12841.0,2011-09-11 12:13:00,220.07,3071.51
12841.0,2011-10-05 12:27:00,196.65,3268.16
12841.0,2011-10-19 12:52:00,191.12,3459.28
12841.0,2011-10-27 12:08:00,122.62,3581.9
12841.0,2011-11-17 15:59:00,166.15,3748.05
12841.0,2011-11-25 12:20:00,123.29,3871.34
12841.0,2011-12-05 11:13:00,151.01,4022.35
12842.0,2011-02-04 12:36:00,310.73,310.73
12842.0,2011-09-30 15:33:00,808.26,1118.99
12843.0,2011-03-20 14:38:00,93.4,93.4
12843.0,2011-05-03 11:44:00,214.15,307.55
12843.0,2011-05-10 11:04:00,319.51,627.06
12843.0,2011-06-06 14:31:00,444.45,1071.51
12843.0,2011-06-15 13:07:00,306.1,1377.61
12843.0,2011-06-24 15:59:00,20.4,1398.01
12843.0,2011-07-03 12:21:00,294.3,1692.31
12843.0,2011-10-05 12:09:00,9.95,1702.26
12844.0,2011-08-01 13:11:00,174.88,174.88
12844.0,2011-11-10 13:31:00,151.08,325.96
12845.0,2011-02-22 14:10:00,65.09,65.09
12845.0,2011-03-14 10:55:00,208.8,273.89
12845.0,2011-03-16 11:02:00,6.7,280.59
12845.0,2011-03-17 13:34:00,73.5,354.09
12847.0,2011-11-17 13:16:00,871.54,871.54
12849.0,2011-03-16 12:26:00,704.5,704.5
12849.0,2011-11-08 13:41:00,346.39,1050.89
12851.0,2011-09-04 12:41:00,135.18,135.18
12852.0,2011-02-18 08:47:00,311.55,311.55
12853.0,2011-01-28 10:28:00,427.4,427.4
12853.0,2011-04-14 12:41:00,328.1,755.5
12853.0,2011-04-14 12:43:00,129.5,885.0
12853.0,2011-07-28 11:22:00,897.8,1782.8
12853.0,2011-07-28 11:26:00,126.6,1909.4
12853.0,2011-07-28 11:29:00,47.7,1957.1
12854.0,2011-01-25 13:35:00,389.9,389.9
12854.0,2011-04-12 14:17:00,420.47,810.37
12854.0,2011-09-22 12:15:00,514.13,1324.5
12855.0,2010-12-02 09:37:00,38.1,38.1
12856.0,2011-10-07 12:38:00,393.74,393.74
12856.0,2011-10-14 12:53:00,603.44,997.18
12856.0,2011-10-31 13:11:00,356.14,1353.32
12856.0,2011-11-11 11:06:00,264.12,1617.44
12856.0,2011-11-21 11:34:00,349.39,1966.83
12856.0,2011-12-02 10:52:00,213.1,2179.93
12857.0,2011-02-10 12:32:00,801.6,801.6
12857.0,2011-05-13 10:20:00,304.8,1106.4
12863.0,2011-10-18 14:15:00,521.2,521.2
12864.0,2011-07-24 13:03:00,147.12,147.12
12865.0,2011-08-08 10:11:00,981.38,981.38
12865.0,2011-11-13 14:31:00,586.85,1568.23
12866.0,2011-03-01 14:11:00,559.12,559.12
12867.0,2010-12-14 16:39:00,362.79,362.79
12867.0,2011-02-14 15:37:00,424.16,786.95
12867.0,2011-03-21 15:10:00,500.34,1287.29
12867.0,2011-05-09 15:34:00,451.25,1738.54
12867.0,2011-06-27 15:04:00,613.91,2352.45
12867.0,2011-09-04 13:35:00,673.29,3025.74
12867.0,2011-11-13 15:30:00,1011.08,4036.82
12868.0,2010-12-01 12:50:00,203.3,203.3
12868.0,2011-01-12 15:25:00,287.46,490.76
12868.0,2011-01-27 14:46:00,182.45,673.21
12868.0,2011-03-16 09:38:00,248.27,921.48
12868.0,2011-05-05 15:42:00,437.52,1359.0
12868.0,2011-06-07 10:42:00,248.06,1607.06
12871.0,2011-05-16 13:32:00,132.0,132.0
12871.0,2011-09-16 15:07:00,248.64,380.64
12872.0,2010-12-09 14:44:00,378.53,378.53
12872.0,2011-01-17 10:52:00,221.44,599.97
12873.0,2011-03-02 14:58:00,374.0,374.0
12875.0,2010-12-12 12:03:00,293.76,293.76
12875.0,2011-07-19 15:30:00,49.47,343.23
12876.0,2011-05-27 13:34:00,726.43,726.43
12876.0,2011-10-13 12:26:00,1491.59,2218.02
12877.0,2010-12-16 12:23:00,150.06,150.06
12877.0,2011-01-14 11:50:00,100.2,250.26
12877.0,2011-02-24 17:14:00,79.2,329.46
12877.0,2011-03-27 16:03:00,83.16,412.62
12877.0,2011-04-01 12:26:00,87.1,499.72
12877.0,2011-05-05 10:22:00,89.4,589.12
12877.0,2011-05-23 09:58:00,92.92,682.04
12877.0,2011-06-15 13:34:00,276.79,958.83
12877.0,2011-08-07 11:40:00,100.4,1059.23
12877.0,2011-09-22 13:05:00,101.14,1160.37
12877.0,2011-11-15 13:21:00,275.74,1436.11
12877.0,2011-12-06 10:30:00,99.66,1535.77
12878.0,2011-03-18 14:02:00,315.18,315.18
12878.0,2011-04-17 13:07:00,539.81,854.99
12879.0,2011-09-09 12:11:00,140.5,140.5
12879.0,2011-09-19 14:27:00,367.2,507.7
12879.0,2011-10-26 12:24:00,65.52,573.22
12881.0,2011-03-09 11:44:00,298.0,298.0
12882.0,2011-11-06 11:22:00,471.84,471.84
12882.0,2011-11-30 16:18:00,991.2,1463.04
12883.0,2011-09-11 15:18:00,291.63,291.63
12883.0,2011-11-15 09:30:00,32.55,324.18
12883.0,2011-11-15 09:31:00,216.47,540.65
12883.0,2011-11-15 09:32:00,162.82,703.47
12884.0,2011-09-12 13:10:00,309.05,309.05
12885.0,2011-08-08 11:45:00,645.35,645.35
12885.0,2011-10-07 13:34:00,519.47,1164.82
12885.0,2011-10-07 13:40:00,10.4,1175.22
12886.0,2011-05-04 11:21:00,775.0,775.0
12886.0,2011-10-03 10:09:00,603.4,1378.4
12888.0,2011-03-29 14:31:00,272.76,272.76
12888.0,2011-05-09 16:02:00,81.36,354.12
12890.0,2011-11-15 17:26:00,380.47,380.47
12891.0,2011-02-20 11:28:00,42.0,42.0
12891.0,2011-05-03 11:33:00,204.0,246.0
12891.0,2011-06-07 12:31:00,85.0,331.0
12893.0,2011-11-09 12:34:00,188.14,188.14
12895.0,2011-09-14 08:35:00,267.8,267.8
12895.0,2011-10-28 13:51:00,105.0,372.8
12897.0,2011-02-11 11:40:00,128.8,128.8
12897.0,2011-05-19 12:13:00,87.7,216.5
12901.0,2011-03-14 10:41:00,349.8,349.8
12901.0,2011-03-24 11:07:00,562.32,912.12
12901.0,2011-03-24 18:25:00,2278.8,3190.92
12901.0,2011-04-05 16:23:00,83.4,3274.32
12901.0,2011-04-19 12:19:00,970.2,4244.52
12901.0,2011-04-20 14:40:00,54.72,4299.24
12901.0,2011-04-26 15:45:00,339.24,4638.48
12901.0,2011-05-11 14:24:00,140.04,4778.52
12901.0,2011-05-11 14:25:00,36.24,4814.76
12901.0,2011-05-23 13:08:00,2843.6,7658.36
12901.0,2011-05-23 13:20:00,127.2,7785.56
12901.0,2011-06-08 12:57:00,276.24,8061.8
12901.0,2011-06-14 09:57:00,83.4,8145.2
12901.0,2011-06-17 12:06:00,610.56,8755.76
12901.0,2011-06-22 13:57:00,542.7,9298.46
12901.0,2011-06-29 11:35:00,259.98,9558.44
12901.0,2011-07-19 15:29:00,611.76,10170.2
12901.0,2011-07-29 11:56:00,689.27,10859.47
12901.0,2011-08-23 10:56:00,780.0,11639.47
12901.0,2011-09-19 13:39:00,1519.8,13159.27
12901.0,2011-10-16 10:19:00,306.0,13465.27
12901.0,2011-10-16 10:50:00,306.0,13771.27
12901.0,2011-10-27 12:26:00,1146.96,14918.23
12901.0,2011-11-02 11:07:00,306.0,15224.23
12901.0,2011-11-16 14:28:00,612.0,15836.23
12901.0,2011-11-29 13:59:00,967.5,16803.73
12901.0,2011-11-29 14:08:00,70.81,16874.54
12901.0,2011-12-01 10:07:00,780.0,17654.54
12902.0,2011-03-20 12:06:00,138.68,138.68
12904.0,2011-06-20 13:18:00,244.69,244.69
12904.0,2011-11-21 14:34:00,264.89,509.58
12906.0,2011-09-22 15:03:00,1936.59,1936.59
12906.0,2011-11-28 09:53:00,552.48,2489.07
12906.0,2011-11-28 09:54:00,42.96,2532.03
12906.0,2011-11-28 09:55:00,387.78,2919.81
12908.0,2011-01-31 12:37:00,318.0,318.0
12908.0,2011-06-16 15:39:00,432.0,750.0
12909.0,2011-03-31 12:51:00,278.65,278.65
12909.0,2011-03-31 13:13:00,624.8,903.45
12909.0,2011-05-22 11:52:00,624.92,1528.37
12909.0,2011-09-13 12:22:00,328.98,1857.35
12909.0,2011-10-31 12:43:00,321.32,2178.67
12910.0,2011-04-12 10:01:00,720.22,720.22
12910.0,2011-05-26 10:12:00,364.38,1084.6
12910.0,2011-05-26 10:13:00,57.9,1142.5
12910.0,2011-07-28 14:36:00,344.4,1486.9
12910.0,2011-09-22 12:55:00,563.28,2050.18
12910.0,2011-10-06 13:06:00,566.4,2616.58
12910.0,2011-11-16 14:26:00,408.66,3025.24
12910.0,2011-11-16 14:28:00,49.8,3075.04
12912.0,2011-10-30 11:35:00,318.06,318.06
12912.0,2011-11-16 09:34:00,139.92,457.98
12912.0,2011-11-25 13:58:00,400.08,858.06
12912.0,2011-12-01 13:03:00,616.32,1474.38
12912.0,2011-12-07 08:55:00,187.92,1662.3
12913.0,2010-12-06 16:36:00,417.62,417.62
12913.0,2011-02-11 13:54:00,313.8,731.42
12913.0,2011-03-02 10:49:00,134.97,866.39
12913.0,2011-11-24 10:39:00,1082.14,1948.53
12913.0,2011-12-05 12:11:00,535.1,2483.63
12915.0,2010-12-02 12:33:00,199.65,199.65
12915.0,2011-07-14 11:34:00,164.0,363.65
12916.0,2011-01-23 10:43:00,847.85,847.85
12916.0,2011-03-27 10:54:00,649.78,1497.63
12916.0,2011-05-22 10:40:00,815.15,2312.78
12916.0,2011-07-24 10:35:00,693.37,3006.15
12917.0,2011-08-03 16:42:00,594.0,594.0
12919.0,2011-06-23 09:22:00,206.2,206.2
12919.0,2011-07-12 17:21:00,52.8,259.0
12919.0,2011-08-15 11:39:00,182.65,441.65
12919.0,2011-11-08 10:27:00,336.12,777.77
12919.0,2011-11-23 10:38:00,269.52,1047.29
12919.0,2011-12-01 13:47:00,287.9,1335.19
12920.0,2011-11-22 15:05:00,164.23,164.23
12921.0,2010-12-01 15:06:00,322.4,322.4
12921.0,2010-12-08 10:14:00,365.4,687.8
12921.0,2011-01-05 11:00:00,481.7,1169.5
12921.0,2011-02-11 15:12:00,377.48,1546.98
12921.0,2011-02-25 14:24:00,522.75,2069.73
12921.0,2011-02-25 14:25:00,678.15,2747.88
12921.0,2011-02-28 13:09:00,425.5,3173.38
12921.0,2011-03-20 13:41:00,562.63,3736.01
12921.0,2011-03-20 13:43:00,501.24,4237.25
12921.0,2011-05-06 13:52:00,464.01,4701.26
12921.0,2011-05-06 13:53:00,483.02,5184.28
12921.0,2011-05-11 09:35:00,305.26,5489.54
12921.0,2011-05-11 09:36:00,24.9,5514.44
12921.0,2011-06-08 12:03:00,477.68,5992.12
12921.0,2011-06-08 12:04:00,79.2,6071.32
12921.0,2011-07-04 14:07:00,369.56,6440.88
12921.0,2011-07-04 14:08:00,70.8,6511.68
12921.0,2011-07-06 14:17:00,312.75,6824.43
12921.0,2011-07-06 14:18:00,615.3,7439.73
12921.0,2011-07-29 13:11:00,462.91,7902.64
12921.0,2011-07-29 15:51:00,361.46,8264.1
12921.0,2011-08-01 10:03:00,660.45,8924.55
12921.0,2011-09-02 13:00:00,598.38,9522.93
12921.0,2011-09-02 13:01:00,560.54,10083.47
12921.0,2011-09-14 12:50:00,490.95,10574.42
12921.0,2011-09-15 09:44:00,272.1,10846.52
12921.0,2011-09-16 15:09:00,549.46,11395.98
12921.0,2011-10-24 12:36:00,1147.74,12543.72
12921.0,2011-10-24 12:37:00,180.33,12724.05
12921.0,2011-11-09 09:47:00,71.25,12795.3
12921.0,2011-11-09 09:48:00,725.22,13520.52
12921.0,2011-11-09 09:50:00,12.48,13533.0
12921.0,2011-11-21 13:40:00,467.11,14000.11
12921.0,2011-11-24 12:52:00,810.76,14810.87
12921.0,2011-11-30 16:21:00,1348.58,16159.45
12921.0,2011-11-30 16:22:00,427.64,16587.09
12922.0,2011-07-01 15:35:00,405.38,405.38
12923.0,2011-10-06 16:20:00,176.97,176.97
12924.0,2011-01-16 11:49:00,58.19,58.19
12924.0,2011-03-09 09:50:00,229.8,287.99
12924.0,2011-05-25 13:35:00,367.28,655.27
12924.0,2011-09-12 13:55:00,278.43,933.7
12925.0,2011-09-26 11:05:00,368.31,368.31
12925.0,2011-12-05 11:11:00,325.74,694.05
12928.0,2010-12-15 15:45:00,392.34,392.34
12928.0,2011-04-12 10:45:00,387.7,780.04
12928.0,2011-07-15 08:09:00,356.1,1136.14
12928.0,2011-10-25 09:31:00,334.0,1470.14
12928.0,2011-11-04 14:24:00,592.56,2062.7
12929.0,2011-02-01 12:08:00,117.85,117.85
12930.0,2011-06-21 13:25:00,221.56,221.56
12930.0,2011-09-22 15:18:00,194.24,415.8
12931.0,2010-12-17 09:45:00,144.0,144.0
12931.0,2010-12-17 18:07:00,33.0,177.0
12931.0,2011-02-15 10:41:00,1696.4,1873.4
12931.0,2011-03-15 10:26:00,62.5,1935.9
12931.0,2011-04-14 12:39:00,1488.0,3423.9
12931.0,2011-05-20 10:02:00,392.4,3816.3
12931.0,2011-05-20 10:04:00,104.4,3920.7
12931.0,2011-08-04 18:06:00,18841.48,22762.18
12931.0,2011-08-04 18:07:00,204.0,22966.18
12931.0,2011-08-11 15:58:00,9349.72,32315.9
12931.0,2011-08-30 11:54:00,214.8,32530.7
12931.0,2011-10-03 13:53:00,1909.36,34440.06
12931.0,2011-11-09 13:56:00,4961.2,39401.26
12931.0,2011-11-17 12:39:00,2209.74,41611.0
12931.0,2011-11-18 12:39:00,444.96,42055.96
12933.0,2011-03-01 11:30:00,110.75,110.75
12933.0,2011-06-21 16:13:00,246.74,357.49
12933.0,2011-11-15 16:38:00,250.04,607.53
12935.0,2011-01-24 13:58:00,431.63,431.63
12935.0,2011-05-20 12:38:00,434.6,866.23
12935.0,2011-07-13 13:16:00,353.09,1219.32
12935.0,2011-08-22 12:22:00,316.02,1535.34
12935.0,2011-11-13 11:24:00,281.58,1816.92
12935.0,2011-12-07 17:22:00,12.48,1829.4
12935.0,2011-12-07 17:25:00,331.3,2160.7
12936.0,2011-09-22 13:51:00,798.46,798.46
12936.0,2011-11-18 10:37:00,102.0,900.46
12936.0,2011-11-22 17:26:00,83.96,984.42
12936.0,2011-11-22 17:32:00,79.48,1063.9
12937.0,2011-03-17 14:19:00,217.43,217.43
12937.0,2011-05-26 14:17:00,210.8,428.23
12937.0,2011-09-29 14:38:00,398.21,826.44
12937.0,2011-11-24 15:05:00,677.83,1504.27
12938.0,2011-11-14 11:21:00,114.14,114.14
12939.0,2011-01-09 11:20:00,1933.2,1933.2
12939.0,2011-02-14 09:47:00,3376.08,5309.28
12939.0,2011-03-11 16:43:00,1919.04,7228.32
12939.0,2011-07-24 12:51:00,761.76,7990.08
12939.0,2011-09-21 13:34:00,346.32,8336.4
12939.0,2011-09-21 13:35:00,699.72,9036.12
12939.0,2011-10-06 14:31:00,1658.16,10694.28
12939.0,2011-10-06 14:33:00,887.52,11581.8
12940.0,2011-09-13 10:16:00,361.27,361.27
12940.0,2011-10-16 12:09:00,552.27,913.54
12942.0,2010-12-09 09:34:00,258.75,258.75
12942.0,2011-05-26 11:16:00,137.77,396.52
12942.0,2011-07-31 14:39:00,287.38,683.9
12944.0,2010-12-20 10:41:00,286.95,286.95
12944.0,2011-11-04 11:04:00,317.56,604.51
12945.0,2011-02-24 14:15:00,462.95,462.95
12947.0,2010-12-01 16:21:00,304.04,304.04
12947.0,2011-01-07 09:40:00,301.66,605.7
12947.0,2011-04-19 10:04:00,429.57,1035.27
12947.0,2011-06-09 10:20:00,303.62,1338.89
12947.0,2011-06-10 16:37:00,40.8,1379.69
12947.0,2011-07-19 10:06:00,224.3,1603.99
12948.0,2011-03-20 10:17:00,371.8,371.8
12948.0,2011-03-24 10:04:00,157.16,528.96
12948.0,2011-05-09 10:13:00,357.3,886.26
12948.0,2011-08-26 14:45:00,537.7,1423.96
12948.0,2011-10-11 15:53:00,303.37,1727.33
12948.0,2011-10-26 16:25:00,127.68,1855.01
12948.0,2011-11-23 17:10:00,209.94,2064.95
12949.0,2011-04-01 13:20:00,1534.3,1534.3
12949.0,2011-05-17 13:27:00,677.8,2212.1
12949.0,2011-05-17 13:29:00,38.6,2250.7
12949.0,2011-08-01 12:56:00,678.47,2929.17
12949.0,2011-08-01 13:02:00,59.4,2988.57
12949.0,2011-08-01 13:03:00,35.1,3023.67
12949.0,2011-08-17 15:11:00,425.75,3449.42
12949.0,2011-11-09 11:25:00,717.8,4167.22
12950.0,2011-11-15 13:48:00,311.6,311.6
12950.0,2011-12-01 15:55:00,1171.4,1483.0
12950.0,2011-12-07 13:17:00,360.0,1843.0
12951.0,2011-01-13 10:33:00,188.69,188.69
12951.0,2011-01-24 10:05:00,117.4,306.09
12951.0,2011-04-05 09:09:00,155.19,461.28
12951.0,2011-05-19 19:00:00,163.6,624.88
12951.0,2011-06-19 10:35:00,126.9,751.78
12951.0,2011-12-01 12:14:00,312.29,1064.07
12952.0,2011-09-22 16:37:00,731.54,731.54
12952.0,2011-10-27 16:59:00,74.65,806.19
12952.0,2011-10-27 17:00:00,283.87,1090.06
12952.0,2011-12-04 10:35:00,297.73,1387.79
12953.0,2011-11-30 09:24:00,329.85,329.85
12955.0,2011-03-17 09:03:00,473.82,473.82
12955.0,2011-05-04 17:19:00,206.6,680.42
12955.0,2011-05-20 09:47:00,17.0,697.42
12955.0,2011-06-24 10:26:00,293.96,991.38
12955.0,2011-07-19 10:49:00,355.54,1346.92
12955.0,2011-09-08 12:48:00,496.44,1843.36
12955.0,2011-10-18 15:42:00,269.76,2113.12
12955.0,2011-11-02 12:34:00,994.8,3107.92
12955.0,2011-11-23 10:08:00,842.02,3949.94
12955.0,2011-12-01 13:18:00,460.3,4410.24
12955.0,2011-12-08 16:29:00,346.92,4757.16
12956.0,2011-02-06 16:08:00,108.07,108.07
12957.0,2011-01-04 12:18:00,413.68,413.68
12957.0,2011-03-28 15:38:00,330.51,744.19
12957.0,2011-05-19 11:38:00,384.58,1128.77
12957.0,2011-06-06 13:43:00,586.52,1715.29
12957.0,2011-09-29 12:00:00,872.23,2587.52
12957.0,2011-09-29 12:01:00,53.2,2640.72
12957.0,2011-11-14 14:18:00,407.92,3048.64
12957.0,2011-11-30 09:53:00,968.9,4017.54
12962.0,2011-08-18 13:38:00,170.54,170.54
12962.0,2011-12-02 15:55:00,95.85,266.39
12963.0,2010-12-09 09:14:00,365.8,365.8
12963.0,2011-09-16 09:03:00,253.91,619.71
12963.0,2011-10-17 14:01:00,105.22,724.93
12963.0,2011-11-16 09:59:00,138.21,863.14
12963.0,2011-11-16 11:48:00,498.06,1361.2
12963.0,2011-11-22 08:20:00,82.0,1443.2
12963.0,2011-11-29 16:44:00,148.78,1591.98
12963.0,2011-12-01 12:55:00,264.65,1856.63
12965.0,2011-09-11 15:31:00,771.91,771.91
12966.0,2011-11-30 12:38:00,160.18,160.18
12967.0,2010-12-03 09:49:00,1368.4,1368.4
12967.0,2010-12-16 19:10:00,292.5,1660.9
12968.0,2011-08-19 15:44:00,135.95,135.95
12970.0,2011-01-21 14:04:00,17.2,17.2
12970.0,2011-01-21 14:21:00,6.6,23.8
12970.0,2011-12-02 14:26:00,385.56,409.36
12970.0,2011-12-02 14:30:00,42.88,452.24
12971.0,2010-12-02 16:42:00,45.12,45.12
12971.0,2010-12-07 11:11:00,111.54,156.66
12971.0,2010-12-08 16:21:00,111.53,268.19
12971.0,2010-12-17 12:00:00,53.4,321.59
12971.0,2010-12-21 10:51:00,114.6,436.19
12971.0,2011-01-06 15:54:00,185.1,621.29
12971.0,2011-01-09 14:17:00,25.2,646.49
12971.0,2011-01-11 16:24:00,71.5,717.99
12971.0,2011-01-12 14:43:00,112.08,830.07
12971.0,2011-01-25 11:08:00,88.8,918.87
12971.0,2011-01-26 09:04:00,174.6,1093.47
12971.0,2011-02-03 14:54:00,64.0,1157.47
12971.0,2011-02-09 12:07:00,38.1,1195.57
12971.0,2011-02-15 13:53:00,181.5,1377.07
12971.0,2011-02-17 09:52:00,105.5,1482.57
12971.0,2011-02-17 09:53:00,84.0,1566.57
12971.0,2011-02-24 09:05:00,109.0,1675.57
12971.0,2011-03-01 09:22:00,161.8,1837.37
12971.0,2011-03-09 11:25:00,221.4,2058.77
12971.0,2011-03-09 11:27:00,38.98,2097.75
12971.0,2011-03-11 14:37:00,153.75,2251.5
12971.0,2011-03-16 14:49:00,52.8,2304.3
12971.0,2011-03-16 14:51:00,77.16,2381.46
12971.0,2011-03-24 14:54:00,137.4,2518.86
12971.0,2011-03-28 14:59:00,223.35,2742.21
12971.0,2011-03-30 09:27:00,91.8,2834.01
12971.0,2011-04-04 15:10:00,214.2,3048.21
12971.0,2011-04-13 12:04:00,136.2,3184.41
12971.0,2011-04-17 15:56:00,174.6,3359.01
12971.0,2011-04-20 10:28:00,379.0,3738.01
12971.0,2011-04-20 10:29:00,244.8,3982.81
12971.0,2011-04-21 16:58:00,47.4,4030.21
12971.0,2011-05-05 10:20:00,64.95,4095.16
12971.0,2011-05-10 12:00:00,77.2,4172.36
12971.0,2011-05-19 10:22:00,259.2,4431.56
12971.0,2011-05-22 11:38:00,40.56,4472.12
12971.0,2011-05-27 13:29:00,65.9,4538.02
12971.0,2011-05-27 13:30:00,100.2,4638.22
12971.0,2011-06-02 17:03:00,126.44,4764.66
12971.0,2011-06-02 17:04:00,94.68,4859.34
12971.0,2011-06-16 12:10:00,87.44,4946.78
12971.0,2011-06-20 15:22:00,107.04,5053.82
12971.0,2011-06-21 08:27:00,100.92,5154.74
12971.0,2011-06-24 14:36:00,60.9,5215.64
12971.0,2011-07-05 12:18:00,72.0,5287.64
12971.0,2011-07-07 14:55:00,203.6,5491.24
12971.0,2011-07-07 14:56:00,158.4,5649.64
12971.0,2011-07-15 11:48:00,359.95,6009.59
12971.0,2011-07-15 11:49:00,52.98,6062.57
12971.0,2011-07-15 13:17:00,154.2,6216.77
12971.0,2011-07-19 10:40:00,220.15,6436.92
12971.0,2011-07-21 17:26:00,139.2,6576.12
12971.0,2011-07-27 09:37:00,411.08,6987.2
12971.0,2011-07-29 10:32:00,152.4,7139.6
12971.0,2011-08-04 08:18:00,83.1,7222.7
12971.0,2011-08-05 15:46:00,137.76,7360.46
12971.0,2011-08-17 14:00:00,103.2,7463.66
12971.0,2011-08-21 10:48:00,151.2,7614.86
12971.0,2011-08-24 09:41:00,239.9,7854.76
12971.0,2011-09-01 16:46:00,117.06,7971.82
12971.0,2011-09-01 17:38:00,114.6,8086.42
12971.0,2011-09-08 14:02:00,78.9,8165.32
12971.0,2011-09-14 10:32:00,167.0,8332.32
12971.0,2011-09-14 10:33:00,157.2,8489.52
12971.0,2011-09-27 10:06:00,164.28,8653.8
12971.0,2011-10-03 16:12:00,162.64,8816.44
12971.0,2011-10-05 09:31:00,171.6,8988.04
12971.0,2011-10-19 10:36:00,47.62,9035.66
12971.0,2011-10-30 13:36:00,78.9,9114.56
12971.0,2011-11-04 09:10:00,63.06,9177.62
12971.0,2011-11-08 10:19:00,94.74,9272.36
12971.0,2011-11-09 15:30:00,188.04,9460.4
12971.0,2011-11-09 15:31:00,152.95,9613.35
12971.0,2011-11-14 13:32:00,65.4,9678.75
12971.0,2011-11-16 15:48:00,93.39,9772.14
12971.0,2011-11-17 12:25:00,163.74,9935.88
12971.0,2011-11-20 11:16:00,172.8,10108.68
12971.0,2011-11-22 12:58:00,291.36,10400.04
12971.0,2011-11-24 17:11:00,195.0,10595.04
12971.0,2011-11-28 12:05:00,309.82,10904.86
12971.0,2011-11-29 17:03:00,123.15,11028.01
12971.0,2011-12-01 14:41:00,59.1,11087.11
12971.0,2011-12-06 12:20:00,102.8,11189.91
12974.0,2011-05-26 09:33:00,144.8,144.8
12976.0,2011-05-12 09:55:00,738.6,738.6
12977.0,2011-07-06 16:40:00,39.24,39.24
12980.0,2010-12-16 11:36:00,889.32,889.32
12980.0,2011-01-12 11:53:00,721.92,1611.24
12980.0,2011-02-11 09:17:00,790.8,2402.04
12980.0,2011-02-23 08:46:00,432.9,2834.94
12980.0,2011-03-02 12:43:00,838.8,3673.74
12980.0,2011-05-13 11:58:00,892.62,4566.36
12980.0,2011-06-05 10:38:00,892.62,5458.98
12980.0,2011-06-16 10:09:00,1077.12,6536.1
12980.0,2011-07-05 09:34:00,838.8,7374.9
12981.0,2011-07-29 14:14:00,187.18,187.18
12981.0,2011-11-10 12:00:00,185.04,372.22
12982.0,2011-04-11 11:51:00,390.54,390.54
12984.0,2011-11-21 12:37:00,97.5,97.5
12985.0,2011-11-11 12:44:00,754.38,754.38
12985.0,2011-12-09 10:46:00,485.0,1239.38
12987.0,2011-05-26 12:00:00,304.3,304.3
12987.0,2011-09-27 12:03:00,254.4,558.7
12988.0,2011-02-20 14:31:00,535.32,535.32
12989.0,2010-12-10 13:24:00,202.5,202.5
12989.0,2011-01-16 12:44:00,810.0,1012.5
12989.0,2011-02-14 14:39:00,901.6,1914.1
12989.0,2011-03-17 12:51:00,437.4,2351.5
12989.0,2011-04-15 12:48:00,277.56,2629.06
12989.0,2011-05-23 14:59:00,457.68,3086.74
12989.0,2011-05-23 15:00:00,241.2,3327.94
12989.0,2011-07-05 09:16:00,1141.2,4469.14
12989.0,2011-09-12 15:43:00,637.92,5107.06
12989.0,2011-10-04 09:49:00,566.4,5673.46
12989.0,2011-10-04 10:30:00,284.16,5957.62
12989.0,2011-10-17 09:07:00,482.4,6440.02
12989.0,2011-11-18 11:47:00,354.96,6794.98
12989.0,2011-12-01 12:44:00,67.93,6862.91
12989.0,2011-12-06 15:28:00,61.2,6924.11
12990.0,2011-02-02 15:39:00,97.5,97.5
12990.0,2011-06-07 14:27:00,166.4,263.9
12990.0,2011-11-08 13:01:00,145.6,409.5
12991.0,2011-08-19 14:39:00,303.56,303.56
12991.0,2011-11-16 15:34:00,200.2,503.76
12993.0,2011-02-14 14:29:00,102.9,102.9
12993.0,2011-05-16 10:28:00,72.4,175.3
12993.0,2011-08-11 12:01:00,197.1,372.4
12993.0,2011-11-16 15:49:00,42.36,414.76
12994.0,2011-03-16 08:31:00,352.6,352.6
12994.0,2011-08-11 17:02:00,292.87,645.47
12994.0,2011-12-05 15:43:00,328.95,974.42
12995.0,2011-09-15 15:44:00,211.32,211.32
12997.0,2011-01-26 15:49:00,305.55,305.55
12997.0,2011-04-17 13:02:00,302.92,608.47
12997.0,2011-09-12 08:24:00,307.92,916.39
12997.0,2011-11-17 15:47:00,310.5,1226.89
12999.0,2011-04-08 10:26:00,320.28,320.28
12999.0,2011-05-18 16:37:00,59.1,379.38
12999.0,2011-05-27 13:24:00,76.5,455.88
13000.0,2010-12-10 10:26:00,201.75,201.75
13000.0,2011-03-25 10:14:00,256.78,458.53
13000.0,2011-08-25 10:43:00,76.32,534.85
13001.0,2011-01-17 12:45:00,805.45,805.45
13001.0,2011-01-25 14:53:00,564.39,1369.84
13001.0,2011-02-16 14:27:00,1853.52,3223.36
13001.0,2011-02-25 12:43:00,278.28,3501.64
13001.0,2011-03-07 12:50:00,591.02,4092.66
13001.0,2011-03-20 12:08:00,499.84,4592.5
13001.0,2011-03-30 14:51:00,850.82,5443.32
13001.0,2011-04-14 13:17:00,636.45,6079.77
13001.0,2011-05-06 10:43:00,1264.08,7343.85
13001.0,2011-06-08 12:40:00,501.5,7845.35
13001.0,2011-07-04 16:08:00,770.07,8615.42
13001.0,2011-11-17 14:17:00,612.39,9227.81
13001.0,2011-12-05 14:51:00,591.01,9818.82
13002.0,2011-01-25 15:18:00,120.95,120.95
13003.0,2011-05-09 08:23:00,59.05,59.05
13003.0,2011-07-11 13:06:00,30.0,89.05
13003.0,2011-08-26 10:50:00,60.0,149.05
13004.0,2010-12-17 08:20:00,357.01,357.01
13004.0,2011-01-10 10:32:00,326.78,683.79
13004.0,2011-01-27 13:23:00,318.6,1002.39
13004.0,2011-02-15 12:48:00,287.74,1290.13
13004.0,2011-02-28 10:33:00,301.91,1592.04
13004.0,2011-04-04 12:29:00,451.78,2043.82
13004.0,2011-05-09 12:25:00,404.2,2448.02
13004.0,2011-06-09 09:16:00,313.0,2761.02
13004.0,2011-06-16 14:26:00,15.8,2776.82
13004.0,2011-06-24 16:21:00,371.76,3148.58
13004.0,2011-07-29 16:24:00,308.44,3457.02
13004.0,2011-08-17 14:44:00,328.07,3785.09
13004.0,2011-09-23 08:30:00,340.21,4125.3
13004.0,2011-10-07 12:25:00,467.2,4592.5
13004.0,2011-10-07 13:57:00,16.5,4609.0
13004.0,2011-11-04 10:59:00,384.93,4993.93
13004.0,2011-11-13 11:37:00,316.54,5310.47
13004.0,2011-11-28 11:27:00,345.44,5655.91
13005.0,2011-04-07 13:32:00,321.65,321.65
13005.0,2011-06-19 10:53:00,192.05,513.7
13006.0,2011-10-14 13:49:00,81.57,81.57
13008.0,2011-01-20 14:24:00,229.47,229.47
13011.0,2010-12-02 17:22:00,50.55,50.55
13012.0,2011-02-18 09:43:00,377.27,377.27
13012.0,2011-05-04 10:15:00,313.62,690.89
13012.0,2011-05-10 13:33:00,16.5,707.39
13012.0,2011-07-14 09:58:00,304.92,1012.31
13012.0,2011-09-22 16:53:00,193.53,1205.84
13012.0,2011-11-16 16:18:00,285.3,1491.14
13012.0,2011-11-18 16:13:00,15.0,1506.14
13012.0,2011-11-30 13:05:00,155.7,1661.84
13013.0,2010-12-03 12:28:00,841.94,841.94
13013.0,2010-12-03 12:29:00,686.4,1528.34
13013.0,2011-04-05 10:18:00,649.32,2177.66
13013.0,2011-05-11 12:13:00,194.63,2372.29
13013.0,2011-07-08 09:38:00,303.14,2675.43
13013.0,2011-07-28 09:19:00,257.7,2933.13
13013.0,2011-08-08 10:01:00,194.51,3127.64
13013.0,2011-08-24 09:46:00,255.15,3382.79
13013.0,2011-09-08 11:46:00,303.3,3686.09
13013.0,2011-10-06 10:48:00,216.81,3902.9
13013.0,2011-11-04 09:03:00,315.29,4218.19
13013.0,2011-11-18 14:25:00,297.65,4515.84
13013.0,2011-12-08 15:01:00,295.1,4810.94
13014.0,2011-03-03 18:28:00,515.38,515.38
13014.0,2011-03-22 11:27:00,317.8,833.18
13014.0,2011-05-03 14:16:00,494.85,1328.03
13014.0,2011-06-23 15:07:00,460.75,1788.78
13014.0,2011-08-18 10:06:00,233.7,2022.48
13014.0,2011-09-26 10:35:00,399.15,2421.63
13014.0,2011-11-03 13:58:00,347.35,2768.98
13014.0,2011-11-07 13:22:00,76.5,2845.48
13014.0,2011-11-17 13:48:00,315.9,3161.38
13014.0,2011-11-29 12:27:00,304.9,3466.28
13015.0,2011-04-04 14:28:00,556.77,556.77
13015.0,2011-04-04 14:42:00,108.0,664.77
13015.0,2011-04-08 08:20:00,314.6,979.37
13015.0,2011-05-26 16:25:00,783.67,1763.04
13015.0,2011-10-17 13:19:00,1583.24,3346.28
13016.0,2011-08-08 15:00:00,425.25,425.25
13016.0,2011-09-27 14:07:00,352.16,777.41
13016.0,2011-09-27 14:08:00,12.48,789.89
13017.0,2011-12-02 15:53:00,204.0,204.0
13018.0,2011-02-17 11:05:00,331.2,331.2
13018.0,2011-02-24 13:46:00,311.25,642.45
13018.0,2011-03-21 09:03:00,332.6,975.05
13018.0,2011-04-05 10:19:00,493.45,1468.5
13018.0,2011-04-17 15:53:00,365.36,1833.86
13018.0,2011-04-17 15:55:00,391.67,2225.53
13018.0,2011-04-27 11:30:00,373.44,2598.97
13018.0,2011-05-13 11:38:00,311.3,2910.27
13018.0,2011-05-13 11:39:00,51.4,2961.67
13018.0,2011-05-16 11:13:00,345.42,3307.09
13018.0,2011-05-27 13:16:00,366.87,3673.96
13018.0,2011-06-13 13:13:00,178.94,3852.9
13018.0,2011-07-08 12:34:00,251.9,4104.8
13018.0,2011-07-08 12:35:00,17.4,4122.2
13018.0,2011-07-31 11:46:00,414.69,4536.89
13018.0,2011-08-09 13:22:00,251.96,4788.85
13018.0,2011-09-08 12:01:00,286.86,5075.71
13018.0,2011-09-15 12:46:00,248.07,5323.78
13018.0,2011-09-15 12:47:00,72.3,5396.08
13018.0,2011-09-28 12:52:00,282.09,5678.17
13018.0,2011-10-06 14:59:00,412.17,6090.34
13018.0,2011-11-09 10:14:00,402.66,6493.0
13018.0,2011-11-13 14:11:00,240.05,6733.05
13018.0,2011-11-13 14:14:00,29.82,6762.87
13018.0,2011-11-13 14:18:00,108.3,6871.17
13018.0,2011-11-23 13:28:00,406.53,7277.7
13021.0,2010-12-16 10:12:00,157.35,157.35
13021.0,2011-03-21 09:33:00,259.35,416.7
13021.0,2011-05-08 12:26:00,348.3,765.0
13021.0,2011-06-26 11:53:00,387.47,1152.47
13021.0,2011-09-30 15:02:00,441.61,1594.08
13021.0,2011-09-30 15:03:00,25.2,1619.28
13021.0,2011-11-01 15:17:00,299.1,1918.38
13021.0,2011-11-14 10:28:00,392.57,2310.95
13021.0,2011-12-05 16:37:00,305.43,2616.38
13023.0,2011-08-02 09:34:00,336.4,336.4
13023.0,2011-10-06 16:27:00,353.5,689.9
13026.0,2011-03-09 11:35:00,84.36,84.36
13026.0,2011-05-03 10:51:00,159.36,243.72
13026.0,2011-09-08 10:01:00,360.48,604.2
13026.0,2011-11-08 07:52:00,170.64,774.84
13026.0,2011-12-08 16:58:00,200.52,975.36
13027.0,2010-12-20 12:45:00,1440.0,1440.0
13027.0,2011-03-16 13:13:00,384.0,1824.0
13027.0,2011-04-20 09:48:00,2016.0,3840.0
13027.0,2011-07-05 15:48:00,768.0,4608.0
13027.0,2011-07-07 12:04:00,768.0,5376.0
13027.0,2011-08-18 09:39:00,1536.0,6912.0
13028.0,2011-10-25 14:09:00,355.94,355.94
13028.0,2011-11-17 11:10:00,305.38,661.32
13029.0,2010-12-21 13:53:00,382.5,382.5
13029.0,2011-07-24 11:37:00,390.7,773.2
13029.0,2011-11-09 09:13:00,474.3,1247.5
13030.0,2010-12-06 14:31:00,427.74,427.74
13030.0,2011-11-28 14:30:00,371.74,799.48
13032.0,2011-09-13 16:40:00,496.3,496.3
13032.0,2011-10-18 15:54:00,513.88,1010.18
13033.0,2010-12-17 14:23:00,190.55,190.55
13034.0,2010-12-05 14:52:00,165.86,165.86
13034.0,2011-10-16 12:21:00,476.91,642.77
13035.0,2011-03-24 09:21:00,333.0,333.0
13035.0,2011-09-27 08:57:00,588.88,921.88
13037.0,2011-03-28 15:42:00,250.42,250.42
13037.0,2011-05-04 15:33:00,326.9,577.32
13037.0,2011-07-24 15:46:00,303.75,881.07
13038.0,2011-02-22 11:43:00,395.1,395.1
13038.0,2011-06-09 10:31:00,196.66,591.76
13038.0,2011-09-20 14:37:00,316.7,908.46
13040.0,2011-11-06 13:53:00,303.25,303.25
13040.0,2011-12-01 10:38:00,373.74,676.99
13043.0,2011-03-11 14:52:00,516.42,516.42
13044.0,2011-02-21 15:20:00,560.47,560.47
13045.0,2011-09-01 15:04:00,305.28,305.28
13046.0,2011-03-18 15:43:00,197.72,197.72
13046.0,2011-11-09 08:36:00,431.59,629.31
13047.0,2010-12-01 08:34:00,348.78,348.78
13047.0,2010-12-01 08:35:00,17.85,366.63
13047.0,2011-02-03 13:06:00,458.9,825.53
13047.0,2011-03-30 13:28:00,427.15,1252.68
13047.0,2011-05-04 14:11:00,419.0,1671.68
13047.0,2011-06-19 13:56:00,562.4,2234.08
13047.0,2011-08-04 17:58:00,447.93,2682.01
13047.0,2011-10-14 11:15:00,550.58,3232.59
13047.0,2011-11-08 12:06:00,4.95,3237.54
13048.0,2011-01-16 14:36:00,477.61,477.61
13048.0,2011-04-15 13:31:00,462.31,939.92
13048.0,2011-08-18 11:23:00,435.13,1375.05
13048.0,2011-11-25 13:23:00,460.86,1835.91
13049.0,2011-01-25 16:33:00,153.78,153.78
13049.0,2011-10-06 15:31:00,502.9,656.68
13050.0,2010-12-08 09:30:00,328.01,328.01
13050.0,2010-12-14 09:52:00,300.92,628.93
13050.0,2010-12-16 14:32:00,301.44,930.37
13050.0,2010-12-20 10:38:00,269.5,1199.87
13050.0,2011-01-23 12:43:00,323.09,1522.96
13050.0,2011-02-04 15:43:00,303.33,1826.29
13050.0,2011-02-08 15:24:00,303.24,2129.53
13050.0,2011-03-22 14:43:00,401.35,2530.88
13050.0,2011-05-19 14:35:00,343.08,2873.96
13050.0,2011-06-07 13:37:00,585.17,3459.13
13050.0,2011-07-14 17:40:00,339.38,3798.51
13050.0,2011-08-10 10:12:00,392.17,4190.68
13050.0,2011-08-25 14:21:00,319.06,4509.74
13050.0,2011-10-14 11:55:00,308.6,4818.34
13050.0,2011-10-25 10:17:00,306.17,5124.51
13050.0,2011-11-18 09:56:00,349.4,5473.91
13050.0,2011-11-25 09:18:00,362.95,5836.86
13052.0,2011-05-11 14:12:00,348.15,348.15
13055.0,2011-05-10 08:58:00,344.86,344.86
13055.0,2011-09-22 14:25:00,795.75,1140.61
13055.0,2011-09-22 14:26:00,73.8,1214.41
13058.0,2011-07-11 12:01:00,47.55,47.55
13058.0,2011-10-12 13:28:00,90.15,137.7
13058.0,2011-11-15 12:43:00,133.7,271.4
13059.0,2011-04-04 10:40:00,183.4,183.4
13060.0,2011-03-31 11:37:00,307.53,307.53
13061.0,2011-09-28 16:04:00,248.61,248.61
13062.0,2011-06-01 15:12:00,346.98,346.98
13064.0,2011-01-16 13:41:00,203.3,203.3
13064.0,2011-07-10 11:34:00,455.95,659.25
13064.0,2011-09-12 13:56:00,183.08,842.33
13064.0,2011-11-27 12:31:00,277.16,1119.49
13065.0,2010-12-01 16:52:00,205.86,205.86
13066.0,2011-11-07 17:06:00,151.81,151.81
13066.0,2011-11-15 12:57:00,318.99,470.8
13067.0,2011-09-18 13:38:00,115.46,115.46
13068.0,2011-01-24 08:20:00,165.0,165.0
13068.0,2011-11-29 15:00:00,179.0,344.0
13069.0,2010-12-05 11:02:00,326.6,326.6
13069.0,2010-12-05 11:03:00,5.9,332.5
13069.0,2010-12-13 10:58:00,309.72,642.22
13069.0,2010-12-13 11:11:00,1.9,644.12
13069.0,2011-01-09 12:51:00,340.94,985.06
13069.0,2011-02-04 16:34:00,255.03,1240.09
13069.0,2011-03-24 13:16:00,273.98,1514.07
13069.0,2011-04-14 14:37:00,330.34,1844.41
13069.0,2011-04-14 14:45:00,103.25,1947.66
13069.0,2011-04-18 14:05:00,192.26,2139.92
13069.0,2011-05-08 12:00:00,150.35,2290.27
13069.0,2011-05-11 16:10:00,123.52,2413.79
13069.0,2011-05-25 11:45:00,117.75,2531.54
13069.0,2011-06-01 15:31:00,90.6,2622.14
13069.0,2011-06-03 09:46:00,61.3,2683.44
13069.0,2011-06-12 12:34:00,226.49,2909.93
13069.0,2011-07-12 12:02:00,302.04,3211.97
13069.0,2011-08-04 17:37:00,47.29,3259.26
13069.0,2011-08-12 11:48:00,138.68,3397.94
13069.0,2011-09-01 11:48:00,476.76,3874.7
13069.0,2011-10-17 13:22:00,110.53,3985.23
13069.0,2011-10-17 13:23:00,14.56,3999.79
13069.0,2011-11-25 15:47:00,156.09,4155.88
13069.0,2011-12-09 08:39:00,280.24,4436.12
13070.0,2011-05-31 13:45:00,228.8,228.8
13072.0,2011-03-18 08:12:00,177.15,177.15
13075.0,2011-08-02 10:19:00,919.61,919.61
13077.0,2010-12-08 14:59:00,313.72,313.72
13077.0,2011-02-22 16:15:00,254.12,567.84
13077.0,2011-02-22 16:19:00,9.6,577.44
13077.0,2011-12-08 19:24:00,151.83,729.27
13078.0,2010-12-08 09:07:00,514.39,514.39
13078.0,2010-12-15 09:51:00,366.77,881.16
13078.0,2011-01-11 12:00:00,355.8,1236.96
13078.0,2011-01-27 13:37:00,408.78,1645.74
13078.0,2011-02-16 13:44:00,348.57,1994.31
13078.0,2011-03-09 14:14:00,846.45,2840.76
13078.0,2011-03-30 10:46:00,383.07,3223.83
13078.0,2011-04-08 14:07:00,306.18,3530.01
13078.0,2011-04-27 16:23:00,450.45,3980.46
13078.0,2011-05-23 12:09:00,486.7,4467.16
13078.0,2011-06-12 14:08:00,302.24,4769.4
13078.0,2011-06-29 12:37:00,474.18,5243.58
13078.0,2011-07-22 09:55:00,572.93,5816.51
13078.0,2011-08-15 13:48:00,434.74,6251.25
13078.0,2011-08-25 10:16:00,665.9,6917.15
13078.0,2011-09-14 11:55:00,737.8,7654.95
13078.0,2011-09-18 12:15:00,757.7,8412.65
13078.0,2011-10-06 11:27:00,659.08,9071.73
13078.0,2011-10-06 11:28:00,100.8,9172.53
13078.0,2011-10-12 14:48:00,333.6,9506.13
13078.0,2011-10-19 15:46:00,318.8,9824.93
13078.0,2011-11-07 09:28:00,372.24,10197.17
13078.0,2011-11-15 13:53:00,832.01,11029.18
13078.0,2011-11-23 09:51:00,314.81,11343.99
13078.0,2011-11-29 16:31:00,444.87,11788.86
13078.0,2011-12-06 15:36:00,839.08,12627.94
13079.0,2011-07-22 14:41:00,23.8,23.8
13079.0,2011-09-09 15:25:00,35.7,59.5
13079.0,2011-09-25 13:47:00,112.9,172.4
13079.0,2011-11-18 09:03:00,17.7,190.1
13079.0,2011-12-05 16:53:00,30.0,220.1
13080.0,2011-06-13 14:59:00,58.08,58.08
13081.0,2010-12-03 17:20:00,2355.18,2355.18
13081.0,2010-12-03 17:21:00,11.6,2366.78
13081.0,2011-01-06 16:41:00,3527.64,5894.42
13081.0,2011-02-24 16:30:00,836.24,6730.66
13081.0,2011-02-24 16:31:00,736.95,7467.61
13081.0,2011-03-21 14:44:00,2340.05,9807.66
13081.0,2011-05-06 08:10:00,4655.85,14463.51
13081.0,2011-07-19 11:47:00,4406.61,18870.12
13081.0,2011-11-04 09:05:00,7271.34,26141.46
13081.0,2011-11-10 11:49:00,72.0,26213.46
13081.0,2011-11-28 10:54:00,2123.92,28337.38
13082.0,2011-01-05 15:42:00,379.44,379.44
13082.0,2011-03-15 08:18:00,271.5,650.94
13082.0,2011-03-30 14:06:00,435.0,1085.94
13082.0,2011-04-18 11:10:00,840.24,1926.18
13082.0,2011-04-18 11:45:00,34.0,1960.18
13082.0,2011-06-16 10:18:00,245.75,2205.93
13082.0,2011-06-16 10:19:00,39.6,2245.53
13082.0,2011-07-05 15:44:00,1278.1,3523.63
13082.0,2011-08-05 16:16:00,90.0,3613.63
13083.0,2011-09-25 10:46:00,192.39,192.39
13083.0,2011-12-05 15:01:00,111.36,303.75
13085.0,2011-02-17 13:57:00,278.1,278.1
13085.0,2011-07-05 12:11:00,137.98,416.08
13089.0,2010-12-05 10:27:00,734.4,734.4
13089.0,2010-12-06 13:59:00,2415.04,3149.44
13089.0,2010-12-06 14:00:00,81.18,3230.62
13089.0,2010-12-13 15:12:00,1247.64,4478.26
13089.0,2010-12-13 15:13:00,91.9,4570.16
13089.0,2010-12-15 14:25:00,755.3,5325.46
13089.0,2010-12-16 08:05:00,314.55,5640.01
13089.0,2010-12-16 10:19:00,313.2,5953.21
13089.0,2011-01-05 11:52:00,1054.58,7007.79
13089.0,2011-01-06 09:57:00,730.88,7738.67
13089.0,2011-01-13 09:29:00,704.59,8443.26
13089.0,2011-01-17 16:06:00,1207.13,9650.39
13089.0,2011-01-26 09:26:00,419.4,10069.79
13089.0,2011-01-27 10:18:00,702.4,10772.19
13089.0,2011-01-28 16:42:00,119.85,10892.04
13089.0,2011-01-31 08:56:00,343.55,11235.59
13089.0,2011-01-31 14:38:00,261.6,11497.19
13089.0,2011-02-02 10:54:00,1341.96,12839.15
13089.0,2011-02-14 15:26:00,1380.4,14219.55
13089.0,2011-02-16 16:56:00,193.01,14412.56
13089.0,2011-02-16 16:57:00,772.8,15185.36
13089.0,2011-02-16 16:58:00,17.7,15203.06
13089.0,2011-02-23 12:18:00,354.56,15557.62
13089.0,2011-03-08 14:44:00,1195.95,16753.57
13089.0,2011-03-08 14:47:00,72.0,16825.57
13089.0,2011-03-16 11:39:00,961.56,17787.13
13089.0,2011-03-24 10:38:00,485.89,18273.02
13089.0,2011-03-24 10:40:00,120.0,18393.02
13089.0,2011-03-31 13:43:00,1622.41,20015.43
13089.0,2011-04-05 13:52:00,838.08,20853.51
13089.0,2011-04-07 13:05:00,312.0,21165.51
13089.0,2011-04-11 13:55:00,153.0,21318.51
13089.0,2011-04-12 10:58:00,737.42,22055.93
13089.0,2011-04-12 11:01:00,50.0,22105.93
13089.0,2011-04-14 14:41:00,140.25,22246.18
13089.0,2011-04-17 11:18:00,379.32,22625.5
13089.0,2011-04-17 14:55:00,246.74,22872.24
13089.0,2011-04-27 08:17:00,600.9,23473.14
13089.0,2011-05-03 11:59:00,62.28,23535.42
13089.0,2011-05-03 12:02:00,1110.72,24646.14
13089.0,2011-05-06 14:25:00,204.3,24850.44
13089.0,2011-05-11 10:35:00,765.4,25615.84
13089.0,2011-05-11 10:36:00,39.6,25655.44
13089.0,2011-05-13 14:53:00,692.96,26348.4
13089.0,2011-05-13 14:55:00,375.45,26723.85
13089.0,2011-05-13 14:56:00,17.4,26741.25
13089.0,2011-05-13 14:57:00,34.0,26775.25
13089.0,2011-05-16 13:41:00,239.48,27014.73
13089.0,2011-05-24 10:22:00,688.06,27702.79
13089.0,2011-05-24 10:24:00,237.15,27939.94
13089.0,2011-06-05 12:59:00,627.04,28566.98
13089.0,2011-06-07 11:47:00,916.74,29483.72
13089.0,2011-06-07 11:49:00,47.2,29530.92
13089.0,2011-06-19 12:08:00,1152.52,30683.44
13089.0,2011-06-22 14:21:00,987.08,31670.52
13089.0,2011-06-22 14:24:00,17.4,31687.92
13089.0,2011-07-06 09:46:00,561.34,32249.26
13089.0,2011-07-11 15:52:00,795.56,33044.82
13089.0,2011-07-13 12:27:00,214.2,33259.02
13089.0,2011-07-21 17:08:00,877.36,34136.38
13089.0,2011-07-21 17:12:00,1021.92,35158.3
13089.0,2011-07-29 12:16:00,221.8,35380.1
13089.0,2011-08-02 14:21:00,1490.82,36870.92
13089.0,2011-08-02 14:23:00,24.6,36895.52
13089.0,2011-08-15 10:57:00,695.26,37590.78
13089.0,2011-08-15 10:59:00,256.08,37846.86
13089.0,2011-08-19 10:05:00,481.6,38328.46
13089.0,2011-08-31 13:56:00,682.19,39010.65
13089.0,2011-09-01 11:30:00,2297.52,41308.17
13089.0,2011-09-01 11:33:00,2016.32,43324.49
13089.0,2011-09-20 10:02:00,761.44,44085.93
13089.0,2011-09-22 12:00:00,886.63,44972.56
13089.0,2011-09-22 12:01:00,131.76,45104.32
13089.0,2011-09-22 12:02:00,310.24,45414.56
13089.0,2011-09-25 15:43:00,234.6,45649.16
13089.0,2011-09-30 10:19:00,712.06,46361.22
13089.0,2011-10-06 15:04:00,330.15,46691.37
13089.0,2011-10-06 15:05:00,66.0,46757.37
13089.0,2011-10-11 10:36:00,1018.51,47775.88
13089.0,2011-10-19 10:32:00,311.76,48087.64
13089.0,2011-10-19 14:12:00,431.2,48518.84
13089.0,2011-10-28 09:15:00,706.36,49225.2
13089.0,2011-10-30 15:10:00,456.92,49682.12
13089.0,2011-11-08 12:29:00,1095.29,50777.41
13089.0,2011-11-14 16:28:00,1364.74,52142.15
13089.0,2011-11-16 12:42:00,356.1,52498.25
13089.0,2011-11-17 16:37:00,426.06,52924.31
13089.0,2011-11-23 08:39:00,514.0,53438.31
13089.0,2011-11-28 14:53:00,705.9,54144.21
13089.0,2011-12-01 15:56:00,300.84,54445.05
13089.0,2011-12-01 17:16:00,313.5,54758.55
13089.0,2011-12-05 14:30:00,3705.48,58464.03
13089.0,2011-12-07 09:02:00,361.8,58825.83
13090.0,2010-12-02 07:48:00,160.6,160.6
13090.0,2010-12-09 12:12:00,832.8,993.4
13090.0,2010-12-09 16:11:00,15.0,1008.4
13090.0,2011-01-14 12:21:00,302.76,1311.16
13090.0,2011-02-23 16:41:00,485.04,1796.2
13090.0,2011-03-18 10:34:00,555.3,2351.5
13090.0,2011-04-15 10:27:00,760.1,3111.6
13090.0,2011-06-17 10:12:00,832.02,3943.62
13090.0,2011-07-26 14:51:00,968.4,4912.02
13090.0,2011-10-06 11:48:00,902.07,5814.09
13090.0,2011-10-17 12:51:00,331.9,6145.99
13090.0,2011-11-08 15:13:00,1833.69,7979.68
13090.0,2011-11-20 12:00:00,575.76,8555.44
13090.0,2011-12-01 12:39:00,355.38,8910.82
13091.0,2011-11-11 15:54:00,345.82,345.82
13092.0,2010-12-15 12:27:00,185.45,185.45
13092.0,2011-03-07 14:54:00,110.2,295.65
13092.0,2011-04-26 13:25:00,103.3,398.95
13092.0,2011-05-12 10:22:00,40.8,439.75
13092.0,2011-09-30 11:18:00,38.08,477.83
13093.0,2010-12-01 15:00:00,799.4,799.4
13093.0,2010-12-16 09:44:00,1168.2,1967.6
13093.0,2010-12-16 09:45:00,1827.91,3795.51
13093.0,2011-01-06 15:14:00,1374.46,5169.97
13093.0,2011-01-13 12:03:00,898.5,6068.47
13093.0,2011-02-02 11:01:00,991.98,7060.45
13093.0,2011-02-25 13:09:00,467.52,7527.97
13093.0,2011-03-09 12:14:00,304.5,7832.47
13094.0,2010-12-06 10:34:00,223.68,223.68
13094.0,2011-01-04 10:37:00,76.32,300.0
13094.0,2011-01-06 16:25:00,76.32,376.32
13094.0,2011-02-11 12:48:00,76.32,452.64
13094.0,2011-03-02 10:20:00,76.32,528.96
13094.0,2011-05-15 11:23:00,205.74,734.7
13094.0,2011-05-18 11:08:00,205.74,940.44
13094.0,2011-06-01 12:22:00,152.64,1093.08
13094.0,2011-07-06 11:42:00,223.68,1316.76
13094.0,2011-08-02 12:35:00,228.96,1545.72
13094.0,2011-09-20 14:57:00,228.96,1774.68
13094.0,2011-11-18 14:07:00,152.64,1927.32
13095.0,2011-09-30 12:03:00,74.4,74.4
13097.0,2010-12-14 15:13:00,304.9,304.9
13097.0,2011-01-06 09:40:00,771.29,1076.19
13097.0,2011-02-20 13:18:00,589.11,1665.3
13097.0,2011-03-25 11:41:00,878.02,2543.32
13097.0,2011-04-20 13:43:00,460.94,3004.26
13097.0,2011-06-19 11:10:00,341.81,3346.07
13097.0,2011-06-19 11:26:00,655.79,4001.86
13097.0,2011-08-09 12:07:00,641.85,4643.71
13097.0,2011-09-23 12:58:00,835.57,5479.28
13097.0,2011-11-07 10:43:00,531.14,6010.42
13098.0,2011-01-26 13:46:00,648.8,648.8
13098.0,2011-02-08 11:32:00,244.8,893.6
13098.0,2011-03-11 11:47:00,349.2,1242.8
13098.0,2011-04-04 12:52:00,357.7,1600.5
13098.0,2011-04-06 12:41:00,1722.02,3322.52
13098.0,2011-05-10 10:34:00,1077.4,4399.92
13098.0,2011-05-11 07:35:00,1974.06,6373.98
13098.0,2011-05-25 10:11:00,829.63,7203.61
13098.0,2011-06-07 12:36:00,531.36,7734.97
13098.0,2011-06-16 15:12:00,1221.55,8956.52
13098.0,2011-06-23 14:36:00,617.7,9574.22
13098.0,2011-07-05 12:53:00,396.9,9971.12
13098.0,2011-07-11 12:54:00,865.62,10836.74
13098.0,2011-07-21 12:46:00,473.1,11309.84
13098.0,2011-07-28 08:55:00,498.04,11807.88
13098.0,2011-08-04 10:38:00,2022.6,13830.48
13098.0,2011-08-18 12:30:00,637.6,14468.08
13098.0,2011-09-06 15:34:00,701.38,15169.46
13098.0,2011-09-13 13:21:00,2180.3,17349.76
13098.0,2011-10-10 10:16:00,1978.22,19327.98
13098.0,2011-10-10 10:57:00,2482.44,21810.42
13098.0,2011-10-27 17:56:00,951.48,22761.9
13098.0,2011-11-10 18:46:00,1955.68,24717.58
13098.0,2011-11-18 15:54:00,867.64,25585.22
13098.0,2011-11-30 10:18:00,931.46,26516.68
13098.0,2011-12-04 15:54:00,587.92,27104.6
13098.0,2011-12-04 15:55:00,96.3,27200.9
13098.0,2011-12-08 14:14:00,1681.54,28882.44
13099.0,2011-09-01 17:40:00,207.36,207.36
13101.0,2011-04-19 14:37:00,101.19,101.19
13102.0,2010-12-09 13:38:00,316.82,316.82
13102.0,2010-12-14 13:44:00,357.1,673.92
13102.0,2011-01-09 12:50:00,301.28,975.2
13102.0,2011-01-11 14:00:00,447.28,1422.48
13102.0,2011-01-21 11:50:00,8.5,1430.98
13102.0,2011-02-03 11:49:00,255.76,1686.74
13102.0,2011-02-04 12:40:00,195.06,1881.8
13102.0,2011-03-10 10:56:00,300.54,2182.34
13102.0,2011-03-10 10:57:00,199.2,2381.54
13102.0,2011-03-20 14:35:00,176.34,2557.88
13102.0,2011-04-07 11:37:00,245.46,2803.34
13102.0,2011-04-07 12:30:00,329.1,3132.44
13102.0,2011-05-03 15:23:00,337.38,3469.82
13102.0,2011-05-25 09:35:00,219.78,3689.6
13102.0,2011-05-25 09:37:00,79.56,3769.16
13102.0,2011-06-19 14:15:00,236.44,4005.6
13102.0,2011-07-08 09:03:00,413.96,4419.56
13102.0,2011-07-29 10:41:00,234.12,4653.68
13102.0,2011-07-29 12:03:00,308.02,4961.7
13102.0,2011-09-19 14:43:00,331.14,5292.84
13102.0,2011-10-28 13:02:00,366.12,5658.96
13102.0,2011-11-16 15:01:00,263.0,5921.96
13102.0,2011-12-01 19:24:00,308.06,6230.02
13102.0,2011-12-08 12:52:00,194.07,6424.09
13103.0,2011-10-31 09:38:00,243.94,243.94
13104.0,2010-12-20 11:58:00,101.76,101.76
13104.0,2011-03-17 13:27:00,111.96,213.72
13104.0,2011-07-29 15:25:00,162.72,376.44
13104.0,2011-09-15 11:20:00,202.56,579.0
13104.0,2011-10-24 10:11:00,180.0,759.0
13104.0,2011-12-06 13:10:00,339.48,1098.48
13106.0,2011-07-29 15:12:00,76.5,76.5
13107.0,2011-01-10 12:28:00,566.84,566.84
13107.0,2011-06-17 08:57:00,368.38,935.22
13107.0,2011-09-15 09:41:00,472.2,1407.42
13107.0,2011-10-26 14:52:00,124.2,1531.62
13108.0,2010-12-02 10:35:00,350.06,350.06
13109.0,2011-07-05 14:56:00,369.85,369.85
13109.0,2011-10-11 10:16:00,416.69,786.54
13110.0,2011-02-01 15:24:00,271.55,271.55
13110.0,2011-03-01 14:58:00,268.6,540.15
13110.0,2011-03-27 16:08:00,192.34,732.49
13110.0,2011-07-25 16:18:00,302.71,1035.2
13110.0,2011-07-25 16:20:00,7.04,1042.24
13110.0,2011-10-17 15:28:00,204.7,1246.94
13110.0,2011-11-08 14:30:00,241.73,1488.67
13113.0,2010-12-08 13:21:00,372.97,372.97
13113.0,2011-01-12 13:10:00,676.6,1049.57
13113.0,2011-01-26 13:37:00,372.29,1421.86
13113.0,2011-02-04 13:28:00,755.05,2176.91
13113.0,2011-02-22 13:18:00,425.92,2602.83
13113.0,2011-03-04 12:26:00,235.91,2838.74
13113.0,2011-03-21 13:35:00,489.12,3327.86
13113.0,2011-03-30 12:45:00,453.05,3780.91
13113.0,2011-04-11 12:13:00,148.0,3928.91
13113.0,2011-04-11 12:21:00,2.55,3931.46
13113.0,2011-04-18 11:13:00,635.0,4566.46
13113.0,2011-04-27 11:40:00,443.25,5009.71
13113.0,2011-05-03 11:11:00,609.5,5619.21
13113.0,2011-05-12 12:30:00,483.4,6102.61
13113.0,2011-05-22 11:17:00,1961.05,8063.66
13113.0,2011-05-31 11:09:00,792.5,8856.16
13113.0,2011-06-17 10:17:00,600.08,9456.24
13113.0,2011-06-30 10:52:00,187.78,9644.02
13113.0,2011-08-09 12:00:00,657.4,10301.42
13113.0,2011-08-18 10:10:00,485.64,10787.06
13113.0,2011-10-09 12:59:00,475.66,11262.72
13113.0,2011-10-30 13:34:00,307.08,11569.8
13113.0,2011-11-25 10:22:00,336.96,11906.76
13113.0,2011-12-09 12:49:00,339.2,12245.96
13115.0,2011-06-08 16:15:00,878.55,878.55
13115.0,2011-10-12 12:42:00,901.07,1779.62
13115.0,2011-10-14 10:55:00,15.6,1795.22
13115.0,2011-11-28 12:38:00,499.56,2294.78
13116.0,2011-07-24 14:33:00,501.14,501.14
13117.0,2010-12-02 13:11:00,202.12,202.12
13117.0,2010-12-09 14:50:00,186.03,388.15
13117.0,2011-01-24 15:48:00,111.78,499.93
13117.0,2011-03-07 09:52:00,90.6,590.53
13117.0,2011-04-15 11:31:00,65.28,655.81
13117.0,2011-05-06 10:45:00,95.56,751.37
13117.0,2011-08-10 10:09:00,90.4,841.77
13117.0,2011-11-18 12:02:00,143.14,984.91
13118.0,2011-02-24 12:32:00,190.93,190.93
13118.0,2011-03-31 19:12:00,423.55,614.48
13118.0,2011-05-15 13:22:00,185.22,799.7
13118.0,2011-11-20 12:37:00,378.31,1178.01
13118.0,2011-11-20 12:46:00,19.8,1197.81
13120.0,2011-04-15 10:19:00,30.6,30.6
13121.0,2011-03-15 16:47:00,283.73,283.73
13122.0,2011-04-13 14:12:00,903.67,903.67
13122.0,2011-09-06 15:53:00,18.72,922.39
13124.0,2010-12-15 15:00:00,1256.32,1256.32
13124.0,2011-04-01 14:58:00,1317.8,2574.12
13124.0,2011-09-11 12:45:00,1292.21,3866.33
13126.0,2010-12-08 11:42:00,203.64,203.64
13126.0,2010-12-08 11:43:00,19.8,223.44
13126.0,2011-01-05 09:11:00,323.87,547.31
13126.0,2011-03-10 15:06:00,209.94,757.25
13126.0,2011-03-31 16:40:00,320.17,1077.42
13126.0,2011-09-28 10:29:00,308.56,1385.98
13126.0,2011-10-26 10:43:00,344.22,1730.2
13126.0,2011-12-05 10:00:00,369.44,2099.64
13127.0,2011-09-23 10:26:00,259.17,259.17
13130.0,2011-09-06 15:30:00,64.0,64.0
13131.0,2011-06-05 10:54:00,324.9,324.9
13131.0,2011-09-29 17:16:00,447.3,772.2
13131.0,2011-11-16 13:21:00,301.1,1073.3
13132.0,2011-03-23 12:44:00,77.3,77.3
13133.0,2011-02-08 15:48:00,52.35,52.35
13133.0,2011-03-11 10:31:00,57.45,109.8
13134.0,2011-04-13 12:57:00,500.2,500.2
13134.0,2011-04-19 16:37:00,25.5,525.7
13134.0,2011-06-09 11:37:00,360.04,885.74
13134.0,2011-09-15 10:35:00,907.84,1793.58
13135.0,2011-05-27 10:52:00,3096.0,3096.0
13136.0,2011-05-11 12:47:00,574.46,574.46
13136.0,2011-07-20 12:00:00,533.04,1107.5
13136.0,2011-07-20 12:01:00,119.18,1226.68
13136.0,2011-09-13 11:39:00,921.4,2148.08
13136.0,2011-10-14 13:41:00,459.53,2607.61
13137.0,2011-02-04 11:54:00,217.93,217.93
13137.0,2011-04-01 11:34:00,645.91,863.84
13137.0,2011-07-24 11:54:00,301.39,1165.23
13137.0,2011-08-28 12:44:00,292.52,1457.75
13137.0,2011-09-08 12:42:00,473.29,1931.04
13137.0,2011-10-30 12:26:00,576.37,2507.41
13137.0,2011-11-11 11:56:00,682.17,3189.58
13137.0,2011-11-29 12:09:00,460.83,3650.41
13138.0,2010-12-02 15:03:00,193.23,193.23
13138.0,2011-04-13 09:59:00,193.62,386.85
13138.0,2011-07-29 13:34:00,102.6,489.45
13138.0,2011-09-20 15:31:00,198.44,687.89
13138.0,2011-10-24 09:34:00,143.8,831.69
13138.0,2011-11-17 16:51:00,130.7,962.39
13139.0,2011-03-25 11:57:00,409.5,409.5
13139.0,2011-05-08 16:03:00,760.52,1170.02
13139.0,2011-08-22 10:04:00,540.92,1710.94
13139.0,2011-09-28 13:13:00,1873.62,3584.56
13139.0,2011-11-07 11:30:00,718.9,4303.46
13139.0,2011-11-07 11:31:00,407.96,4711.42
13139.0,2011-11-23 13:54:00,353.52,5064.94
13140.0,2010-12-08 15:12:00,159.51,159.51
13140.0,2011-08-16 13:13:00,150.15,309.66
13140.0,2011-08-23 15:33:00,114.06,423.72
13141.0,2011-01-28 13:04:00,215.52,215.52
13141.0,2011-01-28 14:42:00,309.05,524.57
13141.0,2011-04-19 09:31:00,516.28,1040.85
13141.0,2011-05-09 15:33:00,360.18,1401.03
13141.0,2011-09-16 09:54:00,987.72,2388.75
13142.0,2011-11-20 16:07:00,307.09,307.09
13144.0,2011-01-11 11:15:00,110.95,110.95
13145.0,2010-12-02 18:06:00,295.0,295.0
13145.0,2011-08-04 19:06:00,118.8,413.8
13145.0,2011-09-09 10:10:00,85.92,499.72
13145.0,2011-10-31 12:45:00,118.8,618.52
13146.0,2011-11-13 15:29:00,228.91,228.91
13147.0,2011-09-01 12:28:00,118.8,118.8
13147.0,2011-10-27 16:35:00,118.8,237.6
13147.0,2011-11-09 10:18:00,237.6,475.2
13147.0,2011-11-29 13:59:00,237.6,712.8
13148.0,2010-12-10 13:06:00,309.4,309.4
13148.0,2011-01-30 13:48:00,411.75,721.15
13148.0,2011-01-30 14:05:00,351.56,1072.71
13148.0,2011-01-30 15:22:00,14.95,1087.66
13148.0,2011-03-23 10:25:00,369.09,1456.75
13148.0,2011-04-21 08:43:00,341.58,1798.33
13148.0,2011-07-03 12:22:00,223.92,2022.25
13148.0,2011-07-03 12:36:00,247.52,2269.77
13148.0,2011-07-29 08:29:00,505.25,2775.02
13148.0,2011-07-29 08:30:00,14.85,2789.87
13148.0,2011-11-10 14:01:00,240.16,3030.03
13148.0,2011-11-10 15:23:00,677.09,3707.12
13149.0,2011-02-23 13:57:00,376.74,376.74
13149.0,2011-07-13 13:20:00,506.16,882.9
13149.0,2011-08-25 13:40:00,249.72,1132.62
13149.0,2011-11-25 13:09:00,543.44,1676.06
13151.0,2011-02-17 12:29:00,1257.87,1257.87
13153.0,2011-12-04 12:14:00,486.22,486.22
13155.0,2010-12-06 12:44:00,379.7,379.7
13155.0,2011-01-17 11:21:00,189.5,569.2
13155.0,2011-09-21 10:27:00,313.3,882.5
13155.0,2011-11-06 15:41:00,89.26,971.76
13157.0,2011-02-14 14:03:00,197.82,197.82
13157.0,2011-04-12 14:04:00,300.12,497.94
13157.0,2011-07-21 14:34:00,375.26,873.2
13157.0,2011-10-21 13:50:00,868.02,1741.22
13158.0,2011-01-25 09:58:00,256.41,256.41
13158.0,2011-07-07 13:05:00,306.42,562.83
13158.0,2011-08-12 09:04:00,305.34,868.17
13158.0,2011-09-06 11:58:00,332.89,1201.06
13159.0,2011-08-16 11:44:00,457.31,457.31
13159.0,2011-08-25 15:12:00,394.28,851.59
13159.0,2011-10-20 13:20:00,303.7,1155.29
13159.0,2011-12-01 11:20:00,282.56,1437.85
13160.0,2011-11-17 13:07:00,91.8,91.8
13161.0,2011-01-30 14:03:00,112.75,112.75
13162.0,2011-01-09 10:43:00,753.26,753.26
13162.0,2011-04-20 15:38:00,548.43,1301.69
13162.0,2011-06-08 15:38:00,3.75,1305.44
13162.0,2011-08-09 15:59:00,382.85,1688.29
13165.0,2010-12-23 14:06:00,354.64,354.64
13165.0,2011-10-24 15:05:00,666.84,1021.48
13166.0,2011-03-01 15:16:00,417.2,417.2
13167.0,2011-07-19 12:13:00,242.91,242.91
13167.0,2011-08-01 12:12:00,174.64,417.55
13167.0,2011-10-03 15:10:00,242.12,659.67
13167.0,2011-11-21 12:24:00,131.66,791.33
13168.0,2011-01-25 13:55:00,632.18,632.18
13168.0,2011-02-20 15:06:00,209.05,841.23
13168.0,2011-05-24 13:56:00,131.43,972.66
13168.0,2011-11-03 12:56:00,346.53,1319.19
13169.0,2011-04-01 14:24:00,505.2,505.2
13169.0,2011-10-07 12:11:00,207.68,712.88
13170.0,2011-11-13 12:19:00,116.01,116.01
13171.0,2011-02-13 14:16:00,140.35,140.35
13171.0,2011-10-21 16:18:00,132.54,272.89
13171.0,2011-11-18 10:27:00,195.52,468.41
13173.0,2010-12-07 14:30:00,165.94,165.94
13173.0,2011-12-05 15:51:00,187.71,353.65
13174.0,2010-12-05 16:24:00,1415.97,1415.97
13174.0,2011-01-27 15:36:00,692.3,2108.27
13174.0,2011-11-23 14:35:00,708.76,2817.03
13176.0,2011-10-24 15:43:00,492.84,492.84
13177.0,2011-10-06 09:56:00,282.45,282.45
13178.0,2010-12-14 12:22:00,710.0,710.0
13178.0,2011-02-17 12:55:00,414.0,1124.0
13178.0,2011-04-08 11:33:00,483.0,1607.0
13178.0,2011-05-09 14:44:00,719.8,2326.8
13178.0,2011-05-20 10:22:00,392.4,2719.2
13178.0,2011-06-21 14:53:00,591.73,3310.93
13178.0,2011-07-14 12:48:00,285.0,3595.93
13178.0,2011-07-29 13:37:00,795.8,4391.73
13178.0,2011-09-27 13:21:00,765.0,5156.73
13178.0,2011-11-04 09:24:00,262.26,5418.99
13178.0,2011-11-13 16:14:00,306.48,5725.47
13182.0,2011-10-25 13:46:00,121.18,121.18
13183.0,2011-01-09 10:50:00,625.04,625.04
13183.0,2011-03-24 10:37:00,513.84,1138.88
13183.0,2011-05-15 12:46:00,388.2,1527.08
13183.0,2011-07-05 12:39:00,302.18,1829.26
13183.0,2011-07-27 11:47:00,353.76,2183.02
13183.0,2011-08-30 16:53:00,211.96,2394.98
13183.0,2011-09-14 10:42:00,690.6,3085.58
13183.0,2011-11-02 14:50:00,443.14,3528.72
13183.0,2011-12-02 10:30:00,429.06,3957.78
13184.0,2011-02-22 17:25:00,212.52,212.52
13184.0,2011-04-01 12:24:00,117.4,329.92
13184.0,2011-04-19 14:23:00,185.08,515.0
13184.0,2011-04-26 14:19:00,231.31,746.31
13184.0,2011-06-08 12:38:00,173.66,919.97
13184.0,2011-07-11 12:31:00,365.02,1284.99
13184.0,2011-07-15 12:59:00,30.0,1314.99
13184.0,2011-08-01 11:08:00,181.16,1496.15
13184.0,2011-08-01 11:12:00,8.29,1504.44
13184.0,2011-11-25 12:02:00,196.85,1701.29
13185.0,2011-03-17 11:56:00,71.4,71.4
13186.0,2011-08-03 09:09:00,988.34,988.34
13186.0,2011-09-07 11:46:00,313.6,1301.94
13186.0,2011-10-31 11:40:00,273.95,1575.89
13187.0,2011-01-06 18:57:00,236.02,236.02
13188.0,2011-11-28 15:28:00,114.6,114.6
13189.0,2011-08-16 13:12:00,127.0,127.0
13189.0,2011-11-21 10:39:00,133.68,260.68
13192.0,2011-05-18 14:57:00,464.32,464.32
13192.0,2011-09-05 14:13:00,447.62,911.94
13193.0,2011-10-09 14:30:00,117.88,117.88
13194.0,2011-07-27 09:01:00,60.7,60.7
13196.0,2011-03-22 14:24:00,512.13,512.13
13196.0,2011-09-16 12:48:00,1074.82,1586.95
13196.0,2011-11-28 13:53:00,152.43,1739.38
13196.0,2011-11-28 13:54:00,58.4,1797.78
13198.0,2010-12-13 09:29:00,384.55,384.55
13198.0,2011-01-25 13:26:00,800.19,1184.74
13198.0,2011-04-04 09:55:00,903.01,2087.75
13198.0,2011-07-06 10:49:00,431.57,2519.32
13198.0,2011-08-11 12:48:00,489.86,3009.18
13198.0,2011-11-29 15:17:00,392.06,3401.24
13199.0,2010-12-08 10:51:00,468.68,468.68
13199.0,2010-12-16 14:25:00,243.12,711.8
13199.0,2011-01-05 13:09:00,199.44,911.24
13199.0,2011-01-13 15:01:00,76.32,987.56
13199.0,2011-01-17 15:31:00,152.64,1140.2
13199.0,2011-02-02 14:17:00,15.0,1155.2
13199.0,2011-02-16 11:53:00,285.24,1440.44
13199.0,2011-02-16 11:54:00,434.6,1875.04
13199.0,2011-03-03 14:09:00,73.92,1948.96
13199.0,2011-03-17 12:15:00,606.84,2555.8
13199.0,2011-04-13 11:42:00,408.0,2963.8
13199.0,2011-04-19 10:59:00,35.4,2999.2
13199.0,2011-04-26 13:45:00,59.0,3058.2
13199.0,2011-05-05 12:22:00,321.48,3379.68
13199.0,2011-05-26 14:09:00,360.48,3740.16
13199.0,2011-06-16 12:29:00,181.56,3921.72
13199.0,2011-06-20 15:06:00,243.84,4165.56
13199.0,2011-07-19 16:48:00,186.2,4351.76
13199.0,2011-08-24 14:14:00,116.16,4467.92
13199.0,2011-08-28 12:43:00,85.92,4553.84
13199.0,2011-09-08 14:53:00,186.32,4740.16
13199.0,2011-10-06 11:38:00,530.14,5270.3
13199.0,2011-10-20 08:19:00,76.32,5346.62
13199.0,2011-10-28 10:56:00,1826.88,7173.5
13199.0,2011-10-28 11:55:00,85.92,7259.42
13199.0,2011-11-07 16:54:00,301.04,7560.46
13199.0,2011-11-08 11:29:00,125.92,7686.38
13199.0,2011-11-16 12:22:00,443.4,8129.78
13199.0,2011-11-21 09:02:00,400.08,8529.86
13199.0,2011-11-22 12:58:00,149.4,8679.26
13199.0,2011-11-25 09:40:00,234.24,8913.5
13199.0,2011-11-25 09:42:00,36.8,8950.3
13199.0,2011-11-29 14:00:00,225.0,9175.3
13199.0,2011-12-01 12:16:00,151.02,9326.32
13199.0,2011-12-02 08:55:00,188.76,9515.08
13199.0,2011-12-06 12:30:00,302.04,9817.12
13200.0,2011-08-05 14:50:00,319.32,319.32
13200.0,2011-09-26 14:00:00,307.69,627.01
13200.0,2011-11-18 09:31:00,142.88,769.89
13200.0,2011-11-20 15:35:00,100.2,870.09
13203.0,2011-04-11 14:40:00,165.71,165.71
13203.0,2011-08-11 10:29:00,144.15,309.86
13203.0,2011-10-31 13:43:00,396.38,706.24
13203.0,2011-11-30 10:45:00,163.22,869.46
13207.0,2011-07-12 11:35:00,197.52,197.52
13207.0,2011-11-24 14:52:00,52.74,250.26
13208.0,2011-02-03 19:32:00,168.45,168.45
13208.0,2011-04-13 12:57:00,205.28,373.73
13208.0,2011-05-17 12:25:00,326.48,700.21
13208.0,2011-07-07 14:18:00,134.86,835.07
13208.0,2011-10-11 16:25:00,382.35,1217.42
13208.0,2011-10-12 09:54:00,6.48,1223.9
13209.0,2010-12-13 10:31:00,318.85,318.85
13209.0,2011-01-17 14:27:00,111.35,430.2
13209.0,2011-04-26 11:04:00,1932.24,2362.44
13209.0,2011-07-19 09:52:00,1198.38,3560.82
13209.0,2011-08-03 12:10:00,595.26,4156.08
13209.0,2011-11-09 13:52:00,1049.66,5205.74
13209.0,2011-11-09 13:53:00,85.92,5291.66
13209.0,2011-11-09 13:54:00,599.95,5891.61
13210.0,2011-09-07 08:18:00,353.48,353.48
13211.0,2010-12-13 16:17:00,110.7,110.7
13211.0,2011-09-05 17:36:00,775.94,886.64
13211.0,2011-11-29 14:43:00,310.78,1197.42
13212.0,2011-10-09 14:48:00,216.22,216.22
13212.0,2011-10-09 15:17:00,75.25,291.47
13212.0,2011-11-20 12:40:00,496.61,788.08
13213.0,2011-05-24 12:22:00,320.48,320.48
13213.0,2011-05-24 15:33:00,94.8,415.28
13213.0,2011-06-09 16:57:00,136.25,551.53
13213.0,2011-08-03 13:06:00,412.35,963.88
13213.0,2011-10-14 11:42:00,556.7,1520.58
13216.0,2011-03-17 12:18:00,333.74,333.74
13217.0,2011-07-06 12:08:00,85.0,85.0
13217.0,2011-07-31 10:43:00,396.96,481.96
13217.0,2011-08-09 15:32:00,52.02,533.98
13218.0,2011-08-04 16:59:00,62.64,62.64
13220.0,2011-04-17 10:59:00,83.4,83.4
13220.0,2011-05-04 11:26:00,476.29,559.69
13220.0,2011-06-07 11:10:00,166.8,726.49
13220.0,2011-09-22 13:38:00,92.8,819.29
13221.0,2010-12-15 13:24:00,498.16,498.16
13221.0,2011-04-13 16:58:00,349.25,847.41
13223.0,2011-04-21 15:16:00,100.8,100.8
13223.0,2011-05-23 13:03:00,62.4,163.2
13224.0,2011-07-11 14:10:00,1212.26,1212.26
13224.0,2011-10-10 14:55:00,943.69,2155.95
13225.0,2010-12-13 09:49:00,1206.72,1206.72
13225.0,2011-01-05 16:28:00,1263.72,2470.44
13225.0,2011-03-14 10:57:00,734.44,3204.88
13225.0,2011-05-27 12:38:00,537.0,3741.88
13225.0,2011-07-19 16:36:00,557.68,4299.56
13225.0,2011-10-10 14:06:00,801.08,5100.64
13225.0,2011-12-06 13:29:00,1363.2,6463.84
13226.0,2011-03-11 14:35:00,108.21,108.21
13227.0,2011-05-22 11:47:00,257.7,257.7
13228.0,2011-09-19 14:28:00,358.0,358.0
13229.0,2011-04-28 12:07:00,160.95,160.95
13230.0,2010-12-09 19:28:00,93.45,93.45
13230.0,2011-01-23 13:33:00,0.85,94.3
13230.0,2011-01-23 13:34:00,154.79,249.09
13230.0,2011-02-03 19:58:00,135.55,384.64
13230.0,2011-02-17 19:36:00,145.58,530.22
13230.0,2011-03-02 17:32:00,1.9,532.12
13230.0,2011-03-02 17:33:00,279.53,811.65
13230.0,2011-04-07 19:27:00,203.2,1014.85
13230.0,2011-04-14 19:15:00,233.12,1247.97
13230.0,2011-04-26 14:47:00,366.96,1614.93
13230.0,2011-05-22 11:28:00,184.55,1799.48
13230.0,2011-07-10 15:25:00,280.7,2080.18
13230.0,2011-07-24 16:15:00,148.96,2229.14
13230.0,2011-07-24 16:18:00,5.04,2234.18
13230.0,2011-11-10 20:01:00,175.53,2409.71
13230.0,2011-12-05 16:03:00,397.26,2806.97
13232.0,2011-04-10 13:48:00,117.43,117.43
13232.0,2011-05-15 12:33:00,314.26,431.69
13232.0,2011-05-27 13:26:00,260.21,691.9
13232.0,2011-06-12 11:17:00,186.55,878.45
13232.0,2011-09-02 13:18:00,169.85,1048.3
13232.0,2011-11-13 14:34:00,121.4,1169.7
13232.0,2011-11-27 10:39:00,187.9,1357.6
13233.0,2011-01-07 14:49:00,304.24,304.24
13233.0,2011-09-26 13:25:00,300.88,605.12
13235.0,2011-05-11 17:13:00,1031.07,1031.07
13236.0,2011-08-25 08:58:00,439.23,439.23
13236.0,2011-11-15 12:50:00,305.62,744.85
13238.0,2010-12-14 14:37:00,91.15,91.15
13238.0,2011-06-29 12:12:00,227.7,318.85
13238.0,2011-11-16 16:26:00,277.88,596.73
13238.0,2011-11-22 15:37:00,104.0,700.73
13239.0,2011-03-23 10:25:00,329.56,329.56
13240.0,2010-12-09 12:49:00,224.07,224.07
13240.0,2011-03-27 15:33:00,218.34,442.41
13240.0,2011-06-19 15:33:00,111.2,553.61
13240.0,2011-09-04 14:08:00,110.04,663.65
13242.0,2011-05-10 12:26:00,41.6,41.6
13242.0,2011-05-10 12:28:00,62.4,104.0
13242.0,2011-08-19 12:53:00,166.4,270.4
13243.0,2011-05-20 13:14:00,600.07,600.07
13244.0,2011-09-08 11:46:00,121.74,121.74
13245.0,2011-10-20 11:40:00,430.5,430.5
13246.0,2011-01-13 13:36:00,336.07,336.07
13246.0,2011-01-17 15:50:00,347.04,683.11
13246.0,2011-02-20 10:51:00,400.45,1083.56
13246.0,2011-05-17 12:38:00,564.96,1648.52
13246.0,2011-06-16 12:51:00,212.47,1860.99
13246.0,2011-11-21 16:50:00,126.31,1987.3
13247.0,2011-09-18 11:31:00,305.07,305.07
13247.0,2011-10-19 14:20:00,85.8,390.87
13247.0,2011-11-17 13:50:00,65.7,456.57
13247.0,2011-11-22 10:59:00,44.55,501.12
13248.0,2011-06-03 13:05:00,387.47,387.47
13248.0,2011-08-07 12:40:00,78.21,465.68
13249.0,2011-03-23 15:26:00,291.84,291.84
13249.0,2011-09-07 16:27:00,127.73,419.57
13249.0,2011-09-08 13:26:00,291.84,711.41
13253.0,2011-01-04 15:43:00,476.48,476.48
13253.0,2011-07-06 10:09:00,553.92,1030.4
13255.0,2010-12-01 11:58:00,225.7,225.7
13255.0,2011-11-30 13:14:00,173.81,399.51
13258.0,2011-05-18 13:11:00,224.62,224.62
13258.0,2011-11-16 13:27:00,370.36,594.98
13258.0,2011-11-28 09:31:00,103.6,698.58
13259.0,2011-10-09 10:48:00,292.32,292.32
13260.0,2011-10-09 13:21:00,557.62,557.62
13261.0,2011-02-27 10:41:00,845.1,845.1
13261.0,2011-03-16 12:22:00,99.0,944.1
13262.0,2011-03-21 15:06:00,200.29,200.29
13263.0,2011-01-18 16:31:00,141.66,141.66
13263.0,2011-03-06 12:46:00,427.03,568.69
13263.0,2011-03-14 15:13:00,308.09,876.78
13263.0,2011-03-24 12:53:00,217.56,1094.34
13263.0,2011-03-29 15:12:00,243.81,1338.15
13263.0,2011-04-04 13:38:00,406.82,1744.97
13263.0,2011-04-19 13:41:00,171.01,1915.98
13263.0,2011-04-21 13:30:00,133.59,2049.57
13263.0,2011-04-26 16:45:00,282.7,2332.27
13263.0,2011-05-03 15:59:00,257.86,2590.13
13263.0,2011-05-12 15:26:00,265.14,2855.27
13263.0,2011-05-12 15:32:00,7.8,2863.07
13263.0,2011-05-18 14:50:00,167.64,3030.71
13263.0,2011-05-25 11:12:00,260.04,3290.75
13263.0,2011-06-01 15:34:00,161.87,3452.62
13263.0,2011-06-16 15:07:00,324.29,3776.91
13263.0,2011-06-16 15:17:00,13.44,3790.35
13263.0,2011-06-29 15:03:00,185.85,3976.2
13263.0,2011-07-06 17:05:00,145.96,4122.16
13263.0,2011-07-13 11:44:00,163.53,4285.69
13263.0,2011-08-04 12:22:00,167.32,4453.01
13263.0,2011-08-11 14:38:00,137.5,4590.51
13263.0,2011-08-23 17:31:00,280.17,4870.68
13263.0,2011-09-13 16:27:00,276.31,5146.99
13263.0,2011-09-30 10:45:00,499.49,5646.48
13263.0,2011-10-04 14:28:00,127.85,5774.33
13263.0,2011-10-11 13:13:00,277.75,6052.08
13263.0,2011-10-19 14:26:00,15.0,6067.08
13263.0,2011-10-20 13:46:00,178.32,6245.4
13263.0,2011-10-25 16:30:00,203.44,6448.84
13263.0,2011-10-27 13:59:00,135.3,6584.14
13263.0,2011-11-23 13:01:00,338.63,6922.77
13263.0,2011-11-28 13:20:00,187.1,7109.87
13263.0,2011-12-01 11:16:00,136.85,7246.72
13263.0,2011-12-08 13:59:00,207.35,7454.07
13265.0,2011-03-11 09:54:00,307.44,307.44
13265.0,2011-04-08 15:19:00,817.44,1124.88
13265.0,2011-06-09 09:28:00,340.78,1465.66
13265.0,2011-09-12 09:36:00,336.64,1802.3
13265.0,2011-10-17 15:02:00,305.36,2107.66
13266.0,2011-03-28 10:14:00,302.22,302.22
13266.0,2011-04-06 11:34:00,303.95,606.17
13266.0,2011-04-19 11:52:00,319.48,925.65
13266.0,2011-05-05 12:52:00,305.9,1231.55
13266.0,2011-05-20 09:30:00,279.02,1510.57
13266.0,2011-06-07 13:33:00,315.86,1826.43
13266.0,2011-07-04 12:47:00,375.22,2201.65
13266.0,2011-08-19 09:35:00,333.93,2535.58
13266.0,2011-09-25 11:28:00,305.77,2841.35
13266.0,2011-10-27 14:52:00,382.34,3223.69
13266.0,2011-11-10 13:44:00,301.06,3524.75
13266.0,2011-11-28 14:39:00,309.51,3834.26
13267.0,2010-12-08 09:20:00,328.45,328.45
13267.0,2010-12-14 11:42:00,293.85,622.3
13267.0,2011-01-12 12:00:00,311.67,933.97
13267.0,2011-03-09 09:11:00,286.65,1220.62
13267.0,2011-03-09 09:12:00,15.9,1236.52
13267.0,2011-03-23 14:02:00,330.52,1567.04
13267.0,2011-04-21 13:17:00,313.65,1880.69
13267.0,2011-05-24 10:33:00,257.39,2138.08
13267.0,2011-05-24 10:34:00,9.96,2148.04
13267.0,2011-05-24 10:35:00,62.1,2210.14
13267.0,2011-07-04 15:10:00,227.95,2438.09
13267.0,2011-07-04 15:13:00,49.5,2487.59
13267.0,2011-08-21 11:43:00,313.35,2800.94
13267.0,2011-09-08 15:36:00,318.4,3119.34
13267.0,2011-11-03 17:45:00,367.69,3487.03
13267.0,2011-11-10 14:09:00,384.88,3871.91
13267.0,2011-11-22 11:04:00,348.38,4220.29
13267.0,2011-12-07 11:12:00,301.2,4521.49
13268.0,2011-03-17 13:20:00,653.57,653.57
13268.0,2011-03-30 16:52:00,457.42,1110.99
13268.0,2011-04-12 11:58:00,180.43,1291.42
13268.0,2011-05-04 11:23:00,250.04,1541.46
13268.0,2011-05-25 11:34:00,296.32,1837.78
13268.0,2011-06-23 11:38:00,312.47,2150.25
13268.0,2011-09-16 11:27:00,318.57,2468.82
13268.0,2011-11-01 11:31:00,413.41,2882.23
13268.0,2011-11-14 15:38:00,8.2,2890.43
13268.0,2011-11-22 11:34:00,302.22,3192.65
13268.0,2011-11-22 11:51:00,22.04,3214.69
13269.0,2010-12-05 11:51:00,351.43,351.43
13269.0,2010-12-13 14:52:00,310.74,662.17
13269.0,2011-04-03 12:41:00,704.6,1366.77
13269.0,2011-04-20 13:59:00,370.68,1737.45
13269.0,2011-05-05 16:56:00,310.78,2048.23
13269.0,2011-06-13 11:36:00,312.44,2360.67
13269.0,2011-07-12 15:22:00,305.1,2665.77
13269.0,2011-08-22 12:10:00,315.68,2981.45
13269.0,2011-09-12 12:45:00,362.18,3343.63
13269.0,2011-10-04 15:44:00,476.52,3820.15
13269.0,2011-10-04 15:45:00,97.7,3917.85
13269.0,2011-11-18 09:10:00,55.6,3973.45
13269.0,2011-11-18 09:11:00,553.14,4526.59
13269.0,2011-11-28 13:11:00,485.96,5012.55
13269.0,2011-12-08 14:53:00,333.68,5346.23
13270.0,2010-12-08 14:53:00,590.0,590.0
13271.0,2011-11-02 14:31:00,217.38,217.38
13272.0,2011-09-11 12:06:00,140.96,140.96
13272.0,2011-11-08 14:00:00,135.6,276.56
13273.0,2011-08-18 14:02:00,138.98,138.98
13276.0,2011-09-01 10:03:00,137.38,137.38
13276.0,2011-10-07 12:44:00,453.55,590.93
13277.0,2011-07-29 10:06:00,75.9,75.9
13277.0,2011-08-15 14:50:00,50.0,125.9
13277.0,2011-11-14 13:10:00,49.5,175.4
13277.0,2011-11-24 09:21:00,83.0,258.4
13278.0,2011-10-30 11:49:00,542.73,542.73
13279.0,2011-09-22 17:24:00,137.75,137.75
13280.0,2011-01-06 17:10:00,307.35,307.35
13280.0,2011-01-27 16:29:00,392.01,699.36
13280.0,2011-08-09 13:14:00,115.5,814.86
13282.0,2011-05-03 12:03:00,344.7,344.7
13282.0,2011-06-30 13:17:00,428.4,773.1
13282.0,2011-11-21 15:33:00,359.04,1132.14
13283.0,2011-06-07 12:39:00,25.5,25.5
13283.0,2011-10-11 09:50:00,68.16,93.66
13284.0,2011-01-13 09:23:00,201.19,201.19
13285.0,2011-02-22 17:13:00,666.89,666.89
13285.0,2011-04-27 13:03:00,506.38,1173.27
13285.0,2011-07-01 14:53:00,796.83,1970.1
13285.0,2011-11-16 13:19:00,739.02,2709.12
13291.0,2011-07-07 10:36:00,361.11,361.11
13292.0,2011-02-28 15:00:00,249.57,249.57
13292.0,2011-11-01 10:04:00,329.37,578.94
13294.0,2011-04-04 12:37:00,483.65,483.65
13294.0,2011-06-03 08:54:00,390.09,873.74
13295.0,2010-12-15 11:21:00,201.2,201.2
13296.0,2011-07-25 13:46:00,87.4,87.4
13297.0,2011-10-03 15:08:00,1315.38,1315.38
13297.0,2011-11-16 09:27:00,356.39,1671.77
13297.0,2011-11-16 09:28:00,94.56,1766.33
13297.0,2011-12-02 09:32:00,323.52,2089.85
13298.0,2011-12-08 13:11:00,360.0,360.0
13299.0,2011-03-16 12:55:00,142.5,142.5
13300.0,2011-06-23 13:09:00,371.89,371.89
13301.0,2011-02-20 13:13:00,173.91,173.91
13301.0,2011-05-01 11:55:00,153.86,327.77
13301.0,2011-07-04 13:35:00,153.13,480.9
13301.0,2011-08-28 11:25:00,137.19,618.09
13302.0,2011-07-07 17:56:00,63.75,63.75
13304.0,2010-12-23 14:35:00,300.42,300.42
13305.0,2010-12-02 12:10:00,136.2,136.2
13305.0,2011-02-17 08:58:00,152.7,288.9
13305.0,2011-03-11 15:22:00,156.6,445.5
13305.0,2011-04-08 14:26:00,194.75,640.25
13305.0,2011-07-17 10:55:00,250.95,891.2
13305.0,2011-08-16 14:41:00,194.55,1085.75
13305.0,2011-09-01 09:15:00,75.3,1161.05
13305.0,2011-09-08 10:02:00,310.2,1471.25
13305.0,2011-11-18 11:07:00,316.45,1787.7
13305.0,2011-12-05 15:15:00,213.16,2000.86
13307.0,2011-08-11 17:14:00,15.0,15.0
13308.0,2011-05-20 13:13:00,814.95,814.95
13308.0,2011-10-18 14:44:00,284.68,1099.63
13308.0,2011-11-17 09:31:00,285.88,1385.51
13309.0,2011-02-04 12:29:00,390.71,390.71
13309.0,2011-05-17 12:44:00,155.93,546.64
13309.0,2011-09-12 14:15:00,381.5,928.14
13309.0,2011-10-25 13:16:00,293.77,1221.91
13309.0,2011-12-02 16:34:00,234.88,1456.79
13310.0,2011-01-19 14:50:00,410.18,410.18
13310.0,2011-05-17 13:26:00,407.47,817.65
13310.0,2011-11-11 17:23:00,314.38,1132.03
13311.0,2011-07-12 14:26:00,490.11,490.11
13311.0,2011-12-05 12:55:00,108.46,598.57
13313.0,2011-01-04 10:00:00,307.3,307.3
13313.0,2011-05-08 13:20:00,302.44,609.74
13313.0,2011-07-21 18:19:00,308.6,918.34
13313.0,2011-11-04 11:06:00,324.3,1242.64
13313.0,2011-11-17 16:48:00,312.68,1555.32
13314.0,2011-09-27 10:20:00,499.62,499.62
13314.0,2011-10-07 13:09:00,89.85,589.47
13314.0,2011-12-08 12:29:00,186.47,775.94
13316.0,2011-03-30 13:01:00,1622.48,1622.48
13316.0,2011-07-31 11:48:00,2157.5,3779.98
13316.0,2011-09-21 12:14:00,683.58,4463.56
13316.0,2011-11-02 13:40:00,1514.17,5977.73
13317.0,2010-12-16 09:22:00,205.8,205.8
13317.0,2010-12-16 09:23:00,32.25,238.05
13317.0,2011-04-14 12:42:00,444.63,682.68
13317.0,2011-05-25 10:35:00,631.3,1313.98
13317.0,2011-10-04 13:35:00,959.7,2273.68
13318.0,2011-11-02 13:26:00,302.96,302.96
13318.0,2011-12-04 12:17:00,186.96,489.92
13318.0,2011-12-08 18:51:00,150.84,640.76
13319.0,2010-12-09 10:04:00,670.48,670.48
13319.0,2010-12-09 10:05:00,88.8,759.28
13319.0,2010-12-20 13:27:00,14.85,774.13
13319.0,2010-12-20 13:31:00,776.95,1551.08
13319.0,2011-01-04 11:40:00,510.89,2061.97
13319.0,2011-02-09 10:24:00,510.07,2572.04
13319.0,2011-02-09 10:25:00,197.0,2769.04
13319.0,2011-03-14 12:41:00,373.84,3142.88
13319.0,2011-03-14 12:42:00,52.2,3195.08
13319.0,2011-04-04 11:34:00,599.84,3794.92
13319.0,2011-05-16 09:57:00,732.92,4527.84
13319.0,2011-06-06 12:29:00,482.06,5009.9
13319.0,2011-06-23 10:14:00,573.54,5583.44
13319.0,2011-07-14 12:21:00,521.49,6104.93
13319.0,2011-07-14 12:22:00,87.3,6192.23
13319.0,2011-07-28 12:57:00,358.64,6550.87
13319.0,2011-08-18 16:43:00,346.2,6897.07
13319.0,2011-09-09 10:24:00,493.4,7390.47
13319.0,2011-10-04 09:02:00,678.11,8068.58
13319.0,2011-10-04 09:03:00,180.0,8248.58
13319.0,2011-11-10 14:29:00,1855.99,10104.57
13319.0,2011-11-10 14:30:00,112.04,10216.61
13319.0,2011-11-10 14:31:00,24.96,10241.57
13319.0,2011-11-22 16:39:00,294.88,10536.45
13319.0,2011-12-04 13:34:00,309.1,10845.55
13320.0,2011-05-10 10:29:00,319.81,319.81
13320.0,2011-05-10 10:30:00,188.8,508.61
13320.0,2011-08-25 12:10:00,472.54,981.15
13320.0,2011-09-22 18:07:00,567.55,1548.7
13321.0,2011-09-14 15:18:00,259.04,259.04
13321.0,2011-09-28 15:24:00,308.32,567.36
13322.0,2011-11-22 14:21:00,199.48,199.48
13323.0,2011-09-16 13:23:00,120.3,120.3
13323.0,2011-11-07 16:00:00,97.7,218.0
13323.0,2011-11-18 10:24:00,137.3,355.3
13323.0,2011-12-01 14:36:00,157.75,513.05
13323.0,2011-12-06 17:12:00,274.8,787.85
13324.0,2010-12-14 09:50:00,650.1,650.1
13324.0,2011-01-31 10:13:00,460.5,1110.6
13324.0,2011-04-11 10:09:00,423.0,1533.6
13324.0,2011-04-11 10:59:00,903.87,2437.47
13324.0,2011-05-20 12:17:00,504.0,2941.47
13324.0,2011-05-20 13:34:00,648.72,3590.19
13324.0,2011-05-20 14:06:00,208.8,3798.99
13324.0,2011-09-11 12:23:00,1783.24,5582.23
13324.0,2011-09-11 12:34:00,855.6,6437.83
13324.0,2011-11-03 16:28:00,684.12,7121.95
13325.0,2011-09-19 10:36:00,675.3,675.3
13327.0,2010-12-09 15:32:00,685.0,685.0
13327.0,2010-12-09 15:33:00,60.0,745.0
13327.0,2011-02-17 09:47:00,202.9,947.9
13327.0,2011-03-25 13:35:00,474.05,1421.95
13327.0,2011-06-07 08:54:00,450.4,1872.35
13327.0,2011-07-18 15:39:00,484.1,2356.45
13327.0,2011-08-19 11:55:00,382.3,2738.75
13327.0,2011-11-01 10:21:00,889.02,3627.77
13328.0,2011-01-27 15:22:00,1308.48,1308.48
13329.0,2010-12-08 10:11:00,304.2,304.2
13329.0,2011-11-08 10:29:00,484.8,789.0
13330.0,2011-01-28 10:08:00,335.82,335.82
13330.0,2011-06-07 12:18:00,392.4,728.22
13330.0,2011-09-08 12:27:00,412.71,1140.93
13332.0,2011-11-25 13:30:00,350.9,350.9
13334.0,2011-02-07 11:42:00,1660.44,1660.44
13334.0,2011-06-02 11:33:00,1071.4,2731.84
13334.0,2011-09-18 15:21:00,804.98,3536.82
13336.0,2011-09-23 14:05:00,795.12,795.12
13338.0,2011-07-05 09:06:00,487.02,487.02
13339.0,2011-05-23 08:31:00,860.12,860.12
13340.0,2011-03-08 11:39:00,3678.03,3678.03
13340.0,2011-07-17 13:25:00,810.09,4488.12
13340.0,2011-07-17 13:26:00,482.8,4970.92
13340.0,2011-07-28 15:20:00,3301.38,8272.3
13340.0,2011-08-26 09:55:00,957.24,9229.54
13340.0,2011-10-25 13:14:00,909.26,10138.8
13340.0,2011-10-25 13:15:00,597.68,10736.48
13341.0,2011-03-24 09:50:00,775.85,775.85
13343.0,2011-06-15 12:24:00,353.43,353.43
13344.0,2011-03-07 10:28:00,1656.15,1656.15
13344.0,2011-10-03 09:44:00,565.49,2221.64
13344.0,2011-10-03 09:45:00,322.08,2543.72
13345.0,2011-02-25 09:01:00,389.5,389.5
13347.0,2011-09-30 13:28:00,341.36,341.36
13348.0,2011-10-06 17:28:00,233.76,233.76
13349.0,2011-11-29 08:07:00,247.32,247.32
13350.0,2011-09-21 13:33:00,646.57,646.57
13350.0,2011-11-23 16:33:00,332.55,979.12
13351.0,2011-10-04 12:55:00,373.94,373.94
13352.0,2011-10-10 13:55:00,397.98,397.98
13354.0,2011-09-29 13:17:00,743.53,743.53
13355.0,2011-08-09 14:48:00,674.7,674.7
13356.0,2011-09-20 14:33:00,768.24,768.24
13357.0,2011-03-27 13:56:00,609.95,609.95
13358.0,2011-03-16 11:52:00,439.03,439.03
13359.0,2011-10-07 09:30:00,439.56,439.56
13362.0,2011-02-25 11:33:00,812.7,812.7
13362.0,2011-04-08 08:21:00,768.83,1581.53
13362.0,2011-10-18 11:18:00,756.11,2337.64
13362.0,2011-11-30 14:41:00,753.1,3090.74
13363.0,2011-10-27 10:46:00,603.82,603.82
13363.0,2011-11-22 12:40:00,388.68,992.5
13364.0,2011-09-29 18:13:00,134.96,134.96
13365.0,2011-05-06 12:00:00,700.6,700.6
13365.0,2011-11-06 12:36:00,1524.77,2225.37
13366.0,2011-10-20 13:37:00,56.16,56.16
13368.0,2011-01-06 12:32:00,35.4,35.4
13368.0,2011-03-28 09:59:00,588.0,623.4
13369.0,2010-12-09 11:30:00,308.28,308.28
13370.0,2010-12-03 10:26:00,754.87,754.87
13372.0,2011-09-11 12:46:00,378.64,378.64
13373.0,2011-03-08 14:35:00,987.7,987.7
13373.0,2011-07-04 12:19:00,1067.88,2055.58
13373.0,2011-10-10 10:51:00,1256.67,3312.25
13375.0,2011-09-12 10:19:00,778.65,778.65
13376.0,2011-04-19 13:03:00,376.0,376.0
13376.0,2011-05-20 09:08:00,394.0,770.0
13376.0,2011-09-01 16:16:00,249.76,1019.76
13379.0,2011-07-26 12:26:00,136.29,136.29
13379.0,2011-10-02 15:18:00,299.53,435.82
13379.0,2011-11-13 13:45:00,136.74,572.56
13381.0,2011-02-14 10:10:00,416.11,416.11
13381.0,2011-05-16 16:22:00,655.24,1071.35
13381.0,2011-07-15 11:04:00,709.74,1781.09
13381.0,2011-08-18 13:47:00,680.24,2461.33
13381.0,2011-09-11 15:35:00,520.9,2982.23
13381.0,2011-11-08 11:58:00,657.08,3639.31
13382.0,2011-03-04 10:03:00,222.99,222.99
13384.0,2011-06-14 12:47:00,1172.6,1172.6
13384.0,2011-08-03 09:40:00,583.24,1755.84
13384.0,2011-09-13 13:49:00,1024.08,2779.92
13384.0,2011-09-27 11:34:00,261.55,3041.47
13384.0,2011-09-27 11:35:00,90.0,3131.47
13384.0,2011-10-25 15:39:00,298.26,3429.73
13384.0,2011-11-09 11:04:00,722.2,4151.93
13385.0,2011-01-14 09:52:00,534.57,534.57
13388.0,2011-07-31 12:52:00,677.1,677.1
13389.0,2011-04-21 12:12:00,257.89,257.89
13389.0,2011-09-26 09:52:00,322.26,580.15
13389.0,2011-11-28 14:01:00,217.81,797.96
13390.0,2011-09-26 08:38:00,544.08,544.08
13391.0,2011-05-20 10:50:00,59.8,59.8
13394.0,2011-02-03 10:39:00,313.76,313.76
13394.0,2011-03-17 18:18:00,320.42,634.18
13394.0,2011-05-09 12:29:00,301.15,935.33
13394.0,2011-07-11 13:40:00,301.26,1236.59
13394.0,2011-08-16 09:25:00,306.86,1543.45
13394.0,2011-09-22 16:20:00,302.74,1846.19
13394.0,2011-10-17 10:17:00,371.73,2217.92
13394.0,2011-12-08 11:36:00,302.1,2520.02
13395.0,2011-06-07 15:04:00,307.72,307.72
13396.0,2011-01-24 13:37:00,387.27,387.27
13396.0,2011-11-10 16:59:00,973.72,1360.99
13397.0,2011-01-04 13:50:00,299.92,299.92
13397.0,2011-02-18 12:13:00,301.85,601.77
13397.0,2011-06-09 15:35:00,378.7,980.47
13397.0,2011-08-21 11:29:00,247.72,1228.19
13397.0,2011-09-28 10:56:00,315.94,1544.13
13398.0,2011-05-31 13:17:00,457.34,457.34
13402.0,2010-12-02 17:12:00,308.28,308.28
13402.0,2011-08-04 15:51:00,312.95,621.23
13403.0,2011-11-22 08:28:00,75.0,75.0
13404.0,2011-05-11 11:57:00,217.81,217.81
13404.0,2011-12-08 15:37:00,34.68,252.49
13405.0,2011-01-26 09:27:00,160.05,160.05
13405.0,2011-05-19 16:31:00,397.4,557.45
13405.0,2011-09-26 17:01:00,15.0,572.45
13408.0,2010-12-01 10:39:00,1024.68,1024.68
13408.0,2010-12-03 09:39:00,534.0,1558.68
13408.0,2010-12-13 13:27:00,689.04,2247.72
13408.0,2010-12-16 08:10:00,379.68,2627.4
13408.0,2010-12-16 15:34:00,403.8,3031.2
13408.0,2011-01-06 15:41:00,304.2,3335.4
13408.0,2011-01-24 10:56:00,904.66,4240.06
13408.0,2011-01-31 12:34:00,631.36,4871.42
13408.0,2011-02-15 10:45:00,793.5,5664.92
13408.0,2011-03-07 12:00:00,294.17,5959.09
13408.0,2011-03-23 12:39:00,524.82,6483.91
13408.0,2011-03-23 12:41:00,59.4,6543.31
13408.0,2011-03-27 15:40:00,612.38,7155.69
13408.0,2011-04-03 11:51:00,231.3,7386.99
13408.0,2011-04-13 14:24:00,381.0,7767.99
13408.0,2011-04-13 14:25:00,33.0,7800.99
13408.0,2011-04-13 14:27:00,408.9,8209.89
13408.0,2011-04-26 09:31:00,564.5,8774.39
13408.0,2011-04-28 15:23:00,453.2,9227.59
13408.0,2011-05-16 09:49:00,1100.74,10328.33
13408.0,2011-05-16 09:50:00,205.88,10534.21
13408.0,2011-05-16 09:52:00,438.8,10973.01
13408.0,2011-05-16 09:54:00,134.1,11107.11
13408.0,2011-06-02 12:37:00,397.8,11504.91
13408.0,2011-06-14 13:15:00,451.26,11956.17
13408.0,2011-06-14 13:17:00,102.0,12058.17
13408.0,2011-06-14 13:18:00,109.2,12167.37
13408.0,2011-06-26 10:59:00,708.06,12875.43
13408.0,2011-06-26 11:00:00,35.4,12910.83
13408.0,2011-07-05 09:10:00,789.66,13700.49
13408.0,2011-07-12 16:37:00,515.3,14215.79
13408.0,2011-07-24 15:46:00,1104.31,15320.1
13408.0,2011-08-03 15:38:00,572.32,15892.42
13408.0,2011-08-03 15:39:00,66.0,15958.42
13408.0,2011-08-11 12:17:00,383.96,16342.38
13408.0,2011-08-22 11:54:00,463.82,16806.2
13408.0,2011-08-25 15:21:00,601.88,17408.08
13408.0,2011-09-01 10:38:00,428.6,17836.68
13408.0,2011-09-11 10:52:00,889.4,18726.08
13408.0,2011-09-11 10:53:00,174.84,18900.92
13408.0,2011-09-14 12:51:00,466.52,19367.44
13408.0,2011-09-25 14:32:00,974.14,20341.58
13408.0,2011-09-25 14:41:00,40.0,20381.58
13408.0,2011-10-04 12:41:00,971.46,21353.04
13408.0,2011-10-04 12:42:00,23.8,21376.84
13408.0,2011-10-26 13:22:00,309.76,21686.6
13408.0,2011-10-26 13:24:00,327.98,22014.58
13408.0,2011-10-26 13:28:00,397.02,22411.6
13408.0,2011-10-26 13:34:00,118.44,22530.04
13408.0,2011-11-03 14:47:00,660.7,23190.74
13408.0,2011-11-09 11:58:00,550.44,23741.18
13408.0,2011-11-16 13:13:00,1145.32,24886.5
13408.0,2011-11-22 09:24:00,604.0,25490.5
13408.0,2011-11-23 10:36:00,472.6,25963.1
13408.0,2011-11-28 13:25:00,745.32,26708.42
13408.0,2011-12-01 14:55:00,545.78,27254.2
13408.0,2011-12-06 12:41:00,417.0,27671.2
13408.0,2011-12-08 09:05:00,445.84,28117.04
13410.0,2011-02-21 14:38:00,250.24,250.24
13410.0,2011-03-21 15:02:00,154.4,404.64
13410.0,2011-06-05 15:52:00,140.4,545.04
13410.0,2011-09-26 11:39:00,183.62,728.66
13410.0,2011-11-15 15:33:00,274.4,1003.06
13411.0,2011-08-24 13:57:00,213.55,213.55
13414.0,2011-02-16 12:13:00,390.0,390.0
13414.0,2011-07-05 12:52:00,467.7,857.7
13414.0,2011-07-29 11:45:00,532.8,1390.5
13416.0,2011-09-19 14:43:00,275.0,275.0
13416.0,2011-10-27 08:56:00,437.5,712.5
13417.0,2011-05-18 16:26:00,236.0,236.0
13417.0,2011-12-05 08:49:00,404.83,640.83
13418.0,2010-12-02 10:45:00,610.64,610.64
13418.0,2010-12-02 10:46:00,12.6,623.24
13418.0,2010-12-10 09:53:00,369.1,992.34
13418.0,2010-12-15 13:49:00,571.48,1563.82
13418.0,2010-12-15 13:50:00,15.8,1579.62
13418.0,2011-04-01 14:19:00,362.24,1941.86
13418.0,2011-05-11 10:29:00,879.92,2821.78
13418.0,2011-05-11 10:30:00,72.0,2893.78
13418.0,2011-05-19 14:05:00,446.82,3340.6
13418.0,2011-06-28 16:02:00,376.92,3717.52
13418.0,2011-06-28 16:03:00,60.8,3778.32
13418.0,2011-07-06 15:49:00,221.0,3999.32
13418.0,2011-07-06 15:50:00,79.62,4078.94
13418.0,2011-08-07 15:43:00,263.19,4342.13
13418.0,2011-09-02 09:43:00,402.0,4744.13
13418.0,2011-09-16 12:17:00,324.0,5068.13
13418.0,2011-10-10 11:59:00,370.68,5438.81
13418.0,2011-11-28 10:23:00,688.62,6127.43
13419.0,2011-10-07 12:49:00,221.06,221.06
13420.0,2011-06-22 11:35:00,55.8,55.8
13420.0,2011-07-13 08:48:00,104.05,159.85
13421.0,2011-02-22 15:46:00,825.04,825.04
13421.0,2011-10-30 14:21:00,1026.04,1851.08
13422.0,2011-10-06 13:42:00,2626.3,2626.3
13425.0,2011-02-18 08:34:00,401.57,401.57
13425.0,2011-06-24 13:28:00,773.08,1174.65
13425.0,2011-08-23 17:13:00,449.56,1624.21
13426.0,2010-12-15 12:43:00,336.98,336.98
13426.0,2011-01-07 11:54:00,302.45,639.43
13426.0,2011-03-30 14:23:00,306.39,945.82
13426.0,2011-04-15 12:05:00,339.2,1285.02
13426.0,2011-06-10 09:23:00,273.66,1558.68
13426.0,2011-09-11 11:59:00,451.97,2010.65
13426.0,2011-10-06 13:28:00,697.46,2708.11
13426.0,2011-11-13 12:32:00,342.95,3051.06
13426.0,2011-11-29 13:29:00,298.48,3349.54
13426.0,2011-12-09 08:59:00,291.78,3641.32
13427.0,2011-05-08 15:58:00,214.5,214.5
13427.0,2011-08-11 12:53:00,250.36,464.86
13427.0,2011-11-20 13:02:00,117.74,582.6
13428.0,2011-11-29 14:20:00,218.47,218.47
13429.0,2011-09-25 15:59:00,330.6,330.6
13429.0,2011-10-10 12:51:00,165.72,496.32
13429.0,2011-10-21 12:25:00,196.68,693.0
13429.0,2011-11-29 09:10:00,313.8,1006.8
13430.0,2011-09-14 14:26:00,336.31,336.31
13430.0,2011-11-21 08:19:00,343.14,679.45
13431.0,2011-09-12 11:25:00,853.68,853.68
13431.0,2011-10-03 13:49:00,415.42,1269.1
13434.0,2011-09-04 10:35:00,72.84,72.84
13434.0,2011-09-26 14:30:00,461.4,534.24
13435.0,2011-06-03 17:07:00,443.72,443.72
13435.0,2011-08-05 11:49:00,251.26,694.98
13435.0,2011-08-21 13:43:00,393.14,1088.12
13435.0,2011-09-25 15:15:00,884.9,1973.02
13435.0,2011-10-26 14:50:00,558.6,2531.62
13435.0,2011-11-15 15:23:00,835.97,3367.59
13435.0,2011-12-04 14:45:00,442.3,3809.89
13436.0,2011-12-08 10:33:00,196.89,196.89
13437.0,2011-06-02 14:30:00,1440.9,1440.9
13437.0,2011-06-23 12:13:00,220.83,1661.73
13437.0,2011-08-02 14:00:00,362.52,2024.25
13437.0,2011-09-01 18:20:00,149.35,2173.6
13437.0,2011-11-08 14:02:00,422.04,2595.64
13437.0,2011-11-15 15:05:00,352.6,2948.24
13437.0,2011-11-25 14:00:00,459.82,3408.06
13439.0,2011-03-29 14:20:00,283.71,283.71
13441.0,2011-09-09 09:38:00,296.64,296.64
13447.0,2011-11-04 10:10:00,223.71,223.71
13447.0,2011-11-06 11:56:00,430.3,654.01
13447.0,2011-11-16 13:38:00,475.13,1129.14
13448.0,2010-12-01 10:52:00,426.56,426.56
13448.0,2010-12-01 10:53:00,17.4,443.96
13448.0,2010-12-10 14:29:00,385.58,829.54
13448.0,2011-05-05 11:53:00,593.72,1423.26
13448.0,2011-09-20 12:53:00,1065.79,2489.05
13448.0,2011-11-23 12:33:00,1050.32,3539.37
13449.0,2011-11-16 08:28:00,291.88,291.88
13450.0,2011-05-05 19:48:00,240.6,240.6
13450.0,2011-05-19 12:36:00,437.94,678.54
13450.0,2011-07-01 14:51:00,440.64,1119.18
13450.0,2011-08-07 10:24:00,302.28,1421.46
13450.0,2011-09-11 14:00:00,305.82,1727.28
13450.0,2011-11-13 11:54:00,316.44,2043.72
13451.0,2011-01-09 15:35:00,401.49,401.49
13451.0,2011-03-15 15:37:00,610.88,1012.37
13451.0,2011-05-12 18:49:00,640.01,1652.38
13451.0,2011-08-05 16:43:00,811.01,2463.39
13451.0,2011-11-13 15:58:00,512.76,2976.15
13452.0,2011-03-14 11:38:00,295.0,295.0
13452.0,2011-03-25 14:19:00,295.0,590.0
13453.0,2011-02-23 09:44:00,185.0,185.0
13453.0,2011-06-27 09:34:00,171.98,356.98
13455.0,2010-12-08 13:11:00,692.94,692.94
13455.0,2011-11-15 11:21:00,365.4,1058.34
13456.0,2011-05-16 15:34:00,207.66,207.66
13456.0,2011-06-17 08:52:00,217.4,425.06
13456.0,2011-07-07 13:52:00,430.0,855.06
13456.0,2011-10-07 15:18:00,454.76,1309.82
13456.0,2011-11-18 10:46:00,200.45,1510.27
13456.0,2011-11-22 09:18:00,256.45,1766.72
13458.0,2010-12-15 12:05:00,1185.86,1185.86
13458.0,2011-01-06 11:25:00,1489.18,2675.04
13458.0,2011-02-07 13:50:00,818.86,3493.9
13458.0,2011-02-25 11:30:00,676.92,4170.82
13458.0,2011-04-12 13:19:00,1015.14,5185.96
13458.0,2011-05-09 15:21:00,443.66,5629.62
13458.0,2011-06-03 10:29:00,630.46,6260.08
13458.0,2011-06-23 12:41:00,300.78,6560.86
13458.0,2011-07-27 10:40:00,794.58,7355.44
13458.0,2011-09-01 12:46:00,322.98,7678.42
13458.0,2011-10-05 11:44:00,498.36,8176.78
13458.0,2011-10-27 10:15:00,495.86,8672.64
13458.0,2011-11-16 15:10:00,389.41,9062.05
13458.0,2011-12-02 15:29:00,584.52,9646.57
13460.0,2011-10-21 09:50:00,107.46,107.46
13460.0,2011-11-10 17:17:00,75.98,183.44
13461.0,2011-06-29 10:23:00,576.4,576.4
13461.0,2011-07-24 11:32:00,307.8,884.2
13461.0,2011-11-01 09:01:00,560.8,1445.0
13462.0,2011-04-01 11:20:00,151.5,151.5
13464.0,2011-10-12 15:01:00,674.68,674.68
13466.0,2011-06-08 16:39:00,307.9,307.9
13467.0,2011-11-03 16:56:00,782.46,782.46
13467.0,2011-11-29 10:01:00,301.25,1083.71
13468.0,2010-12-01 15:08:00,360.05,360.05
13468.0,2010-12-06 13:34:00,222.18,582.23
13468.0,2010-12-16 11:15:00,328.77,911.0
13468.0,2011-01-11 10:40:00,145.75,1056.75
13468.0,2011-01-25 15:36:00,146.1,1202.85
13468.0,2011-02-02 11:43:00,141.3,1344.15
13468.0,2011-02-10 14:49:00,160.15,1504.3
13468.0,2011-02-24 17:50:00,89.3,1593.6
13468.0,2011-02-24 17:51:00,15.9,1609.5
13468.0,2011-03-08 08:52:00,126.65,1736.15
13468.0,2011-03-10 14:56:00,245.52,1981.67
13468.0,2011-03-18 14:51:00,113.35,2095.02
13468.0,2011-03-25 10:42:00,102.7,2197.72
13468.0,2011-03-31 11:52:00,102.4,2300.12
13468.0,2011-04-01 10:10:00,297.12,2597.24
13468.0,2011-04-05 16:13:00,173.24,2770.48
13468.0,2011-04-15 11:47:00,190.98,2961.46
13468.0,2011-04-27 14:43:00,154.66,3116.12
13468.0,2011-05-08 12:48:00,109.8,3225.92
13468.0,2011-05-19 09:59:00,253.8,3479.72
13468.0,2011-05-22 14:35:00,111.4,3591.12
13468.0,2011-06-13 07:58:00,102.72,3693.84
13468.0,2011-07-06 10:41:00,110.55,3804.39
13468.0,2011-07-17 12:35:00,115.87,3920.26
13468.0,2011-07-28 17:53:00,106.8,4027.06
13468.0,2011-08-10 12:18:00,107.1,4134.16
13468.0,2011-08-24 10:22:00,121.37,4255.53
13468.0,2011-09-05 15:56:00,356.75,4612.28
13468.0,2011-09-08 10:52:00,126.74,4739.02
13468.0,2011-09-26 09:59:00,116.12,4855.14
13468.0,2011-10-05 09:42:00,122.05,4977.19
13468.0,2011-10-12 14:10:00,100.58,5077.77
13468.0,2011-11-01 10:32:00,85.45,5163.22
13468.0,2011-11-10 15:06:00,125.38,5288.6
13468.0,2011-11-21 16:40:00,135.43,5424.03
13468.0,2011-12-02 12:07:00,156.4,5580.43
13468.0,2011-12-08 10:39:00,124.54,5704.97
13470.0,2011-08-16 17:06:00,115.5,115.5
13470.0,2011-09-01 14:57:00,49.5,165.0
13471.0,2011-10-23 13:10:00,941.67,941.67
13471.0,2011-11-18 09:57:00,604.73,1546.4
13471.0,2011-12-04 11:45:00,892.94,2439.34
13471.0,2011-12-08 15:44:00,92.24,2531.58
13473.0,2011-01-11 08:45:00,241.26,241.26
13473.0,2011-10-10 11:20:00,181.38,422.64
13474.0,2011-04-17 13:53:00,229.59,229.59
13475.0,2011-02-14 12:36:00,317.12,317.12
13475.0,2011-03-23 09:43:00,589.4,906.52
13475.0,2011-05-06 12:21:00,371.96,1278.48
13475.0,2011-06-01 13:52:00,153.3,1431.78
13476.0,2011-03-03 14:43:00,727.6,727.6
13476.0,2011-06-14 12:00:00,510.87,1238.47
13477.0,2011-02-21 12:29:00,185.4,185.4
13477.0,2011-05-12 13:10:00,330.63,516.03
13477.0,2011-06-22 12:44:00,249.76,765.79
13477.0,2011-07-24 13:17:00,133.76,899.55
13477.0,2011-10-13 09:55:00,464.07,1363.62
13477.0,2011-11-02 12:04:00,90.96,1454.58
13479.0,2011-04-19 11:27:00,144.35,144.35
13479.0,2011-05-23 10:45:00,156.6,300.95
13481.0,2011-03-28 09:07:00,665.28,665.28
13481.0,2011-05-31 15:26:00,313.71,978.99
13481.0,2011-08-23 13:27:00,367.34,1346.33
13481.0,2011-08-23 13:28:00,15.0,1361.33
13481.0,2011-10-25 09:07:00,443.23,1804.56
13482.0,2011-04-21 17:03:00,184.64,184.64
13483.0,2011-10-05 11:53:00,140.34,140.34
13484.0,2011-04-12 16:30:00,313.8,313.8
13485.0,2011-04-20 13:58:00,454.24,454.24
13486.0,2011-07-07 17:19:00,202.16,202.16
13486.0,2011-08-03 13:10:00,617.45,819.61
13486.0,2011-09-22 13:13:00,302.8,1122.41
13487.0,2010-12-21 14:54:00,193.15,193.15
13487.0,2011-05-10 16:19:00,215.65,408.8
13487.0,2011-10-13 12:07:00,166.6,575.4
13488.0,2010-12-07 13:01:00,1381.92,1381.92
13488.0,2011-01-12 11:52:00,1358.29,2740.21
13488.0,2011-02-04 08:27:00,655.55,3395.76
13488.0,2011-03-24 10:48:00,713.95,4109.71
13488.0,2011-05-17 11:02:00,927.45,5037.16
13488.0,2011-05-27 10:41:00,493.27,5530.43
13488.0,2011-07-18 11:58:00,272.81,5803.24
13488.0,2011-07-18 11:59:00,150.78,5954.02
13488.0,2011-08-11 10:29:00,642.36,6596.38
13488.0,2011-09-13 12:52:00,432.75,7029.13
13488.0,2011-09-28 13:04:00,338.06,7367.19
13488.0,2011-10-27 14:05:00,878.98,8246.17
13488.0,2011-11-22 14:41:00,722.14,8968.31
13489.0,2011-02-18 10:42:00,77.28,77.28
13489.0,2011-02-23 13:43:00,158.4,235.68
13489.0,2011-07-05 11:30:00,51.36,287.04
13489.0,2011-08-26 13:16:00,162.48,449.52
13491.0,2010-12-02 14:30:00,98.9,98.9
13491.0,2010-12-15 10:48:00,97.5,196.4
13491.0,2011-01-11 09:58:00,140.49,336.89
13491.0,2011-01-26 10:30:00,187.85,524.74
13491.0,2011-02-02 12:36:00,117.09,641.83
13491.0,2011-03-04 14:52:00,162.08,803.91
13491.0,2011-03-21 13:58:00,90.8,894.71
13491.0,2011-04-06 12:56:00,136.92,1031.63
13491.0,2011-07-15 09:00:00,56.82,1088.45
13491.0,2011-10-19 08:32:00,127.37,1215.82
13492.0,2011-05-09 10:06:00,315.3,315.3
13492.0,2011-07-01 08:55:00,360.8,676.1
13492.0,2011-07-26 14:25:00,593.74,1269.84
13493.0,2011-02-25 16:42:00,179.35,179.35
13493.0,2011-03-09 15:35:00,439.28,618.63
13494.0,2011-02-01 11:58:00,316.26,316.26
13495.0,2010-12-06 15:14:00,510.95,510.95
13495.0,2010-12-15 11:32:00,354.48,865.43
13495.0,2011-04-21 15:15:00,207.0,1072.43
13495.0,2011-11-04 10:29:00,659.8,1732.23
13495.0,2011-12-02 11:21:00,312.64,2044.87
13496.0,2010-12-15 10:17:00,501.01,501.01
13496.0,2011-11-29 10:58:00,152.32,653.33
13497.0,2010-12-06 11:37:00,153.5,153.5
13497.0,2011-03-02 09:04:00,194.55,348.05
13499.0,2011-03-15 08:52:00,158.23,158.23
13499.0,2011-04-28 14:59:00,305.56,463.79
13499.0,2011-09-27 09:33:00,150.06,613.85
13499.0,2011-11-10 15:09:00,323.62,937.47
13499.0,2011-11-22 11:21:00,221.64,1159.11
13500.0,2011-08-09 12:20:00,326.4,326.4
13500.0,2011-11-03 17:48:00,342.4,668.8
13500.0,2011-11-16 15:35:00,497.97,1166.77
13501.0,2011-02-24 18:59:00,1340.32,1340.32
13502.0,2011-01-20 09:03:00,114.6,114.6
13502.0,2011-03-10 08:40:00,74.56,189.16
13502.0,2011-11-23 10:39:00,102.84,292.0
13503.0,2011-09-29 13:23:00,216.85,216.85
13504.0,2011-10-06 13:20:00,295.93,295.93
13505.0,2011-04-21 12:07:00,1009.69,1009.69
13505.0,2011-05-31 15:41:00,906.4,1916.09
13505.0,2011-06-26 12:36:00,667.03,2583.12
13505.0,2011-09-28 11:56:00,1810.51,4393.63
13506.0,2010-12-05 12:15:00,301.12,301.12
13506.0,2011-01-27 13:53:00,157.4,458.52
13507.0,2011-07-17 11:50:00,1242.38,1242.38
13507.0,2011-08-24 15:12:00,394.09,1636.47
13507.0,2011-09-02 15:45:00,386.32,2022.79
13507.0,2011-12-06 13:13:00,456.37,2479.16
13508.0,2011-04-10 11:58:00,110.97,110.97
13509.0,2011-02-28 13:27:00,209.32,209.32
13509.0,2011-03-11 15:42:00,127.2,336.52
13509.0,2011-03-30 13:01:00,313.5,650.02
13509.0,2011-07-13 10:08:00,15.0,665.02
13509.0,2011-09-01 08:25:00,40.0,705.02
13509.0,2011-10-18 11:41:00,176.6,881.62
13509.0,2011-12-01 10:10:00,98.1,979.72
13510.0,2011-06-09 09:32:00,585.32,585.32
13510.0,2011-09-05 14:11:00,312.49,897.81
13510.0,2011-10-25 13:51:00,551.89,1449.7
13510.0,2011-12-08 13:46:00,341.86,1791.56
13512.0,2011-03-24 10:03:00,251.21,251.21
13513.0,2011-08-05 11:50:00,205.1,205.1
13514.0,2011-09-27 09:39:00,152.2,152.2
13515.0,2011-04-06 10:33:00,203.4,203.4
13515.0,2011-07-14 15:02:00,132.16,335.56
13515.0,2011-08-14 13:21:00,188.4,523.96
13515.0,2011-09-28 11:26:00,367.16,891.12
13516.0,2011-04-15 11:06:00,146.0,146.0
13516.0,2011-09-28 12:28:00,474.41,620.41
13516.0,2011-11-18 13:15:00,769.0,1389.41
13517.0,2011-06-13 08:44:00,1101.86,1101.86
13517.0,2011-08-25 11:40:00,510.32,1612.18
13517.0,2011-10-11 11:43:00,516.24,2128.42
13518.0,2011-09-15 10:29:00,659.44,659.44
13519.0,2011-09-22 18:24:00,122.75,122.75
13520.0,2010-12-03 10:36:00,303.4,303.4
13520.0,2011-01-19 12:14:00,685.12,988.52
13520.0,2011-03-25 14:19:00,490.78,1479.3
13520.0,2011-06-08 10:15:00,612.68,2091.98
13520.0,2011-07-25 12:22:00,856.0,2947.98
13520.0,2011-10-12 10:20:00,676.37,3624.35
13521.0,2011-11-29 15:09:00,287.88,287.88
13521.0,2011-12-04 14:55:00,436.82,724.7
13521.0,2011-12-08 13:50:00,368.95,1093.65
13522.0,2011-11-09 15:11:00,125.8,125.8
13523.0,2010-12-08 14:22:00,566.95,566.95
13523.0,2011-05-24 08:49:00,1695.54,2262.49
13523.0,2011-05-24 08:51:00,106.75,2369.24
13523.0,2011-10-24 10:29:00,616.8,2986.04
13523.0,2011-11-06 15:11:00,978.84,3964.88
13524.0,2011-05-04 12:26:00,159.2,159.2
13524.0,2011-06-19 15:56:00,88.5,247.7
13524.0,2011-08-30 12:45:00,161.16,408.86
13524.0,2011-09-19 12:29:00,75.0,483.86
13524.0,2011-10-30 12:34:00,196.32,680.18
13525.0,2011-04-05 15:36:00,282.88,282.88
13525.0,2011-11-25 12:01:00,345.9,628.78
13527.0,2011-01-17 11:17:00,110.45,110.45
13527.0,2011-05-22 12:16:00,475.19,585.64
13527.0,2011-08-14 12:23:00,444.44,1030.08
13527.0,2011-08-26 13:22:00,336.34,1366.42
13527.0,2011-09-11 12:09:00,482.75,1849.17
13527.0,2011-09-11 12:15:00,11.97,1861.14
13527.0,2011-11-06 12:04:00,426.37,2287.51
13529.0,2011-05-19 11:50:00,181.1,181.1
13529.0,2011-09-22 09:15:00,126.66,307.76
13531.0,2010-12-08 15:03:00,305.45,305.45
13531.0,2011-05-18 16:56:00,178.35,483.8
13532.0,2011-11-06 12:25:00,210.31,210.31
13533.0,2011-03-17 12:47:00,128.49,128.49
13533.0,2011-03-17 12:53:00,18.15,146.64
13533.0,2011-06-10 11:54:00,124.15,270.79
13534.0,2010-12-16 15:23:00,253.5,253.5
13534.0,2010-12-16 15:24:00,29.7,283.2
13534.0,2011-01-07 12:14:00,188.0,471.2
13534.0,2011-01-26 10:33:00,347.15,818.35
13534.0,2011-01-27 16:11:00,31.8,850.15
13534.0,2011-02-08 10:17:00,179.6,1029.75
13534.0,2011-03-23 15:16:00,249.5,1279.25
13534.0,2011-03-23 15:17:00,264.8,1544.05
13534.0,2011-04-13 10:40:00,124.8,1668.85
13534.0,2011-04-21 10:29:00,345.35,2014.2
13534.0,2011-05-13 09:37:00,314.0,2328.2
13534.0,2011-05-13 09:38:00,19.8,2348.0
13534.0,2011-05-24 12:36:00,300.8,2648.8
13534.0,2011-06-06 09:03:00,304.28,2953.08
13534.0,2011-07-01 09:51:00,410.9,3363.98
13534.0,2011-07-28 10:38:00,307.35,3671.33
13534.0,2011-07-29 15:11:00,362.0,4033.33
13534.0,2011-08-24 10:36:00,338.2,4371.53
13534.0,2011-10-17 11:05:00,451.6,4823.13
13534.0,2011-10-17 11:07:00,383.55,5206.68
13534.0,2011-11-07 09:40:00,306.2,5512.88
13534.0,2011-12-07 14:52:00,357.2,5870.08
13536.0,2011-09-25 13:30:00,455.17,455.17
13536.0,2011-10-18 08:12:00,369.74,824.91
13536.0,2011-11-13 13:18:00,672.99,1497.9
13536.0,2011-11-20 11:52:00,492.94,1990.84
13536.0,2011-11-30 14:42:00,448.45,2439.29
13536.0,2011-12-04 11:55:00,659.65,3098.94
13536.0,2011-12-08 16:38:00,349.35,3448.29
13538.0,2011-01-28 10:40:00,166.8,166.8
13538.0,2011-03-10 07:42:00,337.5,504.3
13538.0,2011-06-09 14:26:00,115.2,619.5
13538.0,2011-07-14 17:20:00,95.4,714.9
13538.0,2011-08-11 08:50:00,176.85,891.75
13538.0,2011-09-06 13:11:00,99.0,990.75
13538.0,2011-10-27 16:34:00,290.1,1280.85
13539.0,2011-02-03 15:23:00,164.1,164.1
13539.0,2011-04-13 13:45:00,151.55,315.65
13539.0,2011-09-15 10:18:00,315.69,631.34
13544.0,2011-04-13 12:09:00,122.91,122.91
13544.0,2011-10-31 11:57:00,168.5,291.41
13546.0,2011-05-23 12:14:00,188.16,188.16
13546.0,2011-10-17 14:51:00,230.12,418.28
13546.0,2011-11-27 14:50:00,208.71,626.99
13548.0,2011-04-10 11:35:00,281.01,281.01
13548.0,2011-09-04 14:50:00,401.4,682.41
13549.0,2011-04-11 13:42:00,183.5,183.5
13549.0,2011-05-22 13:29:00,223.7,407.2
13549.0,2011-05-31 09:37:00,105.35,512.55
13549.0,2011-07-12 10:05:00,116.55,629.1
13549.0,2011-07-20 13:21:00,132.95,762.05
13549.0,2011-10-06 16:28:00,70.15,832.2
13549.0,2011-11-14 09:20:00,86.0,918.2
13551.0,2011-01-24 14:46:00,91.8,91.8
13552.0,2011-01-28 10:10:00,313.7,313.7
13552.0,2011-03-28 10:25:00,191.25,504.95
13552.0,2011-03-28 10:26:00,277.8,782.75
13552.0,2011-05-18 15:39:00,538.18,1320.93
13552.0,2011-05-18 15:41:00,540.36,1861.29
13552.0,2011-06-13 12:51:00,146.2,2007.49
13552.0,2011-06-13 12:52:00,271.6,2279.09
13552.0,2011-08-05 15:45:00,463.9,2742.99
13552.0,2011-08-08 11:28:00,19.92,2762.91
13552.0,2011-09-14 11:53:00,471.84,3234.75
13552.0,2011-09-14 11:54:00,79.8,3314.55
13552.0,2011-10-04 15:19:00,425.52,3740.07
13555.0,2011-05-22 11:06:00,976.12,976.12
13555.0,2011-05-22 11:24:00,613.93,1590.05
13555.0,2011-09-27 12:26:00,1693.7,3283.75
13555.0,2011-09-27 12:36:00,865.53,4149.28
13557.0,2011-03-04 12:14:00,240.68,240.68
13557.0,2011-11-11 15:24:00,343.38,584.06
13558.0,2011-10-02 13:01:00,201.99,201.99
13558.0,2011-10-09 11:15:00,121.26,323.25
13558.0,2011-11-16 12:13:00,159.13,482.38
13558.0,2011-12-04 11:24:00,122.68,605.06
13560.0,2011-12-02 13:11:00,174.37,174.37
13561.0,2011-05-08 12:39:00,141.86,141.86
13562.0,2011-04-08 12:42:00,603.27,603.27
13562.0,2011-07-21 15:12:00,606.46,1209.73
13562.0,2011-09-19 10:51:00,589.6,1799.33
13563.0,2011-07-22 17:21:00,310.88,310.88
13563.0,2011-09-16 14:45:00,466.65,777.53
13564.0,2010-12-06 17:26:00,540.0,540.0
13564.0,2010-12-20 16:50:00,658.38,1198.38
13564.0,2011-07-18 14:33:00,550.64,1749.02
13565.0,2011-01-09 14:28:00,110.18,110.18
13565.0,2011-11-20 14:33:00,130.04,240.22
13566.0,2011-09-18 12:40:00,585.18,585.18
13566.0,2011-10-30 11:59:00,289.53,874.71
13568.0,2011-06-19 14:42:00,192.85,192.85
13569.0,2010-12-07 12:29:00,118.32,118.32
13569.0,2011-11-22 13:07:00,255.43,373.75
13570.0,2011-04-10 13:36:00,239.49,239.49
13571.0,2011-03-31 12:43:00,145.27,145.27
13571.0,2011-04-27 13:31:00,126.74,272.01
13571.0,2011-05-31 14:55:00,120.59,392.6
13571.0,2011-06-08 12:03:00,114.71,507.31
13571.0,2011-07-20 14:33:00,126.58,633.89
13571.0,2011-08-04 11:59:00,167.26,801.15
13571.0,2011-09-08 11:27:00,282.68,1083.83
13571.0,2011-10-02 12:30:00,205.28,1289.11
13571.0,2011-10-26 12:36:00,136.63,1425.74
13571.0,2011-11-01 13:44:00,213.82,1639.56
13571.0,2011-11-13 12:47:00,228.97,1868.53
13571.0,2011-11-27 10:47:00,223.79,2092.32
13572.0,2011-05-18 11:59:00,1384.25,1384.25
13573.0,2011-03-31 14:47:00,31.77,31.77
13573.0,2011-10-20 14:33:00,262.63,294.4
13575.0,2011-06-16 14:24:00,88.55,88.55
13575.0,2011-07-29 11:28:00,130.2,218.75
13575.0,2011-09-30 09:20:00,258.46,477.21
13575.0,2011-10-12 11:55:00,147.41,624.62
13575.0,2011-11-16 13:14:00,107.45,732.07
13576.0,2010-12-01 17:24:00,349.15,349.15
13576.0,2011-01-06 14:58:00,623.68,972.83
13576.0,2011-02-02 15:13:00,349.89,1322.72
13576.0,2011-02-22 09:11:00,364.32,1687.04
13576.0,2011-03-23 11:18:00,330.24,2017.28
13576.0,2011-04-20 09:01:00,426.24,2443.52
13576.0,2011-05-04 14:55:00,302.88,2746.4
13576.0,2011-06-05 11:21:00,389.61,3136.01
13576.0,2011-06-16 15:36:00,343.44,3479.45
13576.0,2011-07-01 13:48:00,351.48,3830.93
13576.0,2011-07-24 10:30:00,354.24,4185.17
13576.0,2011-08-18 16:19:00,332.04,4517.21
13576.0,2011-09-04 12:07:00,323.73,4840.94
13576.0,2011-09-29 15:32:00,502.44,5343.38
13576.0,2011-10-19 12:50:00,283.89,5627.27
13576.0,2011-11-10 14:35:00,543.36,6170.63
13576.0,2011-11-23 11:37:00,219.23,6389.86
13576.0,2011-11-29 15:34:00,327.48,6717.34
13577.0,2011-04-12 10:33:00,356.75,356.75
13577.0,2011-07-14 10:11:00,465.35,822.1
13577.0,2011-09-08 11:44:00,371.7,1193.8
13577.0,2011-11-14 15:19:00,493.8,1687.6
13579.0,2010-12-05 16:10:00,164.7,164.7
13579.0,2011-11-25 08:41:00,302.34,467.04
13581.0,2011-02-03 14:41:00,118.0,118.0
13583.0,2011-07-07 10:40:00,781.03,781.03
13584.0,2011-02-06 12:49:00,142.4,142.4
13587.0,2011-10-07 12:31:00,712.4,712.4
13588.0,2011-03-29 15:53:00,113.3,113.3
13588.0,2011-07-26 09:27:00,491.0,604.3
13588.0,2011-08-11 15:25:00,471.32,1075.62
13588.0,2011-09-01 11:15:00,345.1,1420.72
13588.0,2011-09-14 09:21:00,185.22,1605.94
13588.0,2011-10-21 10:32:00,425.38,2031.32
13588.0,2011-11-09 12:49:00,222.0,2253.32
13588.0,2011-11-11 13:29:00,5.43,2258.75
13588.0,2011-11-24 10:42:00,220.2,2478.95
13589.0,2011-06-13 12:44:00,147.0,147.0
13589.0,2011-11-25 12:10:00,232.65,379.65
13590.0,2011-02-09 13:25:00,309.06,309.06
13590.0,2011-04-14 16:31:00,301.42,610.48
13590.0,2011-05-24 09:56:00,301.55,912.03
13590.0,2011-07-12 10:46:00,204.35,1116.38
13590.0,2011-10-19 12:16:00,552.4,1668.78
13590.0,2011-11-28 12:54:00,313.14,1981.92
13591.0,2011-03-18 12:18:00,462.2,462.2
13591.0,2011-05-19 13:58:00,314.03,776.23
13591.0,2011-10-06 12:26:00,340.9,1117.13
13592.0,2011-03-20 14:01:00,76.72,76.72
13592.0,2011-05-10 15:48:00,95.94,172.66
13592.0,2011-05-18 09:13:00,32.85,205.51
13592.0,2011-11-04 09:49:00,42.45,247.96
13593.0,2011-01-07 16:32:00,559.85,559.85
13593.0,2011-03-20 10:13:00,447.5,1007.35
13593.0,2011-03-21 12:10:00,15.6,1022.95
13593.0,2011-06-30 12:23:00,368.3,1391.25
13593.0,2011-08-23 13:35:00,645.83,2037.08
13594.0,2011-10-18 10:19:00,396.97,396.97
13596.0,2011-11-27 11:57:00,411.6,411.6
13596.0,2011-12-04 12:01:00,285.44,697.04
13598.0,2011-10-23 14:28:00,180.17,180.17
13599.0,2010-12-08 10:11:00,253.24,253.24
13599.0,2010-12-08 10:13:00,99.6,352.84
13599.0,2011-01-06 15:25:00,369.14,721.98
13599.0,2011-03-01 14:56:00,580.57,1302.55
13599.0,2011-04-12 09:02:00,173.01,1475.56
13599.0,2011-04-12 09:03:00,158.8,1634.36
13599.0,2011-05-25 14:54:00,371.3,2005.66
13599.0,2011-07-06 12:18:00,308.18,2313.84
13599.0,2011-09-16 09:24:00,520.04,2833.88
13599.0,2011-11-03 09:55:00,530.42,3364.3
13599.0,2011-11-07 13:45:00,490.79,3855.09
13599.0,2011-11-16 15:31:00,295.8,4150.89
13599.0,2011-11-18 08:21:00,184.26,4335.15
13599.0,2011-11-22 15:52:00,272.36,4607.51
13599.0,2011-11-29 09:13:00,93.84,4701.35
13599.0,2011-11-29 09:14:00,29.88,4731.23
13599.0,2011-11-29 09:15:00,102.76,4833.99
13599.0,2011-12-01 12:54:00,204.22,5038.21
13599.0,2011-12-08 16:10:00,115.46,5153.67
13600.0,2011-01-31 15:27:00,219.52,219.52
13601.0,2011-05-12 16:52:00,373.2,373.2
13601.0,2011-10-25 17:31:00,320.12,693.32
13602.0,2011-10-06 11:47:00,428.89,428.89
13603.0,2011-11-13 15:57:00,164.34,164.34
13606.0,2011-02-01 11:42:00,70.02,70.02
13606.0,2011-04-10 12:52:00,180.4,250.42
13606.0,2011-11-10 17:46:00,30.12,280.54
13607.0,2011-10-30 16:17:00,678.01,678.01
13610.0,2011-02-27 14:44:00,239.17,239.17
13610.0,2011-04-10 14:27:00,110.55,349.72
13610.0,2011-06-05 13:44:00,124.65,474.37
13610.0,2011-07-17 15:45:00,173.39,647.76
13610.0,2011-08-21 14:42:00,128.45,776.21
13610.0,2011-10-16 15:44:00,237.43,1013.64
13610.0,2011-11-27 15:38:00,118.24,1131.88
13611.0,2010-12-15 10:31:00,303.15,303.15
13611.0,2011-06-22 12:25:00,333.57,636.72
13611.0,2011-09-11 14:51:00,535.08,1171.8
13614.0,2011-01-13 12:37:00,205.75,205.75
13614.0,2011-06-28 14:58:00,589.23,794.98
13614.0,2011-09-11 14:05:00,302.15,1097.13
13614.0,2011-11-15 14:47:00,513.33,1610.46
13615.0,2011-01-25 08:21:00,417.69,417.69
13617.0,2011-06-12 12:55:00,131.11,131.11
13617.0,2011-08-18 13:17:00,234.59,365.7
13617.0,2011-10-30 13:50:00,178.48,544.18
13618.0,2011-06-19 11:09:00,177.34,177.34
13621.0,2011-08-15 08:26:00,213.85,213.85
13623.0,2011-02-15 13:08:00,156.0,156.0
13623.0,2011-03-17 13:13:00,101.35,257.35
13623.0,2011-04-03 11:11:00,146.99,404.34
13623.0,2011-05-13 16:12:00,147.58,551.92
13623.0,2011-11-09 12:00:00,195.86,747.78
13626.0,2011-04-01 10:05:00,257.23,257.23
13627.0,2010-12-17 09:52:00,311.19,311.19
13627.0,2011-05-19 09:47:00,294.73,605.92
13627.0,2011-06-16 13:50:00,421.08,1027.0
13627.0,2011-09-21 12:55:00,307.18,1334.18
13627.0,2011-10-11 14:20:00,304.29,1638.47
13629.0,2011-01-05 12:09:00,660.0,660.0
13629.0,2011-02-02 07:51:00,765.0,1425.0
13629.0,2011-04-14 11:32:00,642.0,2067.0
13629.0,2011-05-13 11:25:00,821.0,2888.0
13629.0,2011-06-19 13:28:00,778.0,3666.0
13629.0,2011-07-20 08:48:00,336.36,4002.36
13629.0,2011-07-26 09:55:00,895.0,4897.36
13629.0,2011-09-01 18:54:00,821.0,5718.36
13629.0,2011-10-07 10:12:00,537.0,6255.36
13629.0,2011-11-09 09:52:00,821.0,7076.36
13629.0,2011-11-16 13:21:00,716.0,7792.36
13630.0,2011-02-27 12:49:00,299.14,299.14
13630.0,2011-04-08 15:49:00,431.78,730.92
13630.0,2011-06-08 13:56:00,320.92,1051.84
13630.0,2011-06-21 17:51:00,7.7,1059.54
13630.0,2011-08-26 10:32:00,301.92,1361.46
13630.0,2011-09-25 10:30:00,438.32,1799.78
13630.0,2011-12-04 15:16:00,232.0,2031.78
13631.0,2011-03-17 17:13:00,80.0,80.0
13631.0,2011-05-17 16:21:00,850.0,930.0
13631.0,2011-05-17 16:23:00,100.0,1030.0
13631.0,2011-05-22 10:27:00,300.0,1330.0
13631.0,2011-06-15 11:27:00,160.0,1490.0
13631.0,2011-06-15 11:29:00,40.0,1530.0
13631.0,2011-06-28 15:28:00,250.0,1780.0
13631.0,2011-06-28 15:30:00,510.72,2290.72
13631.0,2011-07-19 15:48:00,667.2,2957.92
13631.0,2011-07-19 15:49:00,60.0,3017.92
13631.0,2011-09-01 09:57:00,52.5,3070.42
13632.0,2011-04-10 15:07:00,261.58,261.58
13632.0,2011-04-20 11:45:00,351.45,613.03
13632.0,2011-06-19 12:23:00,201.57,814.6
13632.0,2011-10-28 08:34:00,854.53,1669.13
13632.0,2011-11-15 10:51:00,452.14,2121.27
13634.0,2011-01-16 15:30:00,362.0,362.0
13634.0,2011-04-11 16:17:00,263.41,625.41
13634.0,2011-08-25 13:46:00,158.36,783.77
13634.0,2011-09-14 12:42:00,588.51,1372.28
13634.0,2011-11-06 13:40:00,202.88,1575.16
13635.0,2011-10-03 10:55:00,1071.03,1071.03
13636.0,2011-02-27 14:29:00,154.5,154.5
13636.0,2011-03-24 09:50:00,137.35,291.85
13636.0,2011-04-01 12:09:00,249.6,541.45
13636.0,2011-08-09 14:56:00,105.1,646.55
13636.0,2011-11-03 10:30:00,302.57,949.12
13637.0,2011-04-27 13:06:00,422.6,422.6
13637.0,2011-06-05 13:24:00,262.25,684.85
13637.0,2011-10-18 13:32:00,125.65,810.5
13638.0,2011-11-24 10:38:00,122.64,122.64
13639.0,2011-09-26 13:36:00,1033.34,1033.34
13642.0,2011-05-08 12:34:00,354.8,354.8
13643.0,2011-06-07 11:40:00,87.9,87.9
13643.0,2011-09-02 10:42:00,171.5,259.4
13643.0,2011-11-08 15:37:00,260.04,519.44
13644.0,2011-08-26 11:53:00,851.09,851.09
13644.0,2011-09-27 10:27:00,547.52,1398.61
13644.0,2011-10-26 11:08:00,446.73,1845.34
13644.0,2011-11-23 14:07:00,778.92,2624.26
13645.0,2011-08-11 16:11:00,252.1,252.1
13647.0,2011-04-19 09:49:00,424.64,424.64
13647.0,2011-06-17 13:17:00,379.22,803.86
13647.0,2011-09-29 13:21:00,472.04,1275.9
13647.0,2011-11-30 12:00:00,402.22,1678.12
13649.0,2010-12-08 14:46:00,197.8,197.8
13649.0,2011-03-28 11:51:00,148.8,346.6
13650.0,2011-03-17 12:37:00,372.12,372.12
13650.0,2011-05-16 14:19:00,373.4,745.52
13650.0,2011-09-12 12:45:00,317.96,1063.48
13650.0,2011-10-04 09:51:00,474.62,1538.1
13650.0,2011-11-23 12:22:00,298.24,1836.34
13651.0,2011-10-31 12:11:00,79.2,79.2
13651.0,2011-11-04 14:59:00,15.0,94.2
13652.0,2010-12-06 09:21:00,308.8,308.8
13652.0,2011-03-28 09:21:00,329.44,638.24
13652.0,2011-10-25 08:51:00,456.84,1095.08
13654.0,2011-03-11 12:54:00,312.93,312.93
13654.0,2011-04-11 14:07:00,485.31,798.24
13654.0,2011-05-22 10:21:00,374.6,1172.84
13654.0,2011-07-17 13:29:00,541.43,1714.27
13654.0,2011-10-27 16:23:00,893.46,2607.73
13654.0,2011-10-27 16:24:00,99.6,2707.33
13655.0,2011-04-12 09:53:00,383.65,383.65
13655.0,2011-08-17 14:25:00,549.32,932.97
13656.0,2011-01-06 15:42:00,162.7,162.7
13656.0,2011-06-28 10:31:00,216.95,379.65
13657.0,2011-05-22 12:35:00,152.34,152.34
13657.0,2011-11-29 12:32:00,229.8,382.14
13658.0,2011-05-19 17:15:00,933.3,933.3
13658.0,2011-09-15 13:20:00,1009.27,1942.57
13658.0,2011-09-15 13:21:00,154.2,2096.77
13658.0,2011-11-30 10:11:00,434.8,2531.57
13658.0,2011-11-30 10:13:00,107.6,2639.17
13659.0,2011-01-23 12:08:00,1045.4,1045.4
13659.0,2011-05-18 12:37:00,527.8,1573.2
13662.0,2011-03-25 13:23:00,227.7,227.7
13662.0,2011-05-11 13:23:00,305.24,532.94
13662.0,2011-09-15 12:04:00,364.82,897.76
13663.0,2011-06-13 15:44:00,189.47,189.47
13666.0,2011-02-25 13:05:00,43.65,43.65
13666.0,2011-02-25 13:08:00,20.4,64.05
13666.0,2011-10-10 15:39:00,20.6,84.65
13667.0,2011-07-13 15:42:00,305.02,305.02
13668.0,2010-12-12 12:35:00,177.66,177.66
13668.0,2011-01-09 11:02:00,208.56,386.22
13668.0,2011-02-03 13:53:00,231.4,617.62
13668.0,2011-02-17 12:27:00,1131.46,1749.08
13668.0,2011-03-16 12:45:00,311.66,2060.74
13668.0,2011-03-27 14:18:00,173.77,2234.51
13668.0,2011-04-04 13:32:00,221.25,2455.76
13668.0,2011-04-11 14:00:00,145.26,2601.02
13668.0,2011-04-26 12:08:00,360.03,2961.05
13668.0,2011-05-03 12:53:00,478.51,3439.56
13668.0,2011-05-22 14:29:00,318.51,3758.07
13668.0,2011-06-05 12:48:00,302.81,4060.88
13668.0,2011-06-26 14:28:00,184.82,4245.7
13668.0,2011-07-21 13:28:00,87.3,4333.0
13668.0,2011-07-26 12:59:00,170.76,4503.76
13668.0,2011-08-18 12:53:00,431.11,4934.87
13668.0,2011-10-13 15:15:00,188.94,5123.81
13668.0,2011-11-08 12:42:00,150.92,5274.73
13668.0,2011-11-17 12:42:00,331.55,5606.28
13668.0,2011-11-29 12:50:00,424.29,6030.57
13668.0,2011-12-07 12:11:00,333.02,6363.59
13669.0,2011-07-13 11:44:00,48.15,48.15
13669.0,2011-10-20 09:32:00,170.4,218.55
13670.0,2011-09-25 15:25:00,349.7,349.7
13672.0,2011-01-11 13:54:00,62.13,62.13
13672.0,2011-02-11 13:53:00,124.26,186.39
13673.0,2011-11-07 15:40:00,213.6,213.6
13673.0,2011-11-21 12:11:00,183.32,396.92
13675.0,2011-02-28 12:14:00,308.44,308.44
13675.0,2011-07-11 12:57:00,178.38,486.82
13678.0,2011-07-11 10:14:00,232.6,232.6
13680.0,2011-01-04 14:12:00,871.48,871.48
13680.0,2011-01-06 12:11:00,1520.11,2391.59
13680.0,2011-10-31 13:22:00,692.45,3084.04
13680.0,2011-12-08 13:47:00,638.38,3722.42
13681.0,2011-07-07 15:21:00,203.46,203.46
13681.0,2011-10-02 11:41:00,327.62,531.08
13681.0,2011-11-13 15:25:00,179.67,710.75
13681.0,2011-11-22 11:13:00,117.08,827.83
13682.0,2011-06-05 14:06:00,59.5,59.5
13684.0,2011-02-27 10:13:00,67.23,67.23
13685.0,2011-10-10 12:59:00,1334.16,1334.16
13685.0,2011-10-17 10:17:00,5.93,1340.09
13685.0,2011-10-25 13:14:00,594.36,1934.45
13685.0,2011-12-05 14:23:00,5.48,1939.93
13685.0,2011-12-06 11:32:00,3.2,1943.13
13685.0,2011-12-06 13:45:00,6.31,1949.44
13685.0,2011-12-07 11:41:00,1170.0,3119.44
13686.0,2011-06-10 09:10:00,72.0,72.0
13689.0,2011-10-07 13:21:00,910.0,910.0
13690.0,2011-10-11 15:03:00,172.25,172.25
13692.0,2011-04-17 12:57:00,856.63,856.63
13692.0,2011-05-10 10:11:00,14.95,871.58
13692.0,2011-11-15 11:17:00,616.74,1488.32
13694.0,2010-12-01 12:12:00,842.12,842.12
13694.0,2010-12-16 17:43:00,2054.92,2897.04
13694.0,2011-01-05 10:39:00,1179.6,4076.64
13694.0,2011-01-13 10:08:00,1431.28,5507.92
13694.0,2011-01-28 12:11:00,1521.1,7029.02
13694.0,2011-02-04 08:58:00,693.48,7722.5
13694.0,2011-02-04 08:59:00,376.32,8098.82
13694.0,2011-02-22 12:51:00,1972.7,10071.52
13694.0,2011-02-22 12:53:00,479.76,10551.28
13694.0,2011-02-23 12:41:00,218.88,10770.16
13694.0,2011-03-04 09:05:00,3547.34,14317.5
13694.0,2011-03-22 12:33:00,3221.88,17539.38
13694.0,2011-03-23 14:39:00,1320.0,18859.38
13694.0,2011-04-01 09:19:00,888.2,19747.58
13694.0,2011-04-01 09:25:00,237.9,19985.48
13694.0,2011-04-01 11:46:00,35.28,20020.76
13694.0,2011-04-13 11:48:00,1357.63,21378.39
13694.0,2011-04-13 11:53:00,81.6,21459.99
13694.0,2011-04-27 11:26:00,347.68,21807.67
13694.0,2011-05-03 13:52:00,1132.95,22940.62
13694.0,2011-05-05 13:53:00,897.6,23838.22
13694.0,2011-05-08 12:13:00,1128.94,24967.16
13694.0,2011-05-10 11:56:00,716.0,25683.16
13694.0,2011-05-25 09:58:00,2044.84,27728.0
13694.0,2011-05-25 10:02:00,262.55,27990.55
13694.0,2011-05-31 09:52:00,208.8,28199.35
13694.0,2011-06-09 19:33:00,3027.31,31226.66
13694.0,2011-06-16 09:04:00,1084.24,32310.9
13694.0,2011-06-30 12:42:00,1948.92,34259.82
13694.0,2011-07-05 16:08:00,600.72,34860.54
13694.0,2011-07-21 16:10:00,452.71,35313.25
13694.0,2011-07-21 16:12:00,890.0,36203.25
13694.0,2011-08-04 12:14:00,1505.64,37708.89
13694.0,2011-08-18 11:00:00,1459.12,39168.01
13694.0,2011-08-18 11:03:00,237.6,39405.61
13694.0,2011-08-24 13:23:00,2736.99,42142.6
13694.0,2011-08-24 13:24:00,2275.0,44417.6
13694.0,2011-08-24 13:26:00,1304.44,45722.04
13694.0,2011-08-24 13:27:00,189.6,45911.64
13694.0,2011-09-15 12:55:00,1596.24,47507.88
13694.0,2011-09-15 12:56:00,1642.18,49150.06
13694.0,2011-09-29 10:22:00,2377.0,51527.06
13694.0,2011-10-25 15:34:00,1632.63,53159.69
13694.0,2011-10-26 13:47:00,605.52,53765.21
13694.0,2011-10-28 12:34:00,3304.03,57069.24
13694.0,2011-11-14 11:09:00,3419.64,60488.88
13694.0,2011-11-14 11:11:00,1419.58,61908.46
13694.0,2011-12-06 09:30:00,1225.0,63133.46
13694.0,2011-12-06 09:31:00,1761.16,64894.62
13694.0,2011-12-06 09:32:00,145.0,65039.62
13695.0,2011-03-25 11:31:00,83.14,83.14
13695.0,2011-04-17 15:53:00,71.42,154.56
13695.0,2011-04-26 13:36:00,76.32,230.88
13695.0,2011-05-10 15:49:00,54.6,285.48
13695.0,2011-06-03 14:26:00,340.44,625.92
13695.0,2011-06-22 15:00:00,123.62,749.54
13695.0,2011-07-05 15:12:00,139.68,889.22
13695.0,2011-07-25 15:01:00,95.28,984.5
13695.0,2011-08-03 10:49:00,218.27,1202.77
13695.0,2011-08-12 11:29:00,81.0,1283.77
13695.0,2011-08-12 11:41:00,101.76,1385.53
13695.0,2011-09-02 14:09:00,381.54,1767.07
13695.0,2011-09-19 11:37:00,329.88,2096.95
13695.0,2011-10-07 12:12:00,110.4,2207.35
13695.0,2011-11-08 14:26:00,296.78,2504.13
13697.0,2011-11-01 09:14:00,151.3,151.3
13699.0,2011-07-07 16:51:00,308.58,308.58
13700.0,2011-01-16 13:18:00,120.73,120.73
13700.0,2011-01-16 13:19:00,35.28,156.01
13700.0,2011-03-13 11:21:00,301.04,457.05
13700.0,2011-04-12 11:32:00,314.52,771.57
13700.0,2011-04-13 13:25:00,172.09,943.66
13700.0,2011-06-16 11:24:00,302.14,1245.8
13700.0,2011-09-08 11:53:00,14.99,1260.79
13700.0,2011-09-08 12:05:00,390.47,1651.26
13700.0,2011-10-18 13:26:00,305.76,1957.02
13700.0,2011-11-13 13:00:00,308.1,2265.12
13703.0,2011-01-25 13:10:00,99.5,99.5
13704.0,2011-09-12 14:40:00,88.56,88.56
13704.0,2011-09-13 15:41:00,417.08,505.64
13704.0,2011-09-19 15:49:00,92.28,597.92
13704.0,2011-09-21 16:31:00,269.16,867.08
13704.0,2011-09-27 10:04:00,422.32,1289.4
13704.0,2011-10-12 12:44:00,397.29,1686.69
13704.0,2011-10-24 10:23:00,219.33,1906.02
13704.0,2011-11-17 14:30:00,237.36,2143.38
13704.0,2011-12-04 15:13:00,164.68,2308.06
13705.0,2010-12-01 10:29:00,318.14,318.14
13705.0,2011-07-18 09:15:00,204.54,522.68
13705.0,2011-12-02 12:32:00,189.18,711.86
13706.0,2011-02-10 09:21:00,330.79,330.79
13707.0,2011-01-28 13:27:00,583.41,583.41
13707.0,2011-03-17 18:03:00,223.0,806.41
13708.0,2011-03-13 13:46:00,296.88,296.88
13709.0,2011-01-28 14:57:00,474.7,474.7
13709.0,2011-06-24 09:22:00,736.78,1211.48
13709.0,2011-06-24 09:24:00,327.6,1539.08
13709.0,2011-08-04 14:30:00,788.04,2327.12
13709.0,2011-08-30 10:20:00,612.09,2939.21
13709.0,2011-10-05 14:53:00,596.22,3535.43
13709.0,2011-10-05 14:56:00,82.8,3618.23
13709.0,2011-10-21 15:18:00,1097.24,4715.47
13709.0,2011-11-03 11:29:00,774.9,5490.37
13709.0,2011-11-03 11:31:00,92.38,5582.75
13709.0,2011-11-03 11:32:00,216.99,5799.74
13709.0,2011-12-06 10:27:00,497.11,6296.85
13709.0,2011-12-06 10:28:00,31.2,6328.05
13710.0,2011-11-08 08:16:00,180.48,180.48
13711.0,2011-05-05 10:29:00,170.96,170.96
13711.0,2011-05-05 10:31:00,81.1,252.06
13712.0,2011-04-07 12:33:00,228.84,228.84
13715.0,2010-12-02 08:52:00,272.65,272.65
13715.0,2010-12-12 12:41:00,212.08,484.73
13715.0,2010-12-12 12:51:00,11.9,496.63
13715.0,2011-01-05 12:15:00,445.22,941.85
13715.0,2011-03-03 19:21:00,137.49,1079.34
13716.0,2011-03-15 13:49:00,138.28,138.28
13717.0,2011-02-14 13:21:00,298.05,298.05
13717.0,2011-04-13 09:39:00,272.54,570.59
13717.0,2011-06-20 15:08:00,183.63,754.22
13717.0,2011-08-03 08:21:00,201.77,955.99
13717.0,2011-10-14 14:16:00,301.54,1257.53
13717.0,2011-11-07 14:13:00,187.48,1445.01
13718.0,2011-02-17 11:58:00,114.05,114.05
13718.0,2011-04-07 13:24:00,192.5,306.55
13719.0,2011-04-19 13:56:00,132.9,132.9
13719.0,2011-05-18 12:52:00,205.84,338.74
13719.0,2011-10-13 15:19:00,250.49,589.23
13719.0,2011-11-06 15:02:00,330.79,920.02
13719.0,2011-11-24 15:26:00,121.66,1041.68
13720.0,2011-03-30 09:17:00,266.2,266.2
13720.0,2011-04-15 15:17:00,165.9,432.1
13720.0,2011-06-14 14:06:00,120.45,552.55
13720.0,2011-08-15 12:46:00,247.35,799.9
13721.0,2011-11-03 14:05:00,524.14,524.14
13722.0,2011-03-02 11:43:00,1463.47,1463.47
13722.0,2011-07-31 12:43:00,738.06,2201.53
13722.0,2011-07-31 12:44:00,173.88,2375.41
13723.0,2011-05-06 17:04:00,199.85,199.85
13725.0,2011-02-04 12:18:00,947.65,947.65
13725.0,2011-02-07 15:14:00,220.98,1168.63
13725.0,2011-02-20 10:43:00,136.0,1304.63
13725.0,2011-02-24 16:31:00,147.3,1451.93
13725.0,2011-03-20 11:43:00,146.87,1598.8
13725.0,2011-04-28 15:13:00,152.8,1751.6
13725.0,2011-06-23 16:02:00,114.1,1865.7
13725.0,2011-10-21 10:03:00,114.86,1980.56
13726.0,2011-08-31 11:06:00,292.68,292.68
13726.0,2011-11-01 10:49:00,786.98,1079.66
13727.0,2011-11-06 12:16:00,223.08,223.08
13727.0,2011-11-11 09:46:00,110.4,333.48
13728.0,2011-02-02 12:09:00,158.58,158.58
13728.0,2011-03-30 12:05:00,183.0,341.58
13728.0,2011-05-25 10:53:00,152.35,493.93
13728.0,2011-07-28 10:46:00,141.15,635.08
13728.0,2011-08-24 12:54:00,161.94,797.02
13728.0,2011-11-03 10:49:00,219.12,1016.14
13730.0,2011-07-01 12:47:00,306.75,306.75
13730.0,2011-07-27 08:35:00,445.85,752.6
13731.0,2011-04-07 10:10:00,308.12,308.12
13731.0,2011-05-04 14:33:00,302.47,610.59
13732.0,2011-11-11 15:49:00,491.86,491.86
13735.0,2011-04-19 13:49:00,935.15,935.15
13735.0,2011-06-17 11:07:00,474.54,1409.69
13735.0,2011-10-27 14:22:00,991.56,2401.25
13735.0,2011-11-15 11:14:00,483.99,2885.24
13736.0,2011-03-24 13:04:00,357.53,357.53
13736.0,2011-12-04 15:19:00,374.37,731.9
13737.0,2011-05-23 16:32:00,339.6,339.6
13739.0,2011-11-21 13:35:00,216.9,216.9
13740.0,2011-04-13 10:32:00,350.75,350.75
13741.0,2011-05-06 13:43:00,162.96,162.96
13741.0,2011-06-09 07:53:00,200.17,363.13
13741.0,2011-09-29 09:19:00,305.3,668.43
13742.0,2011-01-23 14:59:00,469.18,469.18
13742.0,2011-02-13 12:03:00,526.1,995.28
13742.0,2011-02-25 13:40:00,176.05,1171.33
13742.0,2011-04-15 15:54:00,172.72,1344.05
13742.0,2011-05-10 09:35:00,298.43,1642.48
13742.0,2011-06-05 13:46:00,319.0,1961.48
13742.0,2011-06-08 13:09:00,180.04,2141.52
13742.0,2011-06-08 13:14:00,14.5,2156.02
13742.0,2011-06-13 17:08:00,293.0,2449.02
13742.0,2011-06-30 13:25:00,199.7,2648.72
13742.0,2011-09-11 11:24:00,142.9,2791.62
13742.0,2011-11-23 11:07:00,339.4,3131.02
13743.0,2011-03-25 14:46:00,141.72,141.72
13743.0,2011-05-06 14:32:00,211.44,353.16
13743.0,2011-07-07 15:31:00,275.76,628.92
13743.0,2011-08-16 12:59:00,166.32,795.24
13743.0,2011-08-24 10:20:00,116.88,912.12
13743.0,2011-09-12 12:19:00,153.72,1065.84
13743.0,2011-12-07 10:09:00,275.76,1341.6
13744.0,2011-02-20 14:08:00,893.16,893.16
13744.0,2011-09-05 15:19:00,263.2,1156.36
13745.0,2011-06-30 16:43:00,300.04,300.04
13747.0,2010-12-01 10:37:00,79.6,79.6
13748.0,2010-12-01 09:00:00,204.0,204.0
13748.0,2011-04-07 10:13:00,229.4,433.4
13748.0,2011-04-21 14:30:00,147.45,580.85
13748.0,2011-09-05 09:45:00,367.4,948.25
13750.0,2011-01-07 11:49:00,325.44,325.44
13750.0,2011-02-16 09:08:00,363.36,688.8
13750.0,2011-06-21 15:13:00,302.39,991.19
13750.0,2011-07-22 14:39:00,325.44,1316.63
13750.0,2011-10-17 12:16:00,330.63,1647.26
13751.0,2011-02-24 15:56:00,296.25,296.25
13752.0,2011-04-07 12:04:00,277.6,277.6
13752.0,2011-05-09 14:02:00,148.08,425.68
13752.0,2011-05-15 14:48:00,298.99,724.67
13752.0,2011-06-08 10:49:00,166.86,891.53
13752.0,2011-07-07 16:49:00,90.6,982.13
13752.0,2011-08-07 14:16:00,204.15,1186.28
13753.0,2011-02-25 12:48:00,741.26,741.26
13754.0,2011-01-26 14:58:00,156.0,156.0
13754.0,2011-07-11 11:51:00,126.6,282.6
13755.0,2011-10-07 15:45:00,495.66,495.66
13755.0,2011-10-20 10:15:00,297.85,793.51
13755.0,2011-10-21 12:12:00,124.8,918.31
13755.0,2011-11-01 14:03:00,107.1,1025.41
13755.0,2011-11-14 13:31:00,374.25,1399.66
13755.0,2011-11-21 13:41:00,456.12,1855.78
13755.0,2011-11-21 15:10:00,43.62,1899.4
13755.0,2011-11-30 13:29:00,105.05,2004.45
13755.0,2011-12-06 12:26:00,156.9,2161.35
13756.0,2010-12-07 11:41:00,532.8,532.8
13756.0,2010-12-14 15:18:00,307.8,840.6
13756.0,2010-12-16 09:52:00,163.8,1004.4
13756.0,2011-05-18 09:23:00,399.21,1403.61
13756.0,2011-06-09 11:27:00,308.2,1711.81
13756.0,2011-07-19 09:24:00,525.03,2236.84
13756.0,2011-08-02 17:04:00,321.5,2558.34
13756.0,2011-09-07 13:19:00,413.99,2972.33
13756.0,2011-10-10 10:29:00,292.99,3265.32
13756.0,2011-11-04 10:28:00,610.76,3876.08
13756.0,2011-11-17 10:01:00,411.96,4288.04
13756.0,2011-11-17 10:02:00,55.08,4343.12
13756.0,2011-12-07 16:39:00,247.8,4590.92
13756.0,2011-12-07 16:44:00,598.6,5189.52
13758.0,2010-12-01 12:08:00,362.45,362.45
13758.0,2010-12-08 15:39:00,356.4,718.85
13758.0,2011-01-09 11:41:00,422.4,1141.25
13758.0,2011-04-01 09:21:00,316.9,1458.15
13758.0,2011-05-22 15:12:00,893.37,2351.52
13758.0,2011-11-01 09:56:00,326.22,2677.74
13758.0,2011-11-28 11:11:00,512.81,3190.55
13759.0,2011-09-29 15:40:00,560.41,560.41
13759.0,2011-11-06 14:47:00,99.0,659.41
13760.0,2011-03-28 12:52:00,135.09,135.09
13760.0,2011-10-16 16:13:00,151.7,286.79
13761.0,2011-06-13 08:43:00,491.71,491.71
13761.0,2011-10-20 14:01:00,578.94,1070.65
13762.0,2011-05-05 09:15:00,306.72,306.72
13763.0,2011-10-07 15:13:00,1714.96,1714.96
13764.0,2011-01-06 14:53:00,499.89,499.89
13764.0,2011-07-18 17:15:00,445.74,945.63
13764.0,2011-09-30 12:03:00,576.13,1521.76
13767.0,2010-12-01 10:47:00,507.88,507.88
13767.0,2010-12-02 15:40:00,322.8,830.68
13767.0,2010-12-05 13:29:00,806.28,1636.96
13767.0,2010-12-10 11:21:00,186.6,1823.56
13767.0,2010-12-14 15:43:00,267.0,2090.56
13767.0,2010-12-16 16:54:00,348.8,2439.36
13767.0,2011-01-05 12:21:00,170.4,2609.76
13767.0,2011-01-10 15:16:00,500.48,3110.24
13767.0,2011-02-17 14:42:00,277.81,3388.05
13767.0,2011-02-22 09:01:00,437.9,3825.95
13767.0,2011-02-27 13:03:00,317.87,4143.82
13767.0,2011-04-01 16:18:00,291.44,4435.26
13767.0,2011-04-04 09:38:00,367.74,4803.0
13767.0,2011-04-04 16:21:00,297.28,5100.28
13767.0,2011-04-08 09:13:00,136.36,5236.64
13767.0,2011-04-27 14:16:00,397.02,5633.66
13767.0,2011-04-27 14:17:00,31.8,5665.46
13767.0,2011-05-10 09:41:00,456.55,6122.01
13767.0,2011-05-18 10:39:00,375.96,6497.97
13767.0,2011-05-18 15:29:00,454.34,6952.31
13767.0,2011-05-20 14:11:00,288.98,7241.29
13767.0,2011-06-26 14:08:00,413.6,7654.89
13767.0,2011-06-28 14:52:00,273.9,7928.79
13767.0,2011-07-11 12:23:00,457.26,8386.05
13767.0,2011-08-04 17:23:00,423.84,8809.89
13767.0,2011-08-08 13:59:00,480.6,9290.49
13767.0,2011-08-23 10:24:00,385.88,9676.37
13767.0,2011-09-13 11:34:00,371.7,10048.07
13767.0,2011-09-19 15:53:00,1004.4,11052.47
13767.0,2011-09-20 09:54:00,1004.4,12056.87
13767.0,2011-09-20 11:32:00,1004.4,13061.27
13767.0,2011-09-20 11:33:00,242.1,13303.37
13767.0,2011-10-10 09:56:00,380.31,13683.68
13767.0,2011-11-10 16:59:00,1735.3,15418.98
13767.0,2011-11-14 12:22:00,915.4,16334.38
13767.0,2011-12-07 15:00:00,885.98,17220.36
13769.0,2010-12-07 13:28:00,322.3,322.3
13769.0,2011-01-17 14:18:00,304.02,626.32
13769.0,2011-03-29 10:51:00,300.75,927.07
13769.0,2011-04-18 15:00:00,202.88,1129.95
13769.0,2011-05-16 09:57:00,318.06,1448.01
13769.0,2011-08-09 10:47:00,282.23,1730.24
13769.0,2011-09-08 13:54:00,421.18,2151.42
13769.0,2011-09-08 13:55:00,25.2,2176.62
13769.0,2011-11-02 13:37:00,301.97,2478.59
13769.0,2011-12-07 15:08:00,317.92,2796.51
13771.0,2011-04-06 15:47:00,871.6,871.6
13771.0,2011-05-24 12:57:00,593.25,1464.85
13771.0,2011-10-06 14:17:00,850.4,2315.25
13771.0,2011-10-06 14:18:00,319.2,2634.45
13772.0,2011-04-14 12:31:00,228.42,228.42
13772.0,2011-09-04 11:22:00,457.8,686.22
13772.0,2011-11-06 11:43:00,445.91,1132.13
13774.0,2011-09-19 12:06:00,345.0,345.0
13777.0,2010-12-01 16:01:00,1552.98,1552.98
13777.0,2010-12-01 16:11:00,2558.42,4111.4
13777.0,2010-12-01 16:13:00,497.0,4608.4
13777.0,2010-12-01 16:16:00,315.96,4924.36
13777.0,2010-12-01 16:19:00,330.0,5254.36
13777.0,2010-12-01 16:21:00,198.0,5452.36
13777.0,2010-12-01 16:22:00,1132.8,6585.16
13777.0,2010-12-08 15:35:00,255.0,6840.16
13777.0,2010-12-23 12:04:00,121.62,6961.78
13777.0,2011-01-14 10:39:00,332.64,7294.42
13777.0,2011-02-02 14:39:00,345.02,7639.44
13777.0,2011-02-17 10:04:00,244.68,7884.12
13777.0,2011-02-24 15:41:00,179.04,8063.16
13777.0,2011-03-08 13:23:00,421.09,8484.25
13777.0,2011-03-20 10:56:00,300.0,8784.25
13777.0,2011-03-29 15:02:00,539.3,9323.55
13777.0,2011-04-07 10:54:00,326.4,9649.95
13777.0,2011-05-16 09:23:00,266.7,9916.65
13777.0,2011-06-03 12:28:00,1139.04,11055.69
13777.0,2011-06-08 14:20:00,300.63,11356.32
13777.0,2011-06-27 10:42:00,406.8,11763.12
13777.0,2011-07-13 14:39:00,270.9,12034.02
13777.0,2011-08-02 12:59:00,326.22,12360.24
13777.0,2011-09-19 13:45:00,313.28,12673.52
13777.0,2011-09-22 15:57:00,40.68,12714.2
13777.0,2011-09-23 09:14:00,307.3,13021.5
13777.0,2011-10-13 10:23:00,3953.35,16974.85
13777.0,2011-11-15 08:50:00,6260.9,23235.75
13777.0,2011-11-15 09:42:00,224.66,23460.41
13777.0,2011-12-01 11:18:00,2251.51,25711.92
13777.0,2011-12-09 12:23:00,124.6,25836.52
13777.0,2011-12-09 12:25:00,140.64,25977.16
13778.0,2011-08-28 15:25:00,178.7,178.7
13780.0,2011-06-22 11:43:00,116.28,116.28
13780.0,2011-12-02 13:49:00,243.73,360.01
13781.0,2011-04-03 12:08:00,127.84,127.84
13782.0,2011-01-16 11:08:00,191.94,191.94
13782.0,2011-04-19 14:48:00,169.36,361.3
13782.0,2011-08-07 12:21:00,126.63,487.93
13782.0,2011-10-02 12:11:00,142.51,630.44
13782.0,2011-10-23 12:37:00,111.5,741.94
13782.0,2011-11-27 11:54:00,170.06,912.0
13784.0,2011-01-11 14:38:00,113.64,113.64
13784.0,2011-01-31 10:08:00,60.48,174.12
13784.0,2011-02-01 13:28:00,155.52,329.64
13784.0,2011-03-03 08:36:00,96.75,426.39
13784.0,2011-05-05 09:11:00,346.08,772.47
13784.0,2011-06-07 11:59:00,255.96,1028.43
13784.0,2011-06-24 15:17:00,603.96,1632.39
13784.0,2011-08-18 18:21:00,336.24,1968.63
13784.0,2011-09-06 12:27:00,155.52,2124.15
13784.0,2011-10-13 11:37:00,300.48,2424.63
13784.0,2011-11-30 09:33:00,38.16,2462.79
13786.0,2010-12-07 13:53:00,230.4,230.4
13787.0,2010-12-10 14:45:00,106.4,106.4
13787.0,2011-09-25 12:06:00,202.64,309.04
13790.0,2011-12-05 15:48:00,348.8,348.8
13791.0,2011-06-24 16:38:00,937.0,937.0
13791.0,2011-08-04 11:44:00,579.0,1516.0
13792.0,2011-02-25 14:03:00,74.6,74.6
13792.0,2011-10-04 14:31:00,120.95,195.55
13798.0,2010-12-02 17:24:00,408.0,408.0
13798.0,2010-12-10 15:31:00,3762.66,4170.66
13798.0,2011-01-05 10:45:00,1209.1,5379.76
13798.0,2011-01-05 10:46:00,393.9,5773.66
13798.0,2011-01-07 09:53:00,495.0,6268.66
13798.0,2011-01-11 12:20:00,302.36,6571.02
13798.0,2011-01-23 16:17:00,2375.42,8946.44
13798.0,2011-02-08 15:38:00,849.04,9795.48
13798.0,2011-02-16 13:16:00,314.4,10109.88
13798.0,2011-02-20 10:16:00,358.8,10468.68
13798.0,2011-02-25 15:32:00,532.72,11001.4
13798.0,2011-03-07 16:14:00,416.22,11417.62
13798.0,2011-03-11 10:15:00,583.3,12000.92
13798.0,2011-03-20 10:24:00,662.62,12663.54
13798.0,2011-03-22 13:52:00,450.5,13114.04
13798.0,2011-03-29 12:29:00,328.2,13442.24
13798.0,2011-03-30 11:51:00,1012.6,14454.84
13798.0,2011-04-05 12:12:00,382.82,14837.66
13798.0,2011-04-11 11:40:00,666.32,15503.98
13798.0,2011-04-11 11:43:00,274.08,15778.06
13798.0,2011-04-18 13:12:00,1231.6,17009.66
13798.0,2011-04-21 12:35:00,306.5,17316.16
13798.0,2011-04-26 11:25:00,326.4,17642.56
13798.0,2011-05-04 08:15:00,565.0,18207.56
13798.0,2011-05-04 08:17:00,593.52,18801.08
13798.0,2011-05-09 13:51:00,967.52,19768.6
13798.0,2011-05-13 11:54:00,558.94,20327.54
13798.0,2011-05-13 11:56:00,127.5,20455.04
13798.0,2011-05-18 15:47:00,325.4,20780.44
13798.0,2011-05-23 11:28:00,366.0,21146.44
13798.0,2011-05-26 13:46:00,589.78,21736.22
13798.0,2011-05-27 14:10:00,556.3,22292.52
13798.0,2011-06-06 12:16:00,509.2,22801.72
13798.0,2011-06-12 10:15:00,830.54,23632.26
13798.0,2011-06-20 13:21:00,589.44,24221.7
13798.0,2011-06-27 16:48:00,576.08,24797.78
13798.0,2011-07-07 11:02:00,909.24,25707.02
13798.0,2011-07-19 16:54:00,326.4,26033.42
13798.0,2011-08-02 15:42:00,465.56,26498.98
13798.0,2011-08-08 16:43:00,1109.34,27608.32
13798.0,2011-08-24 10:37:00,457.92,28066.24
13798.0,2011-09-07 15:34:00,1094.9,29161.14
13798.0,2011-09-12 12:24:00,410.08,29571.22
13798.0,2011-09-14 09:16:00,327.8,29899.02
13798.0,2011-09-28 12:16:00,522.48,30421.5
13798.0,2011-10-05 16:31:00,356.6,30778.1
13798.0,2011-10-07 12:37:00,1482.2,32260.3
13798.0,2011-10-17 08:30:00,358.0,32618.3
13798.0,2011-10-28 09:39:00,320.42,32938.72
13798.0,2011-11-04 12:56:00,570.92,33509.64
13798.0,2011-11-09 08:11:00,345.8,33855.44
13798.0,2011-11-13 13:42:00,718.71,34574.15
13798.0,2011-11-22 12:13:00,394.14,34968.29
13798.0,2011-11-28 12:19:00,348.32,35316.61
13798.0,2011-12-02 12:28:00,672.8,35989.41
13798.0,2011-12-07 13:21:00,822.68,36812.09
13798.0,2011-12-08 15:51:00,341.76,37153.85
13799.0,2011-02-18 14:18:00,341.7,341.7
13799.0,2011-08-15 12:07:00,347.16,688.86
13800.0,2011-02-03 12:27:00,558.32,558.32
13801.0,2011-10-04 10:15:00,324.8,324.8
13802.0,2011-02-01 12:03:00,969.74,969.74
13802.0,2011-03-30 10:54:00,2161.32,3131.06
13802.0,2011-07-24 10:54:00,1468.36,4599.42
13803.0,2011-03-29 12:57:00,277.07,277.07
13804.0,2011-02-23 09:09:00,723.63,723.63
13804.0,2011-07-06 15:10:00,321.14,1044.77
13804.0,2011-07-21 17:08:00,310.34,1355.11
13804.0,2011-09-04 10:59:00,188.3,1543.41
13804.0,2011-09-22 12:29:00,739.57,2282.98
13804.0,2011-11-09 12:30:00,304.02,2587.0
13804.0,2011-11-09 12:32:00,48.79,2635.79
13805.0,2011-08-02 15:29:00,500.24,500.24
13805.0,2011-10-18 14:50:00,424.36,924.6
13806.0,2011-10-07 11:43:00,256.38,256.38
13807.0,2010-12-07 15:48:00,112.6,112.6
13808.0,2011-09-04 12:07:00,573.46,573.46
13808.0,2011-09-07 12:10:00,149.64,723.1
13808.0,2011-10-05 11:57:00,639.3,1362.4
13808.0,2011-10-24 12:38:00,156.1,1518.5
13808.0,2011-12-04 12:18:00,229.16,1747.66
13809.0,2011-02-07 13:15:00,155.05,155.05
13810.0,2011-10-14 12:57:00,653.5,653.5
13810.0,2011-10-14 13:36:00,599.5,1253.0
13810.0,2011-11-11 08:33:00,246.01,1499.01
13811.0,2011-04-14 18:40:00,258.75,258.75
13811.0,2011-04-18 10:28:00,222.75,481.5
13811.0,2011-06-09 09:54:00,333.0,814.5
13812.0,2011-08-26 12:54:00,278.74,278.74
13812.0,2011-10-06 14:37:00,139.88,418.62
13812.0,2011-10-28 14:27:00,120.38,539.0
13813.0,2011-07-28 10:33:00,385.14,385.14
13813.0,2011-09-11 13:38:00,292.24,677.38
13813.0,2011-09-30 09:22:00,281.94,959.32
13813.0,2011-10-31 10:38:00,407.54,1366.86
13814.0,2011-07-25 13:54:00,617.54,617.54
13814.0,2011-09-08 13:48:00,961.58,1579.12
13815.0,2011-01-25 12:16:00,1012.01,1012.01
13815.0,2011-06-20 13:08:00,1965.74,2977.75
13815.0,2011-11-16 13:54:00,946.41,3924.16
13815.0,2011-11-17 14:19:00,103.2,4027.36
13816.0,2011-10-06 14:37:00,371.69,371.69
13816.0,2011-11-16 08:38:00,199.98,571.67
13817.0,2010-12-23 11:46:00,128.7,128.7
13817.0,2011-11-10 17:49:00,254.28,382.98
13819.0,2011-01-24 10:38:00,408.3,408.3
13819.0,2011-02-03 14:01:00,307.0,715.3
13819.0,2011-02-11 10:38:00,425.05,1140.35
13821.0,2011-03-23 11:30:00,270.15,270.15
13821.0,2011-07-18 09:49:00,115.49,385.64
13822.0,2011-10-30 15:55:00,468.38,468.38
13822.0,2011-12-04 12:13:00,163.62,632.0
13823.0,2011-09-09 10:42:00,650.42,650.42
13823.0,2011-11-21 10:22:00,307.24,957.66
13824.0,2011-02-02 13:07:00,442.88,442.88
13824.0,2011-04-12 08:42:00,659.3,1102.18
13824.0,2011-05-20 14:04:00,130.8,1232.98
13824.0,2011-07-27 09:22:00,196.86,1429.84
13824.0,2011-11-07 12:41:00,269.1,1698.94
13826.0,2011-06-16 13:48:00,189.5,189.5
13827.0,2011-07-19 15:38:00,112.74,112.74
13827.0,2011-07-29 11:45:00,188.02,300.76
13827.0,2011-10-13 12:38:00,111.29,412.05
13828.0,2011-11-17 16:02:00,209.49,209.49
13831.0,2010-12-05 12:13:00,408.0,408.0
13831.0,2011-05-05 08:33:00,311.3,719.3
13831.0,2011-05-23 13:25:00,378.69,1097.99
13831.0,2011-07-24 12:26:00,357.4,1455.39
13831.0,2011-09-13 09:07:00,340.2,1795.59
13831.0,2011-11-23 15:41:00,407.4,2202.99
13832.0,2011-11-20 15:36:00,52.2,52.2
13833.0,2011-07-03 13:27:00,384.8,384.8
13835.0,2011-05-08 15:22:00,328.45,328.45
13835.0,2011-07-07 15:16:00,208.89,537.34
13835.0,2011-10-18 12:44:00,205.57,742.91
13835.0,2011-11-14 15:37:00,91.66,834.57
13837.0,2011-01-26 12:15:00,113.7,113.7
13837.0,2011-05-12 12:10:00,157.54,271.24
13838.0,2010-12-05 10:45:00,238.11,238.11
13838.0,2011-08-14 10:49:00,148.32,386.43
13838.0,2011-08-14 10:52:00,93.16,479.59
13838.0,2011-12-04 11:00:00,212.14,691.73
13841.0,2011-04-01 12:10:00,85.0,85.0
13842.0,2010-12-08 10:39:00,310.57,310.57
13842.0,2011-01-07 10:27:00,303.0,613.57
13842.0,2011-02-03 13:31:00,293.96,907.53
13842.0,2011-03-11 12:11:00,311.07,1218.6
13842.0,2011-04-26 11:30:00,308.73,1527.33
13842.0,2011-05-24 10:50:00,301.14,1828.47
13842.0,2011-07-07 12:41:00,336.8,2165.27
13842.0,2011-09-28 14:56:00,638.66,2803.93
13842.0,2011-10-12 10:51:00,581.69,3385.62
13844.0,2011-11-28 13:21:00,361.62,361.62
13845.0,2011-10-06 08:25:00,312.98,312.98
13846.0,2010-12-14 16:07:00,411.4,411.4
13846.0,2011-04-11 15:03:00,252.53,663.93
13846.0,2011-11-15 12:07:00,201.13,865.06
13848.0,2010-12-08 15:10:00,320.0,320.0
13848.0,2011-02-15 10:17:00,615.0,935.0
13848.0,2011-09-08 12:58:00,320.0,1255.0
13849.0,2011-06-22 10:11:00,593.58,593.58
13849.0,2011-10-19 10:59:00,944.37,1537.95
13850.0,2011-08-02 14:04:00,1595.48,1595.48
13851.0,2011-02-24 17:18:00,246.32,246.32
13851.0,2011-08-03 14:07:00,1106.96,1353.28
13851.0,2011-09-05 12:36:00,1298.18,2651.46
13853.0,2011-10-13 14:18:00,1090.14,1090.14
13854.0,2010-12-09 10:48:00,309.4,309.4
13854.0,2010-12-17 09:37:00,300.04,609.44
13854.0,2011-01-14 11:47:00,345.85,955.29
13854.0,2011-01-24 13:35:00,304.1,1259.39
13854.0,2011-02-01 15:15:00,313.85,1573.24
13854.0,2011-02-10 11:46:00,310.5,1883.74
13854.0,2011-02-23 12:50:00,385.46,2269.2
13854.0,2011-03-08 15:03:00,329.36,2598.56
13854.0,2011-03-15 12:37:00,292.3,2890.86
13854.0,2011-03-21 11:20:00,305.52,3196.38
13854.0,2011-04-07 13:18:00,429.9,3626.28
13854.0,2011-04-17 10:56:00,308.64,3934.92
13854.0,2011-04-27 14:25:00,207.5,4142.42
13854.0,2011-05-18 15:23:00,302.64,4445.06
13854.0,2011-05-24 13:02:00,302.88,4747.94
13854.0,2011-05-27 12:44:00,411.6,5159.54
13854.0,2011-07-05 11:58:00,349.54,5509.08
13854.0,2011-07-20 10:59:00,313.76,5822.84
13854.0,2011-08-25 12:59:00,322.32,6145.16
13854.0,2011-09-08 14:35:00,324.0,6469.16
13854.0,2011-09-12 15:04:00,302.2,6771.36
13854.0,2011-10-05 12:56:00,316.76,7088.12
13854.0,2011-11-02 13:18:00,409.08,7497.2
13854.0,2011-11-15 16:34:00,310.04,7807.24
13854.0,2011-12-01 09:06:00,302.28,8109.52
13856.0,2011-05-20 13:13:00,94.4,94.4
13856.0,2011-06-09 08:45:00,124.6,219.0
13856.0,2011-06-24 10:03:00,169.5,388.5
13858.0,2011-10-13 16:17:00,216.17,216.17
13859.0,2011-01-17 16:14:00,201.16,201.16
13860.0,2011-09-14 09:27:00,405.88,405.88
13860.0,2011-10-18 14:34:00,211.93,617.81
13860.0,2011-11-25 13:42:00,308.64,926.45
13860.0,2011-12-08 12:57:00,319.45,1245.9
13862.0,2011-01-11 15:13:00,425.1,425.1
13862.0,2011-02-22 10:00:00,253.75,678.85
13862.0,2011-04-21 17:10:00,173.46,852.31
13862.0,2011-06-05 14:18:00,300.2,1152.51
13862.0,2011-07-08 13:00:00,300.86,1453.37
13862.0,2011-08-23 14:53:00,327.93,1781.3
13862.0,2011-09-28 09:15:00,308.4,2089.7
13862.0,2011-11-21 16:24:00,119.66,2209.36
13863.0,2011-04-06 10:20:00,305.78,305.78
13865.0,2011-02-23 12:04:00,123.3,123.3
13865.0,2011-06-06 08:04:00,159.22,282.52
13865.0,2011-07-26 11:24:00,100.82,383.34
13865.0,2011-10-12 13:31:00,118.22,501.56
13866.0,2011-09-26 14:54:00,145.67,145.67
13867.0,2011-05-05 17:28:00,138.85,138.85
13867.0,2011-09-26 12:23:00,453.99,592.84
13867.0,2011-11-08 15:48:00,422.45,1015.29
13868.0,2011-11-01 12:45:00,507.54,507.54
13868.0,2011-12-02 16:32:00,2685.0,3192.54
13869.0,2010-12-17 15:14:00,323.62,323.62
13869.0,2011-01-30 15:54:00,574.19,897.81
13869.0,2011-03-22 10:44:00,687.15,1584.96
13869.0,2011-08-08 13:53:00,1519.99,3104.95
13870.0,2011-02-25 09:09:00,544.03,544.03
13870.0,2011-06-24 13:26:00,241.47,785.5
13870.0,2011-06-24 13:29:00,112.5,898.0
13870.0,2011-07-28 09:58:00,469.31,1367.31
13870.0,2011-08-30 11:32:00,812.16,2179.47
13870.0,2011-10-30 16:10:00,384.12,2563.59
13870.0,2011-10-30 16:11:00,54.6,2618.19
13870.0,2011-12-07 13:23:00,152.75,2770.94
13871.0,2011-02-04 09:30:00,456.05,456.05
13871.0,2011-03-10 12:26:00,397.55,853.6
13871.0,2011-03-24 12:58:00,401.3,1254.9
13871.0,2011-04-18 12:36:00,509.34,1764.24
13871.0,2011-05-17 10:08:00,631.49,2395.73
13871.0,2011-06-30 10:19:00,615.09,3010.82
13871.0,2011-07-28 12:50:00,633.07,3643.89
13871.0,2011-08-19 13:54:00,430.35,4074.24
13871.0,2011-09-08 12:51:00,538.4,4612.64
13871.0,2011-10-17 12:12:00,402.68,5015.32
13871.0,2011-10-25 15:03:00,855.17,5870.49
13871.0,2011-11-17 10:49:00,532.76,6403.25
13873.0,2011-02-03 09:37:00,121.45,121.45
13873.0,2011-05-05 09:13:00,108.95,230.4
13873.0,2011-08-12 10:08:00,159.2,389.6
13874.0,2010-12-16 18:20:00,540.45,540.45
13875.0,2011-02-11 15:39:00,340.65,340.65
13875.0,2011-03-27 11:14:00,343.03,683.68
13875.0,2011-06-08 16:34:00,384.2,1067.88
13875.0,2011-07-29 09:11:00,356.92,1424.8
13875.0,2011-10-17 09:36:00,361.99,1786.79
13876.0,2011-10-07 10:22:00,122.7,122.7
13877.0,2011-09-14 15:49:00,117.24,117.24
13878.0,2011-10-16 12:19:00,1281.53,1281.53
13880.0,2010-12-07 14:00:00,97.8,97.8
13880.0,2011-02-16 08:15:00,210.2,308.0
13880.0,2011-03-01 08:49:00,200.1,508.1
13880.0,2011-04-15 14:32:00,291.63,799.73
13880.0,2011-05-06 12:28:00,226.9,1026.63
13880.0,2011-06-06 10:09:00,312.94,1339.57
13880.0,2011-07-17 14:05:00,129.5,1469.07
13880.0,2011-07-17 14:07:00,211.69,1680.76
13880.0,2011-09-13 09:47:00,414.82,2095.58
13880.0,2011-09-13 09:48:00,223.84,2319.42
13880.0,2011-09-13 09:49:00,181.6,2501.02
13880.0,2011-10-18 13:15:00,322.1,2823.12
13880.0,2011-11-18 13:44:00,396.65,3219.77
13881.0,2011-02-01 10:14:00,1025.34,1025.34
13881.0,2011-03-07 09:35:00,673.9,1699.24
13881.0,2011-04-11 13:19:00,309.88,2009.12
13881.0,2011-05-10 10:43:00,1560.34,3569.46
13881.0,2011-06-23 09:14:00,1064.22,4633.68
13881.0,2011-06-23 09:15:00,202.4,4836.08
13881.0,2011-06-23 14:25:00,382.25,5218.33
13881.0,2011-07-21 14:52:00,563.07,5781.4
13881.0,2011-08-24 14:59:00,1187.74,6969.14
13881.0,2011-09-05 11:41:00,2251.94,9221.08
13881.0,2011-09-05 11:43:00,177.6,9398.68
13881.0,2011-09-29 12:24:00,325.5,9724.18
13881.0,2011-10-04 09:26:00,1897.16,11621.34
13881.0,2011-10-17 12:52:00,791.0,12412.34
13881.0,2011-11-01 10:30:00,949.5,13361.84
13881.0,2011-11-14 16:17:00,938.4,14300.24
13881.0,2011-11-22 08:19:00,1459.76,15760.0
13881.0,2011-11-28 15:09:00,621.6,16381.6
13881.0,2011-11-28 15:10:00,208.8,16590.4
13881.0,2011-12-06 12:50:00,569.12,17159.52
13882.0,2011-10-06 15:28:00,192.76,192.76
13882.0,2011-10-27 12:53:00,490.55,683.31
13882.0,2011-11-09 14:58:00,49.5,732.81
13882.0,2011-11-28 13:08:00,265.24,998.05
13882.0,2011-12-07 11:16:00,193.08,1191.13
13883.0,2011-03-31 17:17:00,980.41,980.41
13883.0,2011-05-05 12:37:00,263.24,1243.65
13883.0,2011-05-05 12:38:00,112.63,1356.28
13883.0,2011-05-05 12:39:00,386.5,1742.78
13883.0,2011-11-29 10:45:00,931.7,2674.48
13884.0,2011-03-01 13:40:00,138.15,138.15
13884.0,2011-03-07 12:46:00,40.2,178.35
13884.0,2011-03-07 12:53:00,17.9,196.25
13884.0,2011-09-11 13:58:00,344.25,540.5
13884.0,2011-12-02 16:30:00,247.1,787.6
13885.0,2011-05-23 08:52:00,399.15,399.15
13885.0,2011-06-03 15:07:00,107.65,506.8
13886.0,2011-09-29 13:17:00,243.56,243.56
13887.0,2011-05-19 17:22:00,349.55,349.55
13888.0,2011-05-05 14:41:00,239.52,239.52
13888.0,2011-08-12 10:13:00,366.11,605.63
13889.0,2011-09-08 09:13:00,416.9,416.9
13890.0,2010-12-16 09:31:00,190.35,190.35
13890.0,2011-08-24 13:12:00,310.76,501.11
13890.0,2011-10-20 08:41:00,103.85,604.96
13890.0,2011-11-02 09:59:00,282.2,887.16
13890.0,2011-11-07 11:55:00,114.75,1001.91
13890.0,2011-11-16 09:35:00,219.35,1221.26
13890.0,2011-11-17 14:46:00,146.35,1367.61
13890.0,2011-12-01 12:11:00,154.45,1522.06
13890.0,2011-12-08 15:29:00,154.05,1676.11
13890.0,2011-12-08 15:36:00,207.7,1883.81
13892.0,2011-04-07 12:04:00,54.52,54.52
13892.0,2011-10-06 16:25:00,341.21,395.73
13892.0,2011-10-18 08:15:00,176.04,571.77
13892.0,2011-11-13 11:50:00,61.2,632.97
13893.0,2011-02-15 11:30:00,821.1,821.1
13894.0,2011-02-02 12:54:00,160.85,160.85
13894.0,2011-11-16 09:43:00,282.45,443.3
13894.0,2011-11-16 09:44:00,121.32,564.62
13895.0,2011-06-28 10:17:00,382.46,382.46
13895.0,2011-07-19 14:03:00,554.84,937.3
13895.0,2011-10-04 11:33:00,973.81,1911.11
13895.0,2011-11-11 16:57:00,681.96,2593.07
13897.0,2011-10-20 14:30:00,311.16,311.16
13898.0,2011-01-18 10:28:00,155.93,155.93
13899.0,2011-03-10 09:30:00,298.5,298.5
13899.0,2011-11-23 13:40:00,90.02,388.52
13900.0,2011-03-22 10:13:00,357.58,357.58
13900.0,2011-05-31 12:11:00,374.87,732.45
13900.0,2011-06-09 19:26:00,8.5,740.95
13901.0,2011-01-25 09:01:00,214.4,214.4
13901.0,2011-03-28 14:33:00,433.9,648.3
13901.0,2011-07-04 12:25:00,1561.09,2209.39
13901.0,2011-08-24 12:36:00,442.89,2652.28
13901.0,2011-09-28 14:48:00,214.92,2867.2
13904.0,2011-02-18 11:18:00,201.12,201.12
13904.0,2011-11-02 13:41:00,131.52,332.64
13908.0,2011-03-08 12:04:00,496.0,496.0
13908.0,2011-05-09 10:24:00,335.11,831.11
13908.0,2011-08-05 11:46:00,630.5,1461.61
13908.0,2011-09-21 11:49:00,907.94,2369.55
13911.0,2011-02-04 14:46:00,335.53,335.53
13911.0,2011-02-14 14:13:00,223.74,559.27
13911.0,2011-03-20 10:33:00,282.28,841.55
13911.0,2011-04-08 10:01:00,247.95,1089.5
13911.0,2011-05-08 15:20:00,283.99,1373.49
13911.0,2011-05-26 19:13:00,330.42,1703.91
13911.0,2011-07-13 10:09:00,516.12,2220.03
13911.0,2011-07-18 13:30:00,217.6,2437.63
13911.0,2011-10-13 15:43:00,143.28,2580.91
13914.0,2011-11-03 16:28:00,321.07,321.07
13914.0,2011-11-28 10:35:00,305.38,626.45
13917.0,2011-06-01 12:46:00,65.38,65.38
13917.0,2011-10-21 09:56:00,206.66,272.04
13918.0,2011-03-31 18:05:00,198.2,198.2
13918.0,2011-10-21 12:25:00,1014.64,1212.84
13919.0,2011-08-10 10:15:00,213.15,213.15
13919.0,2011-10-11 14:24:00,171.66,384.81
13922.0,2010-12-23 10:38:00,172.25,172.25
13923.0,2011-10-17 12:33:00,351.13,351.13
13924.0,2011-09-28 15:07:00,679.03,679.03
13924.0,2011-10-26 13:44:00,309.9,988.93
13924.0,2011-11-08 09:47:00,172.33,1161.26
13924.0,2011-11-16 15:39:00,23.55,1184.81
13924.0,2011-11-22 11:28:00,351.64,1536.45
13924.0,2011-12-08 09:39:00,302.4,1838.85
13925.0,2011-07-28 12:09:00,380.12,380.12
13925.0,2011-08-10 12:41:00,115.93,496.05
13925.0,2011-09-08 12:47:00,182.2,678.25
13926.0,2011-11-16 13:16:00,223.85,223.85
13927.0,2011-09-26 12:00:00,348.99,348.99
13928.0,2011-07-29 15:59:00,104.2,104.2
13928.0,2011-08-25 12:13:00,121.25,225.45
13928.0,2011-11-08 14:49:00,131.22,356.67
13928.0,2011-11-29 10:33:00,107.9,464.57
13929.0,2011-01-17 15:11:00,412.85,412.85
13929.0,2011-06-23 15:26:00,429.8,842.65
13930.0,2011-07-26 11:00:00,210.0,210.0
13930.0,2011-10-13 09:45:00,127.34,337.34
13931.0,2011-03-04 08:43:00,378.21,378.21
13931.0,2011-09-05 10:12:00,859.32,1237.53
13932.0,2011-02-18 12:02:00,307.4,307.4
13933.0,2011-07-14 13:35:00,300.99,300.99
13933.0,2011-08-22 14:03:00,307.8,608.79
13934.0,2011-03-21 08:39:00,922.1,922.1
13936.0,2011-06-13 08:47:00,376.58,376.58
13937.0,2011-06-23 16:35:00,158.85,158.85
13938.0,2011-11-04 14:37:00,71.66,71.66
13939.0,2011-02-01 11:30:00,184.5,184.5
13939.0,2011-08-23 11:53:00,205.71,390.21
13939.0,2011-11-16 13:33:00,178.34,568.55
13940.0,2011-07-18 16:05:00,218.62,218.62
13940.0,2011-08-15 12:47:00,172.44,391.06
13940.0,2011-10-06 16:15:00,225.24,616.3
13940.0,2011-11-22 15:15:00,222.84,839.14
13941.0,2010-12-02 10:17:00,1095.12,1095.12
13941.0,2011-02-15 12:12:00,1023.84,2118.96
13941.0,2011-06-21 09:44:00,712.3,2831.26
13941.0,2011-09-11 12:00:00,1028.04,3859.3
13941.0,2011-11-18 09:43:00,1253.66,5112.96
13946.0,2011-03-17 10:02:00,209.85,209.85
13946.0,2011-05-22 12:03:00,276.12,485.97
13946.0,2011-09-21 13:33:00,75.6,561.57
13947.0,2011-10-05 14:42:00,90.6,90.6
13948.0,2010-12-14 10:18:00,102.0,102.0
13949.0,2011-09-06 11:55:00,537.9,537.9
13949.0,2011-09-23 10:14:00,371.36,909.26
13949.0,2011-10-05 11:25:00,302.91,1212.17
13949.0,2011-10-30 15:35:00,392.08,1604.25
13949.0,2011-11-15 11:30:00,304.84,1909.09
13949.0,2011-12-07 09:35:00,518.23,2427.32
13950.0,2011-04-07 11:29:00,179.31,179.31
13950.0,2011-09-27 14:52:00,144.35,323.66
13950.0,2011-11-15 12:13:00,140.94,464.6
13950.0,2011-11-28 14:44:00,280.46,745.06
13951.0,2011-02-18 15:21:00,212.56,212.56
13951.0,2011-04-17 13:20:00,303.49,516.05
13951.0,2011-06-16 16:43:00,158.4,674.45
13952.0,2011-04-15 09:27:00,2042.76,2042.76
13952.0,2011-05-06 09:00:00,1208.31,3251.07
13953.0,2010-12-22 10:29:00,500.0,500.0
13953.0,2011-03-10 07:43:00,500.0,1000.0
13953.0,2011-05-13 09:21:00,750.0,1750.0
13953.0,2011-06-28 13:10:00,500.0,2250.0
13953.0,2011-08-16 10:03:00,354.36,2604.36
13953.0,2011-10-18 10:55:00,500.0,3104.36
13953.0,2011-12-02 16:04:00,411.32,3515.68
13954.0,2011-09-30 10:52:00,227.41,227.41
13954.0,2011-12-08 12:50:00,212.51,439.92
13955.0,2011-02-07 12:24:00,205.1,205.1
13955.0,2011-07-08 17:19:00,117.86,322.96
13956.0,2011-03-13 12:51:00,119.72,119.72
13956.0,2011-04-10 16:04:00,173.95,293.67
13956.0,2011-07-24 16:12:00,386.6,680.27
13956.0,2011-10-16 15:56:00,189.65,869.92
13956.0,2011-12-04 13:20:00,156.5,1026.42
13959.0,2010-12-12 13:56:00,214.74,214.74
13959.0,2011-03-03 18:16:00,122.7,337.44
13959.0,2011-09-21 15:06:00,260.76,598.2
13960.0,2011-09-29 12:39:00,128.1,128.1
13960.0,2011-11-18 15:27:00,102.12,230.22
13962.0,2011-04-08 11:21:00,117.6,117.6
13962.0,2011-11-18 08:47:00,51.95,169.55
13963.0,2010-12-07 09:21:00,151.3,151.3
13963.0,2011-01-04 11:48:00,215.41,366.71
13963.0,2011-01-23 15:45:00,115.68,482.39
13963.0,2011-02-04 14:43:00,182.15,664.54
13967.0,2011-07-17 12:02:00,80.7,80.7
13969.0,2010-12-09 19:32:00,317.59,317.59
13969.0,2011-01-21 13:13:00,345.24,662.83
13969.0,2011-03-17 19:46:00,145.55,808.38
13969.0,2011-04-21 18:22:00,255.69,1064.07
13969.0,2011-05-05 18:04:00,378.95,1443.02
13969.0,2011-05-05 18:09:00,64.06,1507.08
13969.0,2011-06-09 18:41:00,491.38,1998.46
13969.0,2011-06-23 19:20:00,551.72,2550.18
13969.0,2011-07-21 09:43:00,353.02,2903.2
13969.0,2011-08-04 16:31:00,301.93,3205.13
13969.0,2011-08-24 15:47:00,706.22,3911.35
13969.0,2011-10-11 15:36:00,899.07,4810.42
13969.0,2011-10-27 16:41:00,1204.36,6014.78
13969.0,2011-11-01 15:34:00,422.1,6436.88
13969.0,2011-11-17 14:56:00,1166.7,7603.58
13969.0,2011-11-23 08:43:00,308.46,7912.04
13969.0,2011-12-01 14:38:00,1121.79,9033.83
13969.0,2011-12-02 15:11:00,20.11,9053.94
13971.0,2011-02-27 12:27:00,333.48,333.48
13971.0,2011-03-15 12:54:00,309.34,642.82
13971.0,2011-05-09 12:42:00,331.7,974.52
13971.0,2011-06-14 08:03:00,306.46,1280.98
13971.0,2011-08-22 11:57:00,373.66,1654.64
13971.0,2011-08-25 14:23:00,331.26,1985.9
13971.0,2011-10-11 10:41:00,371.66,2357.56
13971.0,2011-11-21 12:06:00,400.7,2758.26
13972.0,2011-05-22 11:34:00,145.9,145.9
13972.0,2011-09-30 11:54:00,44.35,190.25
13973.0,2011-02-25 15:21:00,264.7,264.7
13974.0,2011-10-21 14:41:00,413.59,413.59
13975.0,2011-03-08 12:19:00,678.76,678.76
13975.0,2011-05-08 11:41:00,282.85,961.61
13975.0,2011-07-29 14:13:00,151.76,1113.37
13975.0,2011-08-03 13:39:00,384.34,1497.71
13975.0,2011-11-08 13:10:00,741.22,2238.93
13975.0,2011-11-08 13:19:00,287.35,2526.28
13976.0,2011-05-17 09:13:00,357.98,357.98
13978.0,2011-10-25 15:04:00,158.99,158.99
13978.0,2011-11-25 11:36:00,37.8,196.79
13979.0,2011-09-27 13:32:00,869.87,869.87
13980.0,2011-10-10 13:34:00,200.14,200.14
13982.0,2010-12-09 13:57:00,428.6,428.6
13982.0,2011-01-17 13:08:00,475.2,903.8
13982.0,2011-06-29 15:11:00,326.34,1230.14
13982.0,2011-10-31 16:24:00,641.67,1871.81
13983.0,2010-12-08 10:38:00,329.36,329.36
13983.0,2011-01-17 14:51:00,322.78,652.14
13983.0,2011-01-17 15:05:00,7.8,659.94
13983.0,2011-02-07 12:46:00,290.0,949.94
13983.0,2011-03-16 11:09:00,290.0,1239.94
13983.0,2011-04-21 17:31:00,305.43,1545.37
13983.0,2011-06-05 16:02:00,125.19,1670.56
13983.0,2011-06-05 16:05:00,10.5,1681.06
13983.0,2011-09-12 11:41:00,382.48,2063.54
13983.0,2011-10-12 14:33:00,12.97,2076.51
13983.0,2011-10-31 12:05:00,398.04,2474.55
13983.0,2011-11-10 11:06:00,128.88,2603.43
13984.0,2010-12-08 15:58:00,154.8,154.8
13984.0,2011-01-18 13:40:00,129.95,284.75
13984.0,2011-04-04 11:01:00,432.48,717.23
13984.0,2011-08-05 14:30:00,102.1,819.33
13984.0,2011-11-13 12:38:00,101.18,920.51
13985.0,2011-03-20 13:48:00,393.0,393.0
13985.0,2011-05-09 08:26:00,247.8,640.8
13985.0,2011-06-08 13:54:00,524.5,1165.3
13985.0,2011-07-06 12:32:00,437.38,1602.68
13985.0,2011-08-04 12:05:00,407.38,2010.06
13985.0,2011-08-11 09:34:00,371.3,2381.36
13985.0,2011-08-24 13:11:00,391.68,2773.04
13985.0,2011-09-29 08:53:00,1018.22,3791.26
13985.0,2011-10-12 11:45:00,626.92,4418.18
13985.0,2011-10-28 13:14:00,544.1,4962.28
13985.0,2011-11-07 16:34:00,418.26,5380.54
13985.0,2011-11-18 09:19:00,344.51,5725.05
13985.0,2011-11-22 16:26:00,466.18,6191.23
13985.0,2011-11-25 10:02:00,721.34,6912.57
13985.0,2011-12-05 17:06:00,147.56,7060.13
13986.0,2011-11-22 15:00:00,320.46,320.46
13988.0,2011-03-30 11:48:00,631.06,631.06
13988.0,2011-05-23 09:43:00,725.02,1356.08
13988.0,2011-06-30 11:54:00,567.42,1923.5
13988.0,2011-09-28 10:54:00,1261.81,3185.31
13988.0,2011-10-27 10:36:00,500.21,3685.52
13988.0,2011-11-20 10:15:00,462.44,4147.96
13989.0,2011-04-14 15:39:00,896.67,896.67
13989.0,2011-10-05 09:47:00,369.41,1266.08
13990.0,2011-05-10 15:19:00,311.3,311.3
13991.0,2011-07-19 12:58:00,126.35,126.35
13991.0,2011-09-25 13:47:00,213.94,340.29
13991.0,2011-10-18 13:19:00,199.96,540.25
13991.0,2011-11-23 12:38:00,116.46,656.71
13991.0,2011-11-27 16:02:00,167.96,824.67
13991.0,2011-11-27 16:18:00,31.3,855.97
13992.0,2011-11-09 15:23:00,76.8,76.8
13993.0,2011-01-13 10:43:00,323.15,323.15
13993.0,2011-02-23 12:25:00,499.7,822.85
13993.0,2011-04-15 12:35:00,278.22,1101.07
13993.0,2011-05-18 12:21:00,391.75,1492.82
13993.0,2011-07-17 12:52:00,535.59,2028.41
13993.0,2011-08-31 12:31:00,219.0,2247.41
13993.0,2011-09-11 12:16:00,384.9,2632.31
13993.0,2011-10-06 18:45:00,460.4,3092.71
13993.0,2011-10-28 09:06:00,373.65,3466.36
13994.0,2011-07-14 18:28:00,288.57,288.57
13994.0,2011-08-26 11:35:00,130.99,419.56
13994.0,2011-09-23 10:17:00,361.07,780.63
13994.0,2011-10-03 15:28:00,808.11,1588.74
13994.0,2011-10-31 11:10:00,608.3,2197.04
13994.0,2011-12-06 11:05:00,116.1,2313.14
13995.0,2011-04-08 08:20:00,310.45,310.45
13995.0,2011-07-21 08:44:00,408.25,718.7
13995.0,2011-08-16 09:00:00,153.2,871.9
13995.0,2011-10-14 12:55:00,306.03,1177.93
13995.0,2011-11-24 14:22:00,215.76,1393.69
13999.0,2010-12-13 11:23:00,302.1,302.1
13999.0,2011-01-21 13:05:00,307.6,609.7
13999.0,2011-03-30 09:36:00,301.48,911.18
13999.0,2011-05-09 14:40:00,335.64,1246.82
13999.0,2011-06-13 14:59:00,315.05,1561.87
13999.0,2011-07-06 15:53:00,307.03,1868.9
13999.0,2011-07-27 10:29:00,358.7,2227.6
13999.0,2011-08-16 11:48:00,334.34,2561.94
13999.0,2011-09-05 11:19:00,307.03,2868.97
13999.0,2011-10-06 09:48:00,308.44,3177.41
13999.0,2011-11-11 11:38:00,328.43,3505.84
13999.0,2011-11-29 13:40:00,395.97,3901.81
14000.0,2011-05-12 16:50:00,635.66,635.66
14001.0,2010-12-01 12:58:00,301.24,301.24
14001.0,2011-04-21 09:26:00,1007.9,1309.14
14001.0,2011-10-25 10:31:00,733.94,2043.08
14002.0,2011-07-06 14:59:00,224.79,224.79
14002.0,2011-07-28 15:55:00,304.94,529.73
14004.0,2011-02-24 09:28:00,900.02,900.02
14004.0,2011-06-19 11:44:00,580.34,1480.36
14004.0,2011-08-04 17:38:00,716.0,2196.36
14004.0,2011-08-23 12:21:00,765.9,2962.26
14004.0,2011-09-02 13:50:00,241.0,3203.26
14004.0,2011-09-22 12:42:00,566.23,3769.49
14004.0,2011-10-27 14:40:00,813.15,4582.64
14005.0,2011-05-08 10:33:00,187.16,187.16
14005.0,2011-06-17 08:09:00,144.3,331.46
14005.0,2011-07-29 10:00:00,365.1,696.56
14005.0,2011-09-25 11:29:00,281.12,977.68
14005.0,2011-11-30 12:41:00,1897.04,2874.72
14006.0,2011-01-31 15:11:00,304.44,304.44
14006.0,2011-04-12 16:17:00,357.65,662.09
14006.0,2011-08-16 09:39:00,300.1,962.19
14009.0,2011-05-18 13:00:00,380.91,380.91
14009.0,2011-05-25 15:47:00,314.7,695.61
14012.0,2011-03-07 12:26:00,328.8,328.8
14013.0,2011-03-09 08:59:00,118.5,118.5
14013.0,2011-07-17 10:39:00,155.3,273.8
14013.0,2011-08-21 15:01:00,199.22,473.02
14014.0,2011-09-23 13:18:00,505.18,505.18
14015.0,2011-10-18 10:02:00,917.34,917.34
14016.0,2010-12-17 14:21:00,753.74,753.74
14016.0,2011-03-15 10:53:00,1477.56,2231.3
14016.0,2011-05-16 09:40:00,1133.33,3364.63
14016.0,2011-07-01 11:29:00,976.58,4341.21
14019.0,2011-07-24 15:39:00,384.29,384.29
14019.0,2011-09-02 12:51:00,416.24,800.53
14019.0,2011-10-24 10:13:00,621.08,1421.61
14020.0,2011-09-12 15:32:00,331.14,331.14
14020.0,2011-11-23 09:22:00,311.66,642.8
14021.0,2011-03-28 15:10:00,198.9,198.9
14021.0,2011-05-12 13:37:00,302.8,501.7
14021.0,2011-07-07 15:46:00,130.2,631.9
14022.0,2011-04-28 14:39:00,440.0,440.0
14023.0,2011-04-03 15:50:00,273.14,273.14
14023.0,2011-12-02 13:58:00,310.93,584.07
14024.0,2011-08-07 13:31:00,262.45,262.45
14024.0,2011-08-10 11:30:00,65.25,327.7
14027.0,2011-10-10 09:01:00,104.82,104.82
14029.0,2011-07-18 16:57:00,165.2,165.2
14029.0,2011-10-07 14:46:00,302.46,467.66
14030.0,2010-12-08 16:11:00,670.55,670.55
14030.0,2010-12-08 16:29:00,5.95,676.5
14030.0,2011-02-07 16:21:00,307.23,983.73
14030.0,2011-04-08 11:54:00,337.67,1321.4
14030.0,2011-04-10 14:02:00,113.62,1435.02
14030.0,2011-08-10 16:19:00,222.48,1657.5
14030.0,2011-09-11 15:52:00,159.31,1816.81
14030.0,2011-11-21 16:48:00,543.28,2360.09
14031.0,2010-12-02 16:34:00,1714.25,1714.25
14031.0,2010-12-09 17:34:00,185.82,1900.07
14031.0,2010-12-17 15:52:00,668.88,2568.95
14031.0,2011-01-06 18:33:00,969.24,3538.19
14031.0,2011-01-19 16:19:00,456.27,3994.46
14031.0,2011-03-04 17:02:00,532.13,4526.59
14031.0,2011-03-31 17:12:00,1170.0,5696.59
14031.0,2011-04-21 17:05:00,99.63,5796.22
14031.0,2011-04-21 17:06:00,875.79,6672.01
14031.0,2011-05-13 17:15:00,132.0,6804.01
14031.0,2011-05-27 17:14:00,1100.55,7904.56
14031.0,2011-06-24 17:35:00,913.36,8817.92
14031.0,2011-08-05 14:49:00,809.11,9627.03
14031.0,2011-09-26 17:20:00,1592.12,11219.15
14031.0,2011-10-03 16:48:00,1416.0,12635.15
14031.0,2011-10-03 16:50:00,1416.0,14051.15
14031.0,2011-10-21 16:48:00,660.5,14711.65
14031.0,2011-11-18 17:06:00,2068.09,16779.74
14031.0,2011-12-02 17:13:00,507.12,17286.86
14032.0,2010-12-08 10:53:00,303.86,303.86
14032.0,2010-12-19 11:19:00,315.56,619.42
14032.0,2011-03-09 09:44:00,309.64,929.06
14032.0,2011-04-12 15:30:00,303.34,1232.4
14032.0,2011-05-17 15:25:00,303.17,1535.57
14032.0,2011-06-24 11:08:00,309.8,1845.37
14032.0,2011-09-13 14:51:00,302.2,2147.57
14032.0,2011-11-02 09:22:00,102.72,2250.29
14032.0,2011-11-17 11:51:00,312.92,2563.21
14032.0,2011-11-23 16:24:00,229.26,2792.47
14032.0,2011-12-07 15:23:00,183.12,2975.59
14034.0,2011-07-05 13:06:00,455.17,455.17
14034.0,2011-07-05 13:15:00,18.74,473.91
14034.0,2011-11-17 14:02:00,177.91,651.82
14035.0,2011-02-15 12:48:00,301.6,301.6
14035.0,2011-03-17 10:01:00,398.98,700.58
14035.0,2011-08-24 13:15:00,136.68,837.26
14035.0,2011-10-23 15:45:00,290.44,1127.7
14035.0,2011-11-11 10:03:00,300.32,1428.02
14036.0,2011-02-28 09:26:00,626.65,626.65
14037.0,2010-12-10 11:39:00,111.8,111.8
14037.0,2011-06-16 13:57:00,35.4,147.2
14038.0,2011-05-16 14:05:00,716.32,716.32
14038.0,2011-07-18 15:15:00,370.1,1086.42
14038.0,2011-09-22 13:37:00,473.96,1560.38
14039.0,2011-11-06 13:48:00,152.2,152.2
14040.0,2011-01-12 14:57:00,289.7,289.7
14040.0,2011-01-27 11:15:00,203.25,492.95
14040.0,2011-01-30 10:19:00,421.1,914.05
14040.0,2011-04-14 12:00:00,171.1,1085.15
14040.0,2011-05-08 12:44:00,364.23,1449.38
14040.0,2011-06-09 13:51:00,506.68,1956.06
14040.0,2011-07-27 12:58:00,151.95,2108.01
14040.0,2011-08-14 12:03:00,338.06,2446.07
14040.0,2011-08-14 12:12:00,39.84,2485.91
14040.0,2011-09-06 14:29:00,262.4,2748.31
14040.0,2011-10-09 13:58:00,725.56,3473.87
14040.0,2011-10-30 12:42:00,141.05,3614.92
14041.0,2011-03-18 13:25:00,141.41,141.41
14044.0,2011-02-03 11:39:00,173.74,173.74
14044.0,2011-07-17 13:32:00,171.44,345.18
14044.0,2011-08-28 14:39:00,196.93,542.11
14044.0,2011-11-13 12:05:00,110.71,652.82
14045.0,2010-12-01 11:32:00,326.4,326.4
14045.0,2011-01-06 08:52:00,682.8,1009.2
14045.0,2011-01-06 10:01:00,242.55,1251.75
14045.0,2011-08-22 15:27:00,408.0,1659.75
14046.0,2011-02-28 14:48:00,154.99,154.99
14047.0,2010-12-02 10:09:00,286.92,286.92
14047.0,2011-01-07 09:23:00,9.3,296.22
14047.0,2011-05-24 11:35:00,339.7,635.92
14047.0,2011-09-27 14:08:00,321.54,957.46
14047.0,2011-12-01 11:43:00,351.15,1308.61
14048.0,2011-02-07 14:53:00,409.93,409.93
14049.0,2011-01-26 11:27:00,1031.83,1031.83
14049.0,2011-05-23 11:07:00,2026.63,3058.46
14049.0,2011-07-04 11:47:00,226.93,3285.39
14049.0,2011-11-23 12:20:00,2396.33,5681.72
14050.0,2011-08-25 13:46:00,485.98,485.98
14050.0,2011-11-08 10:00:00,260.38,746.36
14051.0,2010-12-08 12:49:00,623.42,623.42
14051.0,2010-12-14 15:02:00,476.7,1100.12
14051.0,2010-12-20 15:14:00,728.04,1828.16
14051.0,2011-01-28 15:09:00,483.9,2312.06
14051.0,2011-02-16 13:14:00,337.5,2649.56
14051.0,2011-02-25 15:37:00,476.8,3126.36
14051.0,2011-03-22 14:56:00,905.1,4031.46
14051.0,2011-04-14 18:28:00,504.3,4535.76
14051.0,2011-04-27 12:50:00,665.52,5201.28
14051.0,2011-05-10 15:04:00,300.1,5501.38
14051.0,2011-05-10 15:05:00,332.1,5833.48
14051.0,2011-06-19 10:34:00,535.86,6369.34
14051.0,2011-07-05 13:01:00,672.9,7042.24
14051.0,2011-07-21 10:29:00,902.4,7944.64
14051.0,2011-08-18 17:39:00,742.8,8687.44
14051.0,2011-09-09 10:16:00,584.4,9271.84
14051.0,2011-10-02 14:37:00,973.95,10245.79
14051.0,2011-10-11 08:30:00,757.8,11003.59
14051.0,2011-10-26 10:15:00,959.7,11963.29
14051.0,2011-11-09 08:50:00,725.7,12688.99
14051.0,2011-11-22 16:31:00,958.2,13647.19
14051.0,2011-12-01 13:27:00,759.3,14406.49
14051.0,2011-12-09 10:20:00,1203.9,15610.39
14052.0,2011-11-20 12:30:00,225.36,225.36
14053.0,2011-07-03 12:21:00,154.25,154.25
14053.0,2011-08-07 14:27:00,106.0,260.25
14054.0,2011-10-05 15:49:00,92.46,92.46
14055.0,2011-08-25 15:04:00,725.64,725.64
14056.0,2011-02-28 15:19:00,598.96,598.96
14056.0,2011-03-10 16:16:00,232.43,831.39
14056.0,2011-03-17 19:01:00,220.6,1051.99
14056.0,2011-03-24 18:20:00,229.49,1281.48
14056.0,2011-03-31 15:43:00,276.94,1558.42
14056.0,2011-04-15 15:58:00,321.83,1880.25
14056.0,2011-05-06 16:54:00,367.52,2247.77
14056.0,2011-05-11 13:16:00,508.63,2756.4
14056.0,2011-05-20 10:33:00,171.29,2927.69
14056.0,2011-05-26 17:15:00,374.29,3301.98
14056.0,2011-06-08 16:54:00,393.34,3695.32
14056.0,2011-07-04 15:29:00,659.08,4354.4
14056.0,2011-07-20 14:55:00,341.03,4695.43
14056.0,2011-08-03 16:35:00,251.94,4947.37
14056.0,2011-08-09 16:17:00,123.21,5070.58
14056.0,2011-08-10 11:24:00,6.3,5076.88
14056.0,2011-08-24 16:02:00,305.63,5382.51
14056.0,2011-09-16 16:25:00,258.01,5640.52
14056.0,2011-10-04 13:25:00,528.68,6169.2
14056.0,2011-10-18 16:46:00,611.98,6781.18
14056.0,2011-11-04 15:50:00,473.72,7254.9
14056.0,2011-11-24 13:25:00,534.73,7789.63
14056.0,2011-12-08 13:36:00,425.02,8214.65
14057.0,2010-12-14 12:11:00,632.52,632.52
14057.0,2010-12-14 13:51:00,293.4,925.92
14057.0,2011-02-18 11:27:00,623.78,1549.7
14057.0,2011-03-03 14:56:00,294.33,1844.03
14057.0,2011-03-04 13:58:00,99.0,1943.03
14057.0,2011-04-14 08:26:00,349.44,2292.47
14057.0,2011-04-14 08:27:00,41.6,2334.07
14057.0,2011-05-24 15:56:00,342.46,2676.53
14057.0,2011-06-30 13:45:00,482.6,3159.13
14057.0,2011-07-24 15:39:00,440.26,3599.39
14057.0,2011-08-16 12:21:00,520.93,4120.32
14057.0,2011-08-22 11:44:00,305.02,4425.34
14057.0,2011-08-31 09:55:00,386.64,4811.98
14057.0,2011-09-11 14:58:00,331.56,5143.54
14057.0,2011-10-04 12:45:00,390.26,5533.8
14057.0,2011-10-04 12:46:00,45.0,5578.8
14057.0,2011-11-16 10:32:00,639.16,6217.96
14059.0,2011-03-18 10:06:00,183.6,183.6
14060.0,2010-12-02 12:11:00,339.84,339.84
14060.0,2010-12-08 12:40:00,281.0,620.84
14060.0,2010-12-15 11:15:00,253.2,874.04
14060.0,2011-01-10 14:20:00,402.66,1276.7
14060.0,2011-01-26 10:10:00,252.1,1528.8
14060.0,2011-02-22 12:13:00,402.66,1931.46
14060.0,2011-03-14 13:36:00,140.0,2071.46
14060.0,2011-04-13 08:26:00,446.7,2518.16
14060.0,2011-04-21 18:59:00,153.84,2672.0
14060.0,2011-05-18 13:50:00,285.1,2957.1
14060.0,2011-06-09 10:46:00,438.0,3395.1
14060.0,2011-07-17 11:26:00,189.58,3584.68
14060.0,2011-08-01 10:08:00,211.14,3795.82
14060.0,2011-08-23 16:49:00,306.96,4102.78
14060.0,2011-09-13 10:25:00,294.24,4397.02
14060.0,2011-09-21 13:01:00,738.58,5135.6
14060.0,2011-10-14 12:25:00,294.78,5430.38
14060.0,2011-11-17 12:59:00,412.56,5842.94
14060.0,2011-12-05 12:29:00,297.48,6140.42
14062.0,2010-12-10 15:56:00,966.62,966.62
14062.0,2010-12-20 13:24:00,237.6,1204.22
14062.0,2010-12-20 14:51:00,239.9,1444.12
14062.0,2011-01-20 14:18:00,1652.27,3096.39
14062.0,2011-04-13 15:36:00,317.26,3413.65
14062.0,2011-04-14 15:46:00,1420.98,4834.63
14062.0,2011-06-16 17:35:00,360.04,5194.67
14062.0,2011-07-18 09:38:00,898.44,6093.11
14062.0,2011-08-19 11:56:00,1708.68,7801.79
14062.0,2011-09-09 10:31:00,998.88,8800.67
14062.0,2011-09-29 09:44:00,424.8,9225.47
14062.0,2011-11-30 10:04:00,1239.38,10464.85
14064.0,2011-03-10 12:59:00,185.15,185.15
14064.0,2011-03-31 13:14:00,375.35,560.5
14064.0,2011-05-12 12:30:00,281.66,842.16
14064.0,2011-08-18 18:11:00,255.52,1097.68
14064.0,2011-11-10 13:14:00,256.06,1353.74
14066.0,2011-03-18 12:21:00,152.55,152.55
14067.0,2011-09-04 12:00:00,224.67,224.67
14067.0,2011-10-07 10:21:00,150.03,374.7
14068.0,2011-01-23 16:02:00,265.85,265.85
14071.0,2011-03-20 11:33:00,225.4,225.4
14071.0,2011-03-24 13:28:00,131.41,356.81
14071.0,2011-10-23 14:33:00,167.95,524.76
14071.0,2011-10-28 16:45:00,265.71,790.47
14071.0,2011-11-08 12:25:00,152.53,943.0
14071.0,2011-11-20 14:07:00,341.24,1284.24
14071.0,2011-12-06 12:12:00,125.16,1409.4
14071.0,2011-12-06 12:27:00,29.42,1438.82
14073.0,2011-11-07 15:49:00,151.04,151.04
14075.0,2011-03-23 16:35:00,307.92,307.92
14075.0,2011-11-20 12:32:00,317.56,625.48
14075.0,2011-12-05 08:38:00,316.78,942.26
14076.0,2011-08-02 15:19:00,122.47,122.47
14077.0,2011-03-10 15:52:00,117.11,117.11
14077.0,2011-04-28 14:04:00,82.5,199.61
14077.0,2011-06-10 14:31:00,110.79,310.4
14077.0,2011-09-22 13:44:00,56.3,366.7
14077.0,2011-10-30 12:35:00,132.72,499.42
14078.0,2010-12-01 12:54:00,136.24,136.24
14078.0,2011-02-28 14:15:00,170.05,306.29
14078.0,2011-04-27 11:26:00,166.4,472.69
14078.0,2011-05-10 13:26:00,111.29,583.98
14078.0,2011-06-08 12:49:00,243.93,827.91
14078.0,2011-08-30 12:16:00,221.46,1049.37
14079.0,2011-08-07 12:10:00,375.1,375.1
14080.0,2011-11-07 11:09:00,45.6,45.6
14081.0,2010-12-05 15:47:00,423.52,423.52
14081.0,2011-02-10 16:17:00,511.0,934.52
14082.0,2010-12-10 11:02:00,182.25,182.25
14083.0,2010-12-03 12:24:00,309.54,309.54
14083.0,2010-12-20 15:22:00,112.68,422.22
14083.0,2010-12-20 15:26:00,37.67,459.89
14083.0,2011-03-11 14:03:00,14.4,474.29
14083.0,2011-05-24 15:22:00,15.18,489.47
14083.0,2011-07-29 15:42:00,41.6,531.07
14083.0,2011-08-05 14:31:00,17.85,548.92
14083.0,2011-12-02 10:35:00,22.94,571.86
14083.0,2011-12-05 13:14:00,446.57,1018.43
14085.0,2010-12-06 12:39:00,308.05,308.05
14085.0,2010-12-13 13:28:00,491.24,799.29
14085.0,2010-12-23 11:06:00,390.95,1190.24
14085.0,2011-01-13 11:54:00,222.97,1413.21
14085.0,2011-01-20 15:01:00,330.48,1743.69
14085.0,2011-02-03 12:37:00,244.22,1987.91
14085.0,2011-03-09 14:30:00,155.45,2143.36
14085.0,2011-03-24 13:12:00,150.34,2293.7
14085.0,2011-03-25 12:13:00,207.21,2500.91
14085.0,2011-05-25 16:08:00,311.5,2812.41
14085.0,2011-06-17 16:07:00,147.95,2960.36
14085.0,2011-07-21 13:48:00,287.83,3248.19
14085.0,2011-10-25 16:14:00,260.79,3508.98
14085.0,2011-10-25 16:20:00,29.75,3538.73
14085.0,2011-11-30 16:54:00,278.82,3817.55
14085.0,2011-12-02 12:36:00,386.34,4203.89
14085.0,2011-12-02 14:02:00,13.95,4217.84
14085.0,2011-12-07 13:46:00,230.7,4448.54
14087.0,2011-12-07 12:41:00,194.42,194.42
14088.0,2011-01-21 13:07:00,7544.91,7544.91
14088.0,2011-06-02 17:50:00,5913.9,13458.81
14088.0,2011-06-02 17:51:00,1896.03,15354.84
14088.0,2011-06-22 16:32:00,33.16,15388.0
14088.0,2011-07-19 15:23:00,8801.51,24189.51
14088.0,2011-07-27 12:19:00,313.5,24503.01
14088.0,2011-08-03 11:21:00,1004.88,25507.89
14088.0,2011-10-16 13:23:00,8132.31,33640.2
14088.0,2011-11-02 14:50:00,3962.85,37603.05
14088.0,2011-11-18 14:14:00,188.7,37791.75
14088.0,2011-11-23 15:44:00,10584.77,48376.52
14088.0,2011-11-24 18:05:00,39.48,48416.0
14088.0,2011-11-29 16:16:00,2075.81,50491.81
14089.0,2011-10-14 10:38:00,161.0,161.0
14090.0,2011-01-19 10:51:00,76.32,76.32
14092.0,2010-12-16 15:47:00,250.65,250.65
14092.0,2010-12-22 11:11:00,351.08,601.73
14092.0,2011-01-21 13:55:00,318.5,920.23
14092.0,2011-03-15 12:56:00,238.2,1158.43
14092.0,2011-04-17 10:27:00,311.38,1469.81
14092.0,2011-05-27 14:44:00,327.66,1797.47
14092.0,2011-06-22 12:56:00,250.09,2047.56
14092.0,2011-06-22 12:57:00,29.7,2077.26
14092.0,2011-07-31 13:36:00,360.54,2437.8
14092.0,2011-09-01 10:36:00,307.62,2745.42
14092.0,2011-10-03 10:15:00,351.17,3096.59
14092.0,2011-11-16 12:08:00,625.86,3722.45
14092.0,2011-12-02 12:10:00,42.36,3764.81
14092.0,2011-12-02 12:13:00,312.1,4076.91
14093.0,2011-11-27 16:27:00,442.85,442.85
14096.0,2011-08-30 10:49:00,21.84,21.84
14096.0,2011-09-02 15:45:00,103.22,125.06
14096.0,2011-09-09 15:17:00,119.62,244.68
14096.0,2011-09-13 12:32:00,433.93,678.61
14096.0,2011-09-21 14:40:00,4936.65,5615.26
14096.0,2011-09-26 15:28:00,3671.44,9286.7
14096.0,2011-10-03 09:57:00,2900.99,12187.69
14096.0,2011-10-10 17:12:00,3380.86,15568.55
14096.0,2011-10-17 13:31:00,4050.61,19619.16
14096.0,2011-10-24 17:07:00,3472.42,23091.58
14096.0,2011-10-26 12:28:00,367.74,23459.32
14096.0,2011-10-31 14:09:00,4941.71,28401.03
14096.0,2011-11-10 12:37:00,4358.0,32759.03
14096.0,2011-11-14 15:27:00,8425.54,41184.57
14096.0,2011-11-23 13:39:00,6936.52,48121.09
14096.0,2011-11-28 15:54:00,8107.72,56228.81
14096.0,2011-12-05 17:17:00,8935.98,65164.79
14098.0,2011-11-03 10:13:00,147.35,147.35
14099.0,2010-12-20 11:14:00,383.52,383.52
14099.0,2011-01-14 14:47:00,234.62,618.14
14099.0,2011-02-17 14:36:00,200.59,818.73
14099.0,2011-03-30 11:12:00,244.13,1062.86
14099.0,2011-05-05 15:48:00,258.6,1321.46
14099.0,2011-06-22 16:33:00,403.81,1725.27
14099.0,2011-07-05 12:15:00,235.63,1960.9
14099.0,2011-08-11 15:34:00,349.02,2309.92
14099.0,2011-10-05 13:04:00,363.18,2673.1
14099.0,2011-10-27 13:41:00,217.27,2890.37
14099.0,2011-11-23 13:53:00,213.8,3104.17
14100.0,2011-07-25 11:01:00,194.9,194.9
14101.0,2011-01-17 13:09:00,751.6,751.6
14101.0,2011-02-18 12:31:00,1092.43,1844.03
14101.0,2011-03-20 10:37:00,1224.6,3068.63
14101.0,2011-05-26 10:15:00,1090.76,4159.39
14101.0,2011-07-20 12:08:00,785.0,4944.39
14101.0,2011-09-27 12:28:00,1032.4,5976.79
14102.0,2011-10-26 12:46:00,421.1,421.1
14102.0,2011-11-02 13:46:00,349.3,770.4
14102.0,2011-11-17 11:04:00,175.95,946.35
14102.0,2011-11-28 10:20:00,295.43,1241.78
14102.0,2011-12-04 15:38:00,118.5,1360.28
14104.0,2011-06-27 12:49:00,111.26,111.26
14104.0,2011-07-08 12:50:00,104.95,216.21
14105.0,2011-04-14 17:58:00,1266.23,1266.23
14107.0,2010-12-10 13:29:00,363.24,363.24
14107.0,2011-02-16 16:31:00,257.85,621.09
14107.0,2011-03-25 12:57:00,554.18,1175.27
14107.0,2011-05-03 13:31:00,299.81,1475.08
14107.0,2011-06-16 16:47:00,361.76,1836.84
14107.0,2011-09-04 15:20:00,625.1,2461.94
14107.0,2011-10-19 12:12:00,241.29,2703.23
14108.0,2011-08-30 11:32:00,291.33,291.33
14108.0,2011-11-09 10:41:00,306.58,597.91
14109.0,2011-09-28 10:18:00,144.2,144.2
14110.0,2011-03-18 09:59:00,904.26,904.26
14110.0,2011-05-03 13:39:00,797.26,1701.52
14110.0,2011-06-21 11:57:00,379.72,2081.24
14110.0,2011-07-13 12:06:00,317.4,2398.64
14110.0,2011-08-12 14:47:00,860.98,3259.62
14110.0,2011-09-12 09:26:00,523.25,3782.87
14110.0,2011-09-14 14:28:00,382.74,4165.61
14110.0,2011-10-04 09:38:00,304.62,4470.23
14110.0,2011-10-28 11:33:00,520.44,4990.67
14110.0,2011-11-03 11:47:00,41.6,5032.27
14110.0,2011-11-18 08:59:00,325.44,5357.71
14110.0,2011-12-06 12:26:00,325.44,5683.15
14111.0,2011-04-12 11:36:00,94.2,94.2
14111.0,2011-08-25 14:51:00,153.0,247.2
14111.0,2011-09-05 12:21:00,48.3,295.5
14111.0,2011-11-25 13:44:00,397.35,692.85
14112.0,2011-03-09 11:28:00,617.1,617.1
14112.0,2011-05-20 10:35:00,115.6,732.7
14112.0,2011-05-20 10:36:00,419.8,1152.5
14112.0,2011-08-01 12:16:00,748.32,1900.82
14112.0,2011-10-30 15:57:00,770.23,2671.05
14112.0,2011-10-30 16:00:00,33.0,2704.05
14112.0,2011-11-17 12:30:00,211.1,2915.15
14113.0,2010-12-20 12:14:00,433.5,433.5
14113.0,2011-09-22 16:46:00,492.88,926.38
14113.0,2011-11-17 10:59:00,442.14,1368.52
14113.0,2011-12-06 12:18:00,471.9,1840.42
14114.0,2011-01-13 11:05:00,195.13,195.13
14114.0,2011-03-11 09:42:00,191.4,386.53
14116.0,2011-08-10 12:44:00,319.97,319.97
14116.0,2011-09-08 09:51:00,308.9,628.87
14116.0,2011-10-06 13:45:00,327.45,956.32
14116.0,2011-11-08 15:40:00,213.5,1169.82
14116.0,2011-11-20 10:29:00,212.92,1382.74
14117.0,2011-07-19 09:49:00,90.0,90.0
14121.0,2011-10-11 10:39:00,233.1,233.1
14121.0,2011-11-10 10:36:00,1247.41,1480.51
14121.0,2011-11-29 13:43:00,528.48,2008.99
14121.0,2011-12-06 12:19:00,771.16,2780.15
14124.0,2011-09-16 13:32:00,419.58,419.58
14125.0,2011-09-22 15:40:00,1295.43,1295.43
14125.0,2011-11-11 12:20:00,1111.08,2406.51
14125.0,2011-11-29 12:47:00,333.92,2740.43
14126.0,2011-11-29 12:21:00,275.85,275.85
14126.0,2011-11-29 12:22:00,367.78,643.63
14126.0,2011-12-02 11:45:00,62.5,706.13
14127.0,2011-02-02 12:26:00,314.63,314.63
14127.0,2011-03-28 12:25:00,137.6,452.23
14127.0,2011-08-09 10:49:00,257.48,709.71
14128.0,2011-03-29 10:49:00,305.54,305.54
14128.0,2011-10-10 12:00:00,331.96,637.5
14129.0,2011-03-24 08:44:00,358.9,358.9
14129.0,2011-09-05 09:49:00,367.33,726.23
14129.0,2011-11-22 12:09:00,245.05,971.28
14129.0,2011-12-08 11:02:00,152.58,1123.86
14130.0,2011-01-24 16:05:00,483.86,483.86
14132.0,2011-06-09 12:04:00,306.86,306.86
14132.0,2011-06-30 17:29:00,301.06,607.92
14132.0,2011-07-12 10:47:00,304.5,912.42
14132.0,2011-08-03 10:49:00,301.92,1214.34
14132.0,2011-08-18 11:59:00,338.12,1552.46
14132.0,2011-09-13 14:30:00,347.74,1900.2
14132.0,2011-10-10 13:37:00,419.54,2319.74
14132.0,2011-11-04 12:18:00,308.16,2627.9
14132.0,2011-11-09 15:11:00,305.6,2933.5
14132.0,2011-11-25 10:03:00,337.4,3270.9
14132.0,2011-12-07 13:35:00,315.13,3586.03
14133.0,2011-01-28 11:27:00,318.0,318.0
14133.0,2011-08-02 11:33:00,267.72,585.72
14133.0,2011-08-02 11:34:00,19.92,605.64
14135.0,2010-12-02 10:27:00,485.25,485.25
14135.0,2010-12-07 12:37:00,319.0,804.25
14135.0,2010-12-21 10:18:00,117.6,921.85
14135.0,2010-12-21 10:30:00,25.2,947.05
14135.0,2011-01-06 11:39:00,186.0,1133.05
14135.0,2011-01-11 09:58:00,511.46,1644.51
14135.0,2011-01-17 11:53:00,167.4,1811.91
14135.0,2011-05-03 13:22:00,309.35,2121.26
14135.0,2011-06-06 13:32:00,320.2,2441.46
14135.0,2011-08-26 14:44:00,748.86,3190.32
14135.0,2011-09-25 11:36:00,324.0,3514.32
14135.0,2011-11-06 14:33:00,346.35,3860.67
14135.0,2011-11-07 16:30:00,386.74,4247.41
14135.0,2011-12-01 14:54:00,303.0,4550.41
14135.0,2011-12-08 11:38:00,139.9,4690.31
14138.0,2011-10-07 09:38:00,638.21,638.21
14138.0,2011-12-08 12:44:00,344.17,982.38
14139.0,2011-10-24 13:34:00,415.82,415.82
14140.0,2011-11-08 11:20:00,540.99,540.99
14140.0,2011-12-06 09:05:00,394.06,935.05
14141.0,2011-08-26 14:40:00,285.16,285.16
14141.0,2011-09-27 11:38:00,204.15,489.31
14141.0,2011-10-11 12:17:00,199.47,688.78
14141.0,2011-12-07 09:53:00,226.35,915.13
14142.0,2010-12-01 16:33:00,311.81,311.81
14143.0,2011-07-29 09:48:00,115.8,115.8
14145.0,2011-05-06 13:01:00,1128.6,1128.6
14145.0,2011-07-04 12:58:00,1128.6,2257.2
14145.0,2011-07-06 11:52:00,594.0,2851.2
14145.0,2011-10-24 12:10:00,891.0,3742.2
14146.0,2010-12-17 15:52:00,1241.43,1241.43
14146.0,2011-03-30 11:04:00,662.3,1903.73
14146.0,2011-09-19 15:00:00,310.95,2214.68
14146.0,2011-09-19 15:01:00,751.16,2965.84
14146.0,2011-12-01 10:18:00,1225.16,4191.0
14147.0,2011-02-27 11:42:00,182.8,182.8
14147.0,2011-09-22 18:10:00,300.6,483.4
14148.0,2011-04-20 12:02:00,157.2,157.2
14149.0,2011-05-03 09:44:00,446.62,446.62
14150.0,2010-12-15 10:04:00,306.18,306.18
14150.0,2011-11-04 10:05:00,352.46,658.64
14152.0,2011-04-19 15:46:00,314.51,314.51
14152.0,2011-09-25 12:54:00,306.78,621.29
14154.0,2011-04-14 15:58:00,419.74,419.74
14154.0,2011-04-14 16:26:00,925.88,1345.62
14155.0,2011-03-18 14:13:00,118.75,118.75
14156.0,2010-12-03 11:48:00,322.2,322.2
14156.0,2011-01-14 14:11:00,16774.72,17096.92
14156.0,2011-02-03 13:26:00,788.06,17884.98
14156.0,2011-02-14 09:45:00,2024.57,19909.55
14156.0,2011-02-15 14:49:00,856.26,20765.81
14156.0,2011-02-15 14:50:00,3506.24,24272.05
14156.0,2011-02-23 08:48:00,1480.2,25752.25
14156.0,2011-03-01 14:47:00,2541.15,28293.4
14156.0,2011-03-10 10:32:00,585.32,28878.72
14156.0,2011-03-10 11:33:00,3500.5,32379.22
14156.0,2011-03-10 11:37:00,1614.6,33993.82
14156.0,2011-03-10 15:01:00,461.6,34455.42
14156.0,2011-03-15 14:32:00,1041.45,35496.87
14156.0,2011-04-04 08:50:00,2183.82,37680.69
14156.0,2011-04-17 10:17:00,446.74,38127.43
14156.0,2011-04-19 13:09:00,367.62,38495.05
14156.0,2011-05-06 08:08:00,3869.18,42364.23
14156.0,2011-05-16 08:16:00,1543.0,43907.23
14156.0,2011-06-06 13:48:00,958.12,44865.35
14156.0,2011-06-15 14:47:00,3876.86,48742.21
14156.0,2011-06-15 14:48:00,606.72,49348.93
14156.0,2011-06-22 13:52:00,493.04,49841.97
14156.0,2011-06-24 15:51:00,1000.31,50842.28
14156.0,2011-06-29 10:50:00,2822.74,53665.02
14156.0,2011-07-01 10:16:00,679.1,54344.12
14156.0,2011-07-14 14:46:00,654.97,54999.09
14156.0,2011-07-19 09:08:00,11134.34,66133.43
14156.0,2011-07-19 09:10:00,532.32,66665.75
14156.0,2011-07-31 15:42:00,13464.26,80130.01
14156.0,2011-08-05 17:12:00,1572.73,81702.74
14156.0,2011-08-10 17:11:00,1253.05,82955.79
14156.0,2011-08-15 14:39:00,467.42,83423.21
14156.0,2011-08-17 13:40:00,1544.01,84967.22
14156.0,2011-08-17 13:45:00,34.68,85001.9
14156.0,2011-09-04 11:36:00,629.04,85630.94
14156.0,2011-09-05 10:34:00,50.0,85680.94
14156.0,2011-09-05 10:47:00,7480.06,93161.0
14156.0,2011-09-05 10:48:00,958.8,94119.8
14156.0,2011-09-06 12:38:00,4005.35,98125.15
14156.0,2011-09-06 12:44:00,228.84,98353.99
14156.0,2011-09-07 16:00:00,504.35,98858.34
14156.0,2011-09-30 07:36:00,5867.08,104725.42
14156.0,2011-10-10 09:18:00,1974.0,106699.42
14156.0,2011-10-12 09:29:00,419.85,107119.27
14156.0,2011-10-14 10:03:00,406.84,107526.11
14156.0,2011-10-17 10:42:00,728.24,108254.35
14156.0,2011-10-17 10:43:00,894.64,109148.99
14156.0,2011-10-18 10:04:00,704.02,109853.01
14156.0,2011-10-21 08:47:00,773.94,110626.95
14156.0,2011-11-07 11:42:00,397.43,111024.38
14156.0,2011-11-11 08:46:00,370.8,111395.18
14156.0,2011-11-15 15:20:00,832.58,112227.76
14156.0,2011-11-16 10:45:00,4391.16,116618.92
14156.0,2011-11-30 10:54:00,760.71,117379.63
14157.0,2011-02-27 13:04:00,277.17,277.17
14157.0,2011-11-20 11:32:00,155.71,432.88
14158.0,2011-10-30 15:08:00,507.66,507.66
14159.0,2010-12-12 11:17:00,193.22,193.22
14159.0,2011-03-28 12:23:00,458.87,652.09
14159.0,2011-06-05 14:06:00,462.53,1114.62
14159.0,2011-06-23 11:51:00,312.68,1427.3
14159.0,2011-07-13 12:06:00,419.48,1846.78
14159.0,2011-07-18 11:47:00,337.43,2184.21
14159.0,2011-09-05 12:00:00,575.68,2759.89
14159.0,2011-09-19 11:02:00,387.78,3147.67
14159.0,2011-10-18 13:41:00,178.97,3326.64
14159.0,2011-10-30 11:55:00,518.55,3845.19
14159.0,2011-11-20 12:36:00,847.82,4693.01
14161.0,2010-12-05 13:18:00,283.15,283.15
14161.0,2011-03-06 12:52:00,263.04,546.19
14161.0,2011-05-08 11:41:00,564.33,1110.52
14162.0,2011-02-20 12:32:00,177.68,177.68
14162.0,2011-06-19 11:36:00,111.68,289.36
14163.0,2011-04-14 17:33:00,411.87,411.87
14163.0,2011-05-24 15:06:00,337.92,749.79
14163.0,2011-07-10 14:49:00,909.6,1659.39
14163.0,2011-09-13 15:18:00,786.52,2445.91
14164.0,2011-09-20 12:18:00,1273.77,1273.77
14164.0,2011-09-30 12:24:00,358.0,1631.77
14165.0,2011-03-09 12:39:00,122.54,122.54
14167.0,2011-01-12 15:44:00,148.35,148.35
14167.0,2011-03-21 15:33:00,110.65,259.0
14167.0,2011-06-27 16:46:00,143.1,402.1
14167.0,2011-10-31 14:29:00,172.74,574.84
14171.0,2011-09-02 16:43:00,363.79,363.79
14173.0,2011-05-04 14:03:00,114.04,114.04
14173.0,2011-10-25 13:17:00,129.77,243.81
14173.0,2011-11-29 11:52:00,194.55,438.36
14173.0,2011-11-29 11:54:00,12.48,450.84
14174.0,2011-11-06 13:17:00,134.46,134.46
14175.0,2011-01-14 12:22:00,322.58,322.58
14175.0,2011-06-21 14:29:00,883.41,1205.99
14175.0,2011-10-11 11:55:00,2016.31,3222.3
14176.0,2010-12-07 11:45:00,159.55,159.55
14176.0,2011-01-17 11:28:00,121.2,280.75
14176.0,2011-02-15 12:56:00,230.15,510.9
14176.0,2011-02-15 13:12:00,66.0,576.9
14177.0,2011-06-13 11:10:00,118.08,118.08
14177.0,2011-09-05 12:18:00,183.83,301.91
14177.0,2011-09-05 12:24:00,7.5,309.41
14177.0,2011-09-14 15:11:00,250.0,559.41
14178.0,2011-06-10 12:51:00,197.37,197.37
14178.0,2011-07-19 13:01:00,115.52,312.89
14178.0,2011-09-02 14:42:00,180.47,493.36
14178.0,2011-10-04 12:39:00,198.74,692.1
14178.0,2011-10-30 12:48:00,261.85,953.95
14178.0,2011-11-11 12:10:00,246.86,1200.81
14178.0,2011-12-01 12:01:00,420.12,1620.93
14179.0,2011-10-18 14:00:00,551.68,551.68
14179.0,2011-10-30 12:07:00,168.1,719.78
14180.0,2010-12-02 13:08:00,201.75,201.75
14180.0,2010-12-13 09:02:00,339.4,541.15
14180.0,2010-12-16 17:29:00,136.25,677.4
14180.0,2010-12-16 17:30:00,218.85,896.25
14180.0,2011-01-04 13:38:00,284.6,1180.85
14180.0,2011-01-19 14:22:00,275.5,1456.35
14180.0,2011-02-01 14:24:00,134.1,1590.45
14180.0,2011-02-07 10:50:00,143.92,1734.37
14180.0,2011-02-16 11:59:00,119.15,1853.52
14180.0,2011-03-02 09:33:00,382.1,2235.62
14180.0,2011-03-14 08:21:00,227.0,2462.62
14180.0,2011-03-30 12:48:00,245.2,2707.82
14180.0,2011-04-18 14:44:00,187.75,2895.57
14180.0,2011-05-06 13:38:00,195.15,3090.72
14180.0,2011-05-18 10:56:00,193.75,3284.47
14180.0,2011-06-07 13:21:00,149.15,3433.62
14180.0,2011-06-24 12:14:00,168.55,3602.17
14180.0,2011-07-07 13:43:00,97.5,3699.67
14180.0,2011-07-24 14:18:00,101.05,3800.72
14180.0,2011-08-09 12:23:00,174.65,3975.37
14180.0,2011-08-25 12:46:00,134.75,4110.12
14180.0,2011-09-09 13:47:00,148.8,4258.92
14180.0,2011-10-13 11:53:00,149.7,4408.62
14180.0,2011-11-10 16:21:00,179.55,4588.17
14180.0,2011-11-29 10:56:00,160.35,4748.52
14184.0,2011-10-04 12:43:00,452.89,452.89
14185.0,2011-01-12 13:52:00,197.65,197.65
14188.0,2011-02-02 13:46:00,398.0,398.0
14188.0,2011-05-09 10:03:00,362.9,760.9
14188.0,2011-07-08 15:54:00,329.46,1090.36
14188.0,2011-08-22 13:42:00,293.1,1383.46
14188.0,2011-09-29 12:15:00,334.5,1717.96
14188.0,2011-11-09 12:45:00,336.4,2054.36
14189.0,2010-12-06 11:42:00,311.24,311.24
14189.0,2011-01-05 10:58:00,364.8,676.04
14189.0,2011-01-25 13:46:00,274.74,950.78
14189.0,2011-02-24 12:22:00,214.71,1165.49
14189.0,2011-03-29 17:12:00,314.1,1479.59
14189.0,2011-04-21 16:26:00,318.78,1798.37
14189.0,2011-05-23 09:39:00,306.34,2104.71
14189.0,2011-05-23 10:34:00,51.36,2156.07
14189.0,2011-07-05 09:23:00,321.46,2477.53
14189.0,2011-08-18 14:48:00,429.43,2906.96
14189.0,2011-09-04 13:45:00,360.96,3267.92
14189.0,2011-10-27 10:26:00,467.5,3735.42
14189.0,2011-11-10 16:20:00,314.66,4050.08
14189.0,2011-11-23 16:43:00,302.44,4352.52
14189.0,2011-12-07 15:55:00,301.56,4654.08
14191.0,2011-05-03 10:30:00,150.32,150.32
14191.0,2011-05-24 08:49:00,278.78,429.1
14191.0,2011-06-08 10:10:00,357.6,786.7
14191.0,2011-06-30 14:37:00,318.9,1105.6
14191.0,2011-07-29 14:40:00,417.94,1523.54
14191.0,2011-08-10 12:11:00,355.45,1878.99
14191.0,2011-08-23 14:25:00,379.27,2258.26
14191.0,2011-09-20 09:24:00,267.03,2525.29
14191.0,2011-10-18 14:32:00,329.97,2855.26
14191.0,2011-11-01 14:49:00,294.58,3149.84
14191.0,2011-11-17 13:59:00,738.67,3888.51
14191.0,2011-11-29 17:23:00,370.13,4258.64
14191.0,2011-12-08 09:23:00,426.12,4684.76
14193.0,2011-03-15 11:38:00,422.54,422.54
14193.0,2011-10-03 09:34:00,430.85,853.39
14194.0,2011-02-04 14:51:00,516.95,516.95
14194.0,2011-03-18 12:55:00,213.98,730.93
14194.0,2011-03-18 12:56:00,566.37,1297.3
14194.0,2011-03-18 12:57:00,282.12,1579.42
14194.0,2011-05-13 15:24:00,689.42,2268.84
14194.0,2011-05-13 15:25:00,383.06,2651.9
14194.0,2011-05-13 15:26:00,85.36,2737.26
14194.0,2011-05-27 11:41:00,670.61,3407.87
14194.0,2011-06-20 09:50:00,561.29,3969.16
14194.0,2011-07-25 10:56:00,558.49,4527.65
14194.0,2011-08-17 12:50:00,508.12,5035.77
14194.0,2011-08-25 14:42:00,630.68,5666.45
14194.0,2011-09-13 15:23:00,446.31,6112.76
14194.0,2011-09-25 12:32:00,863.2,6975.96
14194.0,2011-10-11 08:23:00,530.35,7506.31
14194.0,2011-10-11 08:24:00,70.8,7577.11
14194.0,2011-10-28 14:42:00,1142.85,8719.96
14194.0,2011-11-15 14:57:00,1025.35,9745.31
14194.0,2011-11-21 10:35:00,1120.11,10865.42
14194.0,2011-12-05 10:38:00,484.1,11349.52
14195.0,2011-04-01 16:50:00,828.4,828.4
14195.0,2011-05-22 10:29:00,183.6,1012.0
14196.0,2011-08-25 10:25:00,335.52,335.52
14198.0,2011-04-14 14:54:00,183.3,183.3
14198.0,2011-07-17 15:47:00,173.65,356.95
14198.0,2011-09-14 11:25:00,171.85,528.8
14198.0,2011-11-21 16:35:00,172.6,701.4
14199.0,2011-05-05 13:44:00,185.4,185.4
14201.0,2010-12-15 13:25:00,67.24,67.24
14201.0,2011-04-19 13:57:00,109.04,176.28
14201.0,2011-05-08 10:20:00,187.98,364.26
14201.0,2011-06-06 14:35:00,46.84,411.1
14201.0,2011-07-13 15:18:00,110.14,521.24
14201.0,2011-09-20 10:47:00,105.9,627.14
14201.0,2011-10-10 13:27:00,120.3,747.44
14204.0,2011-12-07 13:38:00,161.03,161.03
14205.0,2011-03-20 15:07:00,222.9,222.9
14205.0,2011-11-23 10:55:00,243.8,466.7
14206.0,2011-04-14 16:38:00,328.16,328.16
14208.0,2011-09-06 12:48:00,151.74,151.74
14209.0,2011-01-11 12:56:00,347.95,347.95
14209.0,2011-03-25 10:08:00,420.6,768.55
14209.0,2011-05-10 10:00:00,314.6,1083.15
14209.0,2011-07-22 11:44:00,438.5,1521.65
14209.0,2011-08-10 16:01:00,354.68,1876.33
14209.0,2011-11-29 10:18:00,197.1,2073.43
14210.0,2010-12-03 12:43:00,304.95,304.95
14210.0,2011-01-04 13:30:00,363.66,668.61
14210.0,2011-02-16 13:11:00,308.78,977.39
14210.0,2011-04-26 14:07:00,305.46,1282.85
14210.0,2011-05-26 12:46:00,316.8,1599.65
14210.0,2011-08-26 12:36:00,306.19,1905.84
14211.0,2011-02-17 15:50:00,145.2,145.2
14211.0,2011-02-28 09:33:00,319.9,465.1
14211.0,2011-04-15 14:15:00,138.79,603.89
14211.0,2011-04-19 11:19:00,155.6,759.49
14211.0,2011-05-16 10:46:00,150.4,909.89
14211.0,2011-09-04 10:51:00,220.04,1129.93
14211.0,2011-09-20 15:49:00,209.16,1339.09
14211.0,2011-10-13 10:20:00,355.78,1694.87
14211.0,2011-10-17 13:23:00,546.23,2241.1
14212.0,2011-09-11 12:45:00,1070.48,1070.48
14214.0,2011-03-07 12:26:00,638.65,638.65
14214.0,2011-06-22 13:59:00,183.56,822.21
14214.0,2011-07-06 15:02:00,76.95,899.16
14214.0,2011-10-20 11:54:00,55.42,954.58
14214.0,2011-11-09 10:31:00,49.8,1004.38
14215.0,2010-12-06 15:34:00,166.0,166.0
14215.0,2011-01-13 14:24:00,596.06,762.06
14215.0,2011-01-28 14:53:00,160.05,922.11
14215.0,2011-06-06 10:04:00,176.16,1098.27
14215.0,2011-09-23 10:44:00,245.64,1343.91
14215.0,2011-11-28 12:19:00,445.81,1789.72
14216.0,2011-11-02 10:51:00,459.8,459.8
14216.0,2011-11-23 13:24:00,792.94,1252.74
14216.0,2011-12-01 14:58:00,448.31,1701.05
14216.0,2011-12-06 14:56:00,138.25,1839.3
14217.0,2010-12-08 13:28:00,118.3,118.3
14217.0,2011-01-07 12:26:00,102.5,220.8
14217.0,2011-01-11 10:31:00,69.7,290.5
14217.0,2011-02-01 14:29:00,88.3,378.8
14217.0,2011-03-20 12:28:00,130.05,508.85
14217.0,2011-04-08 09:26:00,112.8,621.65
14217.0,2011-05-16 15:47:00,202.24,823.89
14217.0,2011-06-08 08:46:00,165.36,989.25
14217.0,2011-07-07 10:39:00,95.75,1085.0
14217.0,2011-09-01 12:16:00,126.5,1211.5
14217.0,2011-09-26 12:12:00,93.87,1305.37
14217.0,2011-09-26 15:47:00,164.3,1469.67
14217.0,2011-10-13 10:52:00,102.95,1572.62
14217.0,2011-10-30 13:53:00,92.52,1665.14
14217.0,2011-11-15 17:11:00,105.76,1770.9
14217.0,2011-11-28 12:08:00,139.6,1910.5
14217.0,2011-12-08 11:53:00,94.48,2004.98
14218.0,2011-10-28 10:00:00,169.48,169.48
14219.0,2011-12-05 16:23:00,89.94,89.94
14220.0,2010-12-16 18:18:00,312.98,312.98
14220.0,2011-04-06 13:23:00,319.42,632.4
14221.0,2011-01-04 15:33:00,312.95,312.95
14221.0,2011-05-17 11:41:00,551.03,863.98
14221.0,2011-06-02 16:59:00,30.0,893.98
14221.0,2011-06-02 17:00:00,759.85,1653.83
14221.0,2011-07-13 15:04:00,357.78,2011.61
14221.0,2011-07-13 15:05:00,17.4,2029.01
14221.0,2011-08-18 17:43:00,588.0,2617.01
14221.0,2011-09-20 12:21:00,471.88,3088.89
14221.0,2011-10-28 13:42:00,343.91,3432.8
14222.0,2011-06-15 16:42:00,683.17,683.17
14223.0,2011-03-20 16:02:00,304.9,304.9
14223.0,2011-07-05 11:36:00,351.69,656.59
14223.0,2011-09-08 13:38:00,334.54,991.13
14224.0,2011-01-23 13:58:00,244.3,244.3
14224.0,2011-05-08 14:08:00,251.02,495.32
14224.0,2011-07-17 13:40:00,368.18,863.5
14224.0,2011-08-21 13:24:00,186.62,1050.12
14226.0,2011-03-15 15:36:00,983.3,983.3
14226.0,2011-05-13 14:16:00,726.1,1709.4
14226.0,2011-09-30 11:45:00,185.77,1895.17
14226.0,2011-11-10 12:12:00,320.07,2215.24
14226.0,2011-11-11 11:34:00,16.95,2232.19
14227.0,2011-02-28 12:27:00,736.7,736.7
14227.0,2011-04-08 14:12:00,304.33,1041.03
14227.0,2011-04-18 09:33:00,282.94,1323.97
14227.0,2011-05-27 14:48:00,878.48,2202.45
14227.0,2011-05-27 14:49:00,17.4,2219.85
14227.0,2011-05-27 14:50:00,179.67,2399.52
14227.0,2011-09-15 11:33:00,632.38,3031.9
14227.0,2011-11-13 15:48:00,319.06,3350.96
14229.0,2011-01-10 12:03:00,456.97,456.97
14229.0,2011-02-21 09:45:00,305.16,762.13
14229.0,2011-10-19 10:03:00,659.1,1421.23
14229.0,2011-10-19 10:04:00,125.97,1547.2
14231.0,2011-02-24 11:55:00,308.95,308.95
14231.0,2011-04-21 18:10:00,309.0,617.95
14231.0,2011-06-09 11:05:00,307.76,925.71
14232.0,2011-03-20 12:44:00,693.18,693.18
14232.0,2011-06-06 09:12:00,310.79,1003.97
14232.0,2011-07-25 15:17:00,311.76,1315.73
14232.0,2011-08-16 12:52:00,257.6,1573.33
14232.0,2011-10-28 11:09:00,474.74,2048.07
14233.0,2011-01-26 12:43:00,100.85,100.85
14233.0,2011-02-02 10:41:00,530.1,630.95
14233.0,2011-05-12 10:45:00,328.15,959.1
14233.0,2011-10-21 15:54:00,503.62,1462.72
14234.0,2011-10-13 13:58:00,369.78,369.78
14234.0,2011-10-25 15:39:00,82.56,452.34
14234.0,2011-11-09 15:42:00,209.48,661.82
14234.0,2011-11-17 17:53:00,113.64,775.46
14235.0,2011-03-24 13:23:00,850.31,850.31
14235.0,2011-04-27 12:57:00,414.24,1264.55
14235.0,2011-07-05 10:57:00,1088.5,2353.05
14235.0,2011-07-05 10:58:00,449.81,2802.86
14235.0,2011-09-25 14:37:00,342.0,3144.86
14236.0,2010-12-02 18:49:00,189.3,189.3
14236.0,2011-09-20 09:13:00,301.56,490.86
14237.0,2010-12-01 13:20:00,161.0,161.0
14238.0,2011-01-17 14:40:00,146.85,146.85
14239.0,2011-01-27 14:45:00,159.6,159.6
14239.0,2011-02-28 13:27:00,205.38,364.98
14239.0,2011-03-02 14:43:00,430.5,795.48
14239.0,2011-04-07 09:16:00,144.95,940.43
14239.0,2011-05-17 11:46:00,319.21,1259.64
14239.0,2011-05-23 10:21:00,35.4,1295.04
14239.0,2011-08-01 10:09:00,120.5,1415.54
14239.0,2011-09-01 11:43:00,149.7,1565.24
14239.0,2011-09-06 12:38:00,315.65,1880.89
14239.0,2011-09-29 14:52:00,338.5,2219.39
14239.0,2011-10-27 14:40:00,161.46,2380.85
14240.0,2011-04-28 11:40:00,226.85,226.85
14240.0,2011-11-09 13:45:00,663.49,890.34
14241.0,2011-06-09 11:46:00,213.7,213.7
14242.0,2011-01-18 08:53:00,138.35,138.35
14242.0,2011-04-19 11:46:00,142.2,280.55
14243.0,2010-12-09 08:34:00,213.3,213.3
14243.0,2010-12-17 13:29:00,258.7,472.0
14243.0,2011-01-26 13:33:00,328.4,800.4
14243.0,2011-02-24 11:38:00,339.4,1139.8
14243.0,2011-04-08 10:19:00,373.27,1513.07
14243.0,2011-06-16 14:22:00,263.09,1776.16
14243.0,2011-07-22 14:07:00,214.62,1990.78
14243.0,2011-09-05 13:10:00,315.17,2305.95
14243.0,2011-11-01 13:20:00,175.4,2481.35
14243.0,2011-12-01 11:12:00,107.42,2588.77
14245.0,2011-03-21 10:41:00,1005.1,1005.1
14245.0,2011-05-04 08:40:00,688.35,1693.45
14246.0,2011-04-08 08:25:00,449.64,449.64
14246.0,2011-07-25 11:37:00,520.23,969.87
14246.0,2011-08-21 11:50:00,504.19,1474.06
14247.0,2011-03-06 15:21:00,136.77,136.77
14248.0,2011-01-25 14:45:00,302.58,302.58
14250.0,2011-09-11 13:44:00,1228.83,1228.83
14250.0,2011-12-02 14:29:00,435.0,1663.83
14250.0,2011-12-02 14:30:00,240.22,1904.05
14251.0,2011-10-13 12:46:00,1259.46,1259.46
14251.0,2011-11-22 14:10:00,346.14,1605.6
14251.0,2011-11-24 14:37:00,301.14,1906.74
14251.0,2011-11-29 12:07:00,490.68,2397.42
14251.0,2011-12-08 08:32:00,482.28,2879.7
14256.0,2010-12-10 11:44:00,523.86,523.86
14256.0,2011-03-24 13:17:00,445.2,969.06
14257.0,2011-01-25 10:49:00,620.14,620.14
14257.0,2011-06-08 09:58:00,410.45,1030.59
14257.0,2011-07-03 13:24:00,306.33,1336.92
14257.0,2011-08-08 15:35:00,1388.92,2725.84
14257.0,2011-10-06 16:54:00,373.88,3099.72
14258.0,2011-01-06 12:18:00,3120.22,3120.22
14258.0,2011-02-14 11:57:00,1165.96,4286.18
14258.0,2011-03-20 11:46:00,982.08,5268.26
14258.0,2011-04-08 11:43:00,718.6,5986.86
14258.0,2011-04-08 11:44:00,79.8,6066.66
14258.0,2011-05-24 09:10:00,1541.16,7607.82
14258.0,2011-07-11 10:12:00,1778.5,9386.32
14258.0,2011-09-11 10:42:00,1912.06,11298.38
14258.0,2011-11-30 15:27:00,1371.6,12669.98
14259.0,2011-07-21 10:44:00,120.0,120.0
14261.0,2011-09-22 10:47:00,943.75,943.75
14261.0,2011-10-20 10:04:00,219.7,1163.45
14262.0,2011-04-13 12:23:00,240.0,240.0
14262.0,2011-07-05 12:53:00,305.5,545.5
14262.0,2011-08-24 15:04:00,309.5,855.0
14262.0,2011-09-16 14:55:00,524.3,1379.3
14262.0,2011-10-17 08:56:00,214.45,1593.75
14262.0,2011-11-10 12:05:00,514.16,2107.91
14262.0,2011-11-22 10:35:00,205.62,2313.53
14262.0,2011-12-01 14:17:00,304.7,2618.23
14264.0,2011-04-08 12:20:00,115.7,115.7
14264.0,2011-07-08 10:20:00,218.27,333.97
14265.0,2011-07-14 09:10:00,252.05,252.05
14265.0,2011-08-22 13:32:00,278.13,530.18
14267.0,2011-03-24 11:38:00,418.18,418.18
14267.0,2011-03-24 12:52:00,418.18,836.36
14267.0,2011-06-30 10:09:00,679.88,1516.24
14270.0,2011-01-12 09:33:00,492.65,492.65
14271.0,2011-04-28 12:47:00,112.32,112.32
14272.0,2011-03-30 13:57:00,132.09,132.09
14272.0,2011-09-27 10:08:00,305.87,437.96
14273.0,2011-04-11 13:24:00,112.8,112.8
14273.0,2011-05-06 08:25:00,105.9,218.7
14273.0,2011-07-26 14:56:00,231.35,450.05
14273.0,2011-10-19 13:20:00,109.92,559.97
14276.0,2011-02-23 09:38:00,341.2,341.2
14276.0,2011-06-12 09:56:00,379.2,720.4
14276.0,2011-09-02 09:45:00,399.34,1119.74
14277.0,2011-05-11 13:20:00,1637.43,1637.43
14277.0,2011-11-18 09:53:00,499.4,2136.83
14277.0,2011-11-24 15:01:00,2079.37,4216.2
14280.0,2011-05-27 10:37:00,134.04,134.04
14282.0,2010-12-07 12:21:00,571.0,571.0
14282.0,2011-03-18 13:51:00,323.3,894.3
14282.0,2011-04-27 08:43:00,107.28,1001.58
14282.0,2011-05-18 10:29:00,664.0,1665.58
14282.0,2011-05-20 15:08:00,143.6,1809.18
14282.0,2011-06-16 11:29:00,214.2,2023.38
14282.0,2011-06-30 14:47:00,228.1,2251.48
14282.0,2011-08-15 13:37:00,141.72,2393.2
14282.0,2011-08-22 11:03:00,102.24,2495.44
14282.0,2011-09-19 14:55:00,301.3,2796.74
14282.0,2011-11-08 12:46:00,249.7,3046.44
14282.0,2011-11-17 13:38:00,174.9,3221.34
14282.0,2011-11-20 15:27:00,150.3,3371.64
14282.0,2011-12-01 12:18:00,270.4,3642.04
14282.0,2011-12-06 17:04:00,87.3,3729.34
14284.0,2011-09-14 13:04:00,252.1,252.1
14284.0,2011-11-09 08:11:00,343.15,595.25
14285.0,2011-06-16 12:36:00,5.9,5.9
14285.0,2011-09-25 11:38:00,1247.53,1253.43
14285.0,2011-11-02 11:59:00,300.6,1554.03
14285.0,2011-11-18 14:50:00,355.98,1910.01
14286.0,2011-04-11 08:16:00,2050.08,2050.08
14286.0,2011-10-25 08:26:00,642.77,2692.85
14286.0,2011-11-16 10:34:00,1935.9,4628.75
14287.0,2011-05-25 11:41:00,66.0,66.0
14287.0,2011-05-25 11:44:00,17.28,83.28
14287.0,2011-12-01 13:25:00,93.35,176.63
14288.0,2011-05-10 13:22:00,426.6,426.6
14289.0,2011-02-23 12:33:00,322.24,322.24
14289.0,2011-04-12 15:08:00,147.3,469.54
14289.0,2011-05-24 14:47:00,124.68,594.22
14289.0,2011-06-16 11:48:00,129.3,723.52
14289.0,2011-07-28 10:24:00,109.26,832.78
14289.0,2011-12-01 11:44:00,78.48,911.26
14290.0,2010-12-13 10:24:00,777.56,777.56
14290.0,2011-09-19 14:38:00,293.54,1071.1
14290.0,2011-10-03 12:17:00,728.5,1799.6
14290.0,2011-10-14 14:44:00,250.52,2050.12
14290.0,2011-11-28 14:02:00,264.53,2314.65
14291.0,2011-03-09 15:20:00,984.88,984.88
14291.0,2011-05-13 10:02:00,612.08,1596.96
14291.0,2011-05-13 10:03:00,16.5,1613.46
14291.0,2011-06-20 10:20:00,361.98,1975.44
14291.0,2011-06-20 10:21:00,54.78,2030.22
14291.0,2011-08-11 10:55:00,325.32,2355.54
14291.0,2011-10-04 11:44:00,610.42,2965.96
14291.0,2011-10-13 09:16:00,359.6,3325.56
14291.0,2011-12-08 10:24:00,537.89,3863.45
14291.0,2011-12-08 10:26:00,19.8,3883.25
14292.0,2011-03-02 08:26:00,463.0,463.0
14292.0,2011-05-19 17:25:00,662.21,1125.21
14292.0,2011-07-17 12:17:00,1353.1,2478.31
14292.0,2011-07-17 12:18:00,111.9,2590.21
14292.0,2011-09-12 12:51:00,553.74,3143.95
14292.0,2011-10-31 09:50:00,1297.26,4441.21
14292.0,2011-10-31 09:51:00,17.4,4458.61
14292.0,2011-12-02 11:49:00,388.36,4846.97
14292.0,2011-12-02 11:50:00,24.96,4871.93
14293.0,2010-12-06 10:18:00,364.92,364.92
14293.0,2011-02-07 15:47:00,143.1,508.02
14293.0,2011-07-15 15:28:00,231.39,739.41
14293.0,2011-12-06 15:17:00,307.15,1046.56
14295.0,2011-10-30 15:50:00,166.2,166.2
14297.0,2011-03-10 08:31:00,232.6,232.6
14297.0,2011-10-10 10:45:00,477.5,710.1
14297.0,2011-10-19 14:55:00,14.85,724.95
14297.0,2011-11-22 09:06:00,580.38,1305.33
14298.0,2010-12-14 12:59:00,2594.76,2594.76
14298.0,2010-12-14 13:00:00,231.84,2826.6
14298.0,2010-12-14 13:01:00,146.46,2973.06
14298.0,2010-12-20 13:08:00,962.24,3935.3
14298.0,2010-12-20 13:10:00,754.16,4689.46
14298.0,2011-01-07 13:17:00,1429.9,6119.36
14298.0,2011-01-25 10:56:00,723.6,6842.96
14298.0,2011-01-25 10:57:00,621.6,7464.56
14298.0,2011-01-31 12:33:00,378.0,7842.56
14298.0,2011-02-17 12:43:00,1097.58,8940.14
14298.0,2011-02-17 12:47:00,55.44,8995.58
14298.0,2011-02-17 12:48:00,46.2,9041.78
14298.0,2011-02-17 12:51:00,790.86,9832.64
14298.0,2011-02-24 14:32:00,1991.26,11823.9
14298.0,2011-03-17 18:27:00,946.2,12770.1
14298.0,2011-03-17 18:28:00,25.2,12795.3
14298.0,2011-03-17 18:30:00,33.2,12828.5
14298.0,2011-03-29 13:27:00,1518.0,14346.5
14298.0,2011-04-19 14:49:00,1507.67,15854.17
14298.0,2011-04-19 15:02:00,27.3,15881.47
14298.0,2011-04-21 12:34:00,1368.16,17249.63
14298.0,2011-04-27 14:26:00,1502.78,18752.41
14298.0,2011-04-27 14:27:00,431.74,19184.15
14298.0,2011-04-27 14:28:00,428.64,19612.79
14298.0,2011-04-28 10:20:00,4390.56,24003.35
14298.0,2011-05-04 11:00:00,2805.28,26808.63
14298.0,2011-06-02 09:37:00,3056.72,29865.35
14298.0,2011-06-02 09:38:00,362.7,30228.05
14298.0,2011-06-02 09:40:00,51.0,30279.05
14298.0,2011-06-02 09:42:00,214.94,30493.99
14298.0,2011-06-27 12:45:00,666.68,31160.67
14298.0,2011-07-21 11:55:00,1088.86,32249.53
14298.0,2011-07-21 12:25:00,2569.55,34819.08
14298.0,2011-07-21 12:27:00,99.0,34918.08
14298.0,2011-07-21 12:28:00,74.88,34992.96
14298.0,2011-08-08 14:37:00,598.88,35591.84
14298.0,2011-09-01 14:26:00,5590.67,41182.51
14298.0,2011-09-20 14:51:00,752.42,41934.93
14298.0,2011-09-20 14:52:00,196.02,42130.95
14298.0,2011-09-22 17:19:00,1364.61,43495.56
14298.0,2011-09-28 13:32:00,741.9,44237.46
14298.0,2011-10-18 12:17:00,5355.68,49593.14
14298.0,2011-11-09 10:26:00,1296.56,50889.7
14298.0,2011-12-01 13:12:00,637.6,51527.3
14299.0,2010-12-09 10:30:00,429.24,429.24
14299.0,2011-01-06 13:19:00,621.9,1051.14
14299.0,2011-01-13 15:19:00,175.2,1226.34
14299.0,2011-01-25 14:44:00,339.6,1565.94
14299.0,2011-08-24 11:54:00,871.2,2437.14
14299.0,2011-09-22 12:06:00,406.35,2843.49
14299.0,2011-10-12 12:58:00,307.06,3150.55
14299.0,2011-11-18 12:49:00,525.55,3676.1
14299.0,2011-12-01 16:05:00,289.52,3965.62
14300.0,2011-11-21 08:57:00,43.2,43.2
14301.0,2011-08-14 15:33:00,640.14,640.14
14304.0,2011-05-01 11:50:00,383.45,383.45
14305.0,2011-07-27 14:14:00,1044.2,1044.2
14305.0,2011-08-18 06:20:00,4.25,1048.45
14305.0,2011-09-29 15:29:00,810.51,1858.96
14306.0,2011-09-15 10:31:00,1702.94,1702.94
14306.0,2011-10-19 13:23:00,390.38,2093.32
14307.0,2010-12-01 11:41:00,783.11,783.11
14307.0,2011-01-19 14:43:00,487.45,1270.56
14307.0,2011-05-04 09:57:00,424.42,1694.98
14307.0,2011-07-28 09:45:00,612.91,2307.89
14307.0,2011-09-12 09:37:00,656.23,2964.12
14307.0,2011-09-12 09:38:00,31.6,2995.72
14309.0,2010-12-16 13:05:00,147.75,147.75
14309.0,2011-02-03 09:04:00,207.22,354.97
14309.0,2011-02-16 14:48:00,233.42,588.39
14309.0,2011-04-19 10:40:00,347.49,935.88
14309.0,2011-06-09 17:37:00,196.68,1132.56
14309.0,2011-06-24 12:51:00,177.46,1310.02
14309.0,2011-09-07 12:50:00,323.68,1633.7
14309.0,2011-11-11 09:46:00,328.96,1962.66
14309.0,2011-12-01 13:33:00,389.87,2352.53
14311.0,2011-04-11 10:14:00,310.26,310.26
14312.0,2011-01-06 16:35:00,309.55,309.55
14312.0,2011-02-02 12:38:00,126.82,436.37
14312.0,2011-03-11 13:31:00,157.65,594.02
14312.0,2011-06-06 09:01:00,260.57,854.59
14312.0,2011-09-09 13:14:00,192.6,1047.19
14312.0,2011-10-24 09:46:00,564.4,1611.59
14314.0,2011-08-25 10:39:00,120.0,120.0
14315.0,2011-03-18 12:59:00,530.4,530.4
14315.0,2011-06-01 14:42:00,325.8,856.2
14315.0,2011-07-08 13:44:00,305.75,1161.95
14315.0,2011-07-28 19:46:00,367.4,1529.35
14315.0,2011-08-02 13:31:00,20.8,1550.15
14315.0,2011-10-26 12:06:00,930.98,2481.13
14317.0,2011-10-06 10:44:00,508.58,508.58
14320.0,2011-01-11 09:12:00,352.51,352.51
14320.0,2011-05-17 09:24:00,125.28,477.79
14321.0,2011-01-10 11:35:00,326.82,326.82
14321.0,2011-06-16 11:38:00,300.11,626.93
14321.0,2011-08-15 09:57:00,273.72,900.65
14321.0,2011-09-27 09:24:00,329.94,1230.59
14321.0,2011-11-29 09:47:00,300.16,1530.75
14323.0,2011-04-15 11:44:00,299.82,299.82
14323.0,2011-08-17 11:37:00,305.24,605.06
14326.0,2011-04-11 15:04:00,183.85,183.85
14327.0,2011-06-29 13:58:00,311.65,311.65
14329.0,2011-01-14 13:42:00,1547.58,1547.58
14329.0,2011-03-11 12:17:00,578.02,2125.6
14329.0,2011-06-28 15:36:00,960.08,3085.68
14329.0,2011-08-23 12:18:00,399.35,3485.03
14329.0,2011-10-21 14:23:00,1161.36,4646.39
14329.0,2011-11-22 15:49:00,351.95,4998.34
14329.0,2011-11-22 15:50:00,16.5,5014.84
14331.0,2011-07-27 15:14:00,383.66,383.66
14331.0,2011-08-07 13:17:00,79.0,462.66
14332.0,2011-07-15 10:33:00,119.04,119.04
14332.0,2011-10-04 13:55:00,466.3,585.34
14332.0,2011-11-17 11:54:00,280.97,866.31
14333.0,2011-10-03 10:38:00,415.2,415.2
14334.0,2010-12-16 17:37:00,320.15,320.15
14334.0,2011-01-24 11:35:00,352.42,672.57
14334.0,2011-03-10 10:53:00,366.53,1039.1
14334.0,2011-04-20 15:44:00,268.68,1307.78
14334.0,2011-05-20 10:37:00,370.45,1678.23
14334.0,2011-08-09 13:10:00,335.28,2013.51
14334.0,2011-09-07 10:55:00,315.2,2328.71
14334.0,2011-11-23 10:01:00,223.5,2552.21
14335.0,2011-09-04 13:07:00,359.25,359.25
14335.0,2011-11-23 13:41:00,109.01,468.26
14336.0,2011-03-08 16:48:00,534.42,534.42
14336.0,2011-05-04 15:37:00,230.03,764.45
14336.0,2011-05-25 14:44:00,349.94,1114.39
14336.0,2011-11-23 11:40:00,500.52,1614.91
14338.0,2011-05-27 13:30:00,579.97,579.97
14338.0,2011-07-01 14:08:00,8.25,588.22
14339.0,2011-04-11 11:06:00,309.52,309.52
14340.0,2011-05-05 09:44:00,134.7,134.7
14341.0,2011-01-25 13:55:00,335.63,335.63
14341.0,2011-05-08 15:15:00,247.77,583.4
14341.0,2011-05-08 15:16:00,119.75,703.15
14341.0,2011-07-31 10:48:00,115.08,818.23
14341.0,2011-08-01 14:05:00,321.29,1139.52
14341.0,2011-10-25 15:47:00,797.2,1936.72
14341.0,2011-10-25 15:48:00,245.56,2182.28
14342.0,2011-05-13 13:50:00,309.6,309.6
14342.0,2011-07-25 14:35:00,110.14,419.74
14342.0,2011-11-08 17:05:00,91.04,510.78
14342.0,2011-11-18 13:21:00,157.78,668.56
14344.0,2010-12-06 11:58:00,322.8,322.8
14344.0,2010-12-07 10:51:00,17.85,340.65
14344.0,2010-12-16 17:51:00,15.0,355.65
14344.0,2011-03-09 13:18:00,146.18,501.83
14344.0,2011-03-28 13:35:00,82.55,584.38
14344.0,2011-05-17 09:40:00,61.5,645.88
14344.0,2011-07-25 13:00:00,126.75,772.63
14344.0,2011-08-04 13:51:00,117.3,889.93
14345.0,2011-11-01 09:51:00,108.98,108.98
14346.0,2011-02-15 13:52:00,262.44,262.44
14346.0,2011-08-11 09:47:00,759.14,1021.58
14348.0,2011-03-24 16:23:00,409.57,409.57
14349.0,2011-11-29 15:39:00,133.5,133.5
14350.0,2011-03-10 14:14:00,282.93,282.93
14351.0,2011-06-28 11:56:00,51.0,51.0
14352.0,2011-03-11 14:58:00,231.3,231.3
14352.0,2011-04-19 08:17:00,614.02,845.32
14352.0,2011-07-05 15:40:00,178.74,1024.06
14352.0,2011-07-05 15:41:00,54.9,1078.96
14353.0,2011-05-08 16:06:00,90.6,90.6
14354.0,2011-11-09 15:36:00,87.78,87.78
14354.0,2011-12-04 11:32:00,75.84,163.62
14355.0,2010-12-09 12:16:00,174.4,174.4
14356.0,2011-09-19 14:43:00,345.03,345.03
14356.0,2011-09-21 09:18:00,356.2,701.23
14357.0,2011-10-27 16:23:00,225.77,225.77
14359.0,2011-09-13 09:03:00,483.39,483.39
14359.0,2011-10-28 08:58:00,302.09,785.48
14359.0,2011-11-20 13:17:00,126.7,912.18
14360.0,2011-09-06 11:58:00,1134.69,1134.69
14360.0,2011-10-03 12:47:00,624.91,1759.6
14360.0,2011-10-03 12:48:00,157.68,1917.28
14360.0,2011-11-08 09:12:00,210.95,2128.23
14362.0,2011-11-17 15:08:00,161.2,161.2
14364.0,2011-05-12 12:56:00,719.15,719.15
14364.0,2011-05-23 11:58:00,398.05,1117.2
14364.0,2011-06-05 11:42:00,645.3,1762.5
14364.0,2011-06-05 11:44:00,399.35,2161.85
14364.0,2011-06-22 15:50:00,330.55,2492.4
14364.0,2011-06-28 13:17:00,315.6,2808.0
14364.0,2011-07-28 09:27:00,558.25,3366.25
14364.0,2011-08-23 11:01:00,351.1,3717.35
14367.0,2011-03-08 14:12:00,983.16,983.16
14367.0,2011-03-29 14:35:00,504.61,1487.77
14367.0,2011-04-13 16:43:00,431.65,1919.42
14367.0,2011-05-11 14:25:00,785.79,2705.21
14367.0,2011-05-11 14:49:00,61.95,2767.16
14367.0,2011-05-11 14:54:00,61.95,2829.11
14367.0,2011-06-08 12:44:00,1037.37,3866.48
14367.0,2011-06-08 13:04:00,279.04,4145.52
14367.0,2011-07-11 15:05:00,373.4,4518.92
14367.0,2011-07-25 09:26:00,929.53,5448.45
14367.0,2011-09-15 14:05:00,990.15,6438.6
14367.0,2011-09-25 12:16:00,511.34,6949.94
14367.0,2011-10-19 10:31:00,764.74,7714.68
14367.0,2011-11-08 17:21:00,598.46,8313.14
14367.0,2011-11-18 12:09:00,314.85,8627.99
14367.0,2011-12-01 13:19:00,633.53,9261.52
14368.0,2011-01-24 09:52:00,155.0,155.0
14371.0,2011-02-17 16:35:00,100.5,100.5
14373.0,2010-12-16 15:40:00,76.55,76.55
14375.0,2011-06-07 13:44:00,257.68,257.68
14377.0,2011-03-22 13:38:00,314.6,314.6
14377.0,2011-06-01 13:32:00,302.45,617.05
14379.0,2011-02-17 15:03:00,110.98,110.98
14379.0,2011-10-26 16:43:00,237.12,348.1
14381.0,2011-10-18 17:10:00,202.68,202.68
14382.0,2011-11-13 16:18:00,626.07,626.07
14383.0,2011-06-29 10:18:00,242.09,242.09
14383.0,2011-10-06 13:00:00,675.72,917.81
14383.0,2011-11-01 15:53:00,329.88,1247.69
14385.0,2011-11-16 11:55:00,55.16,55.16
14385.0,2011-11-23 13:56:00,71.6,126.76
14385.0,2011-11-30 15:36:00,75.35,202.11
14386.0,2011-02-16 09:45:00,142.4,142.4
14387.0,2011-08-22 14:13:00,440.76,440.76
14387.0,2011-09-26 12:58:00,488.98,929.74
14387.0,2011-11-07 12:29:00,840.82,1770.56
14388.0,2010-12-02 11:02:00,312.8,312.8
14388.0,2011-03-03 08:24:00,401.45,714.25
14388.0,2011-05-20 16:25:00,458.94,1173.19
14388.0,2011-07-08 10:00:00,326.77,1499.96
14388.0,2011-08-10 11:58:00,335.15,1835.11
14388.0,2011-09-09 13:26:00,442.66,2277.77
14388.0,2011-11-04 12:50:00,463.09,2740.86
14388.0,2011-11-29 13:32:00,471.98,3212.84
14389.0,2011-06-02 12:04:00,311.14,311.14
14389.0,2011-10-05 15:17:00,732.32,1043.46
14390.0,2010-12-02 11:57:00,223.7,223.7
14390.0,2011-04-14 13:17:00,503.33,727.03
14390.0,2011-05-12 17:03:00,309.05,1036.08
14390.0,2011-07-18 13:35:00,556.58,1592.66
14390.0,2011-10-14 12:56:00,879.8,2472.46
14390.0,2011-11-02 12:20:00,564.41,3036.87
14390.0,2011-11-18 13:02:00,974.81,4011.68
14390.0,2011-11-29 13:46:00,636.46,4648.14
14390.0,2011-11-29 13:49:00,4.68,4652.82
14393.0,2011-05-05 18:16:00,67.95,67.95
14395.0,2010-12-02 18:15:00,308.68,308.68
14395.0,2011-01-09 15:23:00,380.68,689.36
14395.0,2011-03-14 10:57:00,360.24,1049.6
14395.0,2011-04-07 18:09:00,188.13,1237.73
14395.0,2011-05-01 12:41:00,388.21,1625.94
14395.0,2011-06-15 12:21:00,340.28,1966.22
14395.0,2011-09-22 12:41:00,671.96,2638.18
14395.0,2011-10-10 17:26:00,310.54,2948.72
14395.0,2011-12-07 14:34:00,558.99,3507.71
14396.0,2010-12-03 15:19:00,110.35,110.35
14396.0,2011-10-05 16:09:00,377.64,487.99
14397.0,2011-05-10 12:25:00,165.44,165.44
14397.0,2011-05-25 14:40:00,76.8,242.24
14397.0,2011-06-12 15:20:00,45.0,287.24
14397.0,2011-06-21 09:30:00,91.8,379.04
14397.0,2011-07-13 11:34:00,56.18,435.22
14397.0,2011-07-18 10:43:00,47.7,482.92
14397.0,2011-07-24 14:26:00,99.96,582.88
14397.0,2011-08-04 18:31:00,98.16,681.04
14397.0,2011-08-22 11:17:00,174.96,856.0
14397.0,2011-09-07 09:37:00,180.12,1036.12
14397.0,2011-09-21 09:37:00,53.12,1089.24
14397.0,2011-10-11 10:24:00,186.8,1276.04
14397.0,2011-10-14 13:41:00,179.86,1455.9
14397.0,2011-10-28 15:32:00,134.28,1590.18
14397.0,2011-11-10 15:57:00,300.38,1890.56
14397.0,2011-11-17 14:36:00,131.8,2022.36
14397.0,2011-11-28 12:30:00,161.4,2183.76
14397.0,2011-12-04 10:53:00,207.76,2391.52
14397.0,2011-12-07 09:22:00,221.44,2612.96
14400.0,2011-07-13 15:50:00,574.7,574.7
14401.0,2010-12-15 09:07:00,247.38,247.38
14401.0,2011-01-28 15:53:00,304.74,552.12
14401.0,2011-06-10 14:51:00,428.44,980.56
14401.0,2011-06-23 13:22:00,302.16,1282.72
14401.0,2011-06-30 16:28:00,316.7,1599.42
14401.0,2011-07-20 12:16:00,227.92,1827.34
14401.0,2011-08-03 11:35:00,310.02,2137.36
14401.0,2011-08-19 12:50:00,326.44,2463.8
14401.0,2011-08-24 14:57:00,302.5,2766.3
14401.0,2011-09-05 11:51:00,313.08,3079.38
14401.0,2011-09-20 15:05:00,305.5,3384.88
14401.0,2011-11-01 13:37:00,312.82,3697.7
14401.0,2011-12-05 13:30:00,353.78,4051.48
14403.0,2011-04-06 14:23:00,790.7,790.7
14403.0,2011-05-06 16:48:00,185.31,976.01
14403.0,2011-07-21 13:25:00,295.8,1271.81
14403.0,2011-08-01 12:57:00,204.0,1475.81
14404.0,2010-12-05 16:00:00,133.48,133.48
14404.0,2011-01-16 15:38:00,282.6,416.08
14404.0,2011-03-25 10:05:00,307.5,723.58
14404.0,2011-06-23 12:36:00,314.7,1038.28
14404.0,2011-08-23 11:16:00,309.24,1347.52
14404.0,2011-11-06 12:30:00,126.8,1474.32
14406.0,2011-08-12 16:54:00,156.75,156.75
14407.0,2011-03-08 11:59:00,357.18,357.18
14407.0,2011-05-18 12:28:00,645.5,1002.68
14407.0,2011-07-21 13:54:00,475.36,1478.04
14407.0,2011-07-29 08:48:00,310.07,1788.11
14407.0,2011-08-16 10:52:00,15.0,1803.11
14407.0,2011-08-24 14:02:00,354.62,2157.73
14408.0,2011-03-20 14:41:00,350.8,350.8
14408.0,2011-04-15 11:15:00,354.84,705.64
14408.0,2011-06-03 10:15:00,376.15,1081.79
14408.0,2011-06-21 13:58:00,133.53,1215.32
14408.0,2011-08-01 11:23:00,781.19,1996.51
14408.0,2011-09-06 11:29:00,301.8,2298.31
14408.0,2011-11-29 11:41:00,308.22,2606.53
14409.0,2010-12-06 15:03:00,151.2,151.2
14409.0,2010-12-06 15:06:00,177.6,328.8
14409.0,2011-01-25 11:18:00,337.3,666.1
14409.0,2011-07-13 10:39:00,1086.83,1752.93
14409.0,2011-08-09 10:52:00,190.8,1943.73
14409.0,2011-09-29 18:18:00,115.72,2059.45
14410.0,2011-02-07 09:36:00,137.65,137.65
14410.0,2011-03-28 12:13:00,215.07,352.72
14410.0,2011-03-31 15:54:00,136.6,489.32
14410.0,2011-04-04 14:42:00,91.48,580.8
14410.0,2011-05-17 12:47:00,122.2,703.0
14410.0,2011-05-17 12:49:00,75.8,778.8
14410.0,2011-07-21 15:16:00,201.18,979.98
14410.0,2011-09-08 14:57:00,120.98,1100.96
14410.0,2011-09-08 15:08:00,4.11,1105.07
14411.0,2011-02-02 10:56:00,1063.0,1063.0
14412.0,2011-09-28 08:48:00,462.45,462.45
14412.0,2011-10-28 10:45:00,307.58,770.03
14413.0,2010-12-12 13:37:00,122.7,122.7
14414.0,2010-12-16 11:11:00,217.2,217.2
14414.0,2011-07-26 13:45:00,295.64,512.84
14414.0,2011-07-31 13:33:00,309.14,821.98
14414.0,2011-08-17 10:08:00,125.04,947.02
14414.0,2011-08-22 12:55:00,190.06,1137.08
14414.0,2011-09-01 14:13:00,174.06,1311.14
14414.0,2011-09-09 12:09:00,185.84,1496.98
14415.0,2010-12-14 13:31:00,875.18,875.18
14415.0,2011-01-18 15:37:00,235.6,1110.78
14415.0,2011-02-08 15:09:00,504.23,1615.01
14415.0,2011-04-19 15:39:00,397.14,2012.15
14415.0,2011-05-25 15:54:00,387.1,2399.25
14415.0,2011-06-10 15:07:00,360.07,2759.32
14415.0,2011-07-01 17:23:00,215.75,2975.07
14415.0,2011-08-08 12:36:00,364.26,3339.33
14415.0,2011-09-02 15:56:00,462.35,3801.68
14415.0,2011-10-09 16:11:00,281.11,4082.79
14415.0,2011-10-28 12:36:00,610.36,4693.15
14415.0,2011-11-20 15:52:00,111.18,4804.33
14415.0,2011-12-08 14:38:00,1095.95,5900.28
14416.0,2011-10-28 15:10:00,361.0,361.0
14416.0,2011-11-17 15:22:00,129.22,490.22
14418.0,2011-08-23 17:18:00,150.44,150.44
14418.0,2011-11-14 13:55:00,889.46,1039.9
14418.0,2011-12-06 11:39:00,897.35,1937.25
14419.0,2010-12-10 10:56:00,124.1,124.1
14419.0,2011-04-01 11:47:00,183.46,307.56
14419.0,2011-09-27 11:27:00,233.65,541.21
14419.0,2011-10-10 11:30:00,126.39,667.6
14419.0,2011-11-01 11:29:00,173.71,841.31
14419.0,2011-11-29 11:22:00,216.75,1058.06
14420.0,2011-09-01 18:07:00,387.52,387.52
14421.0,2011-05-12 10:49:00,455.18,455.18
14421.0,2011-10-13 13:24:00,357.93,813.11
14422.0,2011-03-17 17:26:00,401.31,401.31
14422.0,2011-06-22 15:07:00,630.84,1032.15
14422.0,2011-09-30 10:48:00,1285.98,2318.13
14422.0,2011-10-17 15:18:00,1232.95,3551.08
14422.0,2011-11-22 14:59:00,330.55,3881.63
14422.0,2011-12-09 11:26:00,382.01,4263.64
14423.0,2011-05-05 15:12:00,265.2,265.2
14424.0,2011-11-22 11:48:00,322.08,322.08
14426.0,2011-01-31 09:51:00,568.82,568.82
14426.0,2011-01-31 09:55:00,132.35,701.17
14426.0,2011-03-08 15:17:00,794.41,1495.58
14426.0,2011-06-14 12:31:00,714.35,2209.93
14426.0,2011-07-22 11:55:00,508.25,2718.18
14426.0,2011-07-22 11:56:00,167.4,2885.58
14426.0,2011-11-01 12:34:00,600.22,3485.8
14426.0,2011-11-07 15:10:00,324.7,3810.5
14426.0,2011-11-16 08:25:00,361.8,4172.3
14426.0,2011-11-16 12:25:00,309.37,4481.67
14427.0,2011-10-07 09:10:00,321.74,321.74
14427.0,2011-10-20 14:23:00,41.6,363.34
14428.0,2011-01-18 16:39:00,203.55,203.55
14428.0,2011-04-14 09:43:00,127.07,330.62
14428.0,2011-09-21 14:50:00,203.5,534.12
14428.0,2011-11-03 16:30:00,508.85,1042.97
14428.0,2011-12-02 13:17:00,201.86,1244.83
14431.0,2011-02-10 10:40:00,470.36,470.36
14432.0,2011-09-11 14:09:00,254.75,254.75
14432.0,2011-10-02 15:49:00,306.73,561.48
14432.0,2011-10-23 15:29:00,718.78,1280.26
14432.0,2011-11-01 13:04:00,109.8,1390.06
14432.0,2011-11-13 16:22:00,581.07,1971.13
14432.0,2011-11-30 08:04:00,284.38,2255.51
14434.0,2011-09-28 15:31:00,310.8,310.8
14434.0,2011-10-05 12:59:00,99.6,410.4
14434.0,2011-10-10 15:45:00,141.6,552.0
14434.0,2011-10-19 10:43:00,169.2,721.2
14434.0,2011-11-02 12:18:00,310.8,1032.0
14434.0,2011-11-18 08:56:00,340.8,1372.8
14436.0,2011-09-02 10:13:00,89.06,89.06
14437.0,2010-12-09 09:27:00,63.0,63.0
14438.0,2011-02-06 14:56:00,131.9,131.9
14439.0,2011-01-24 11:39:00,2661.24,2661.24
14440.0,2010-12-09 12:49:00,656.7,656.7
14440.0,2011-01-27 10:30:00,529.01,1185.71
14440.0,2011-09-28 12:46:00,373.02,1558.73
14440.0,2011-10-28 15:54:00,181.7,1740.43
14440.0,2011-12-01 15:42:00,617.25,2357.68
14441.0,2011-03-29 12:01:00,356.84,356.84
14441.0,2011-09-06 09:45:00,340.56,697.4
14441.0,2011-10-27 14:27:00,709.79,1407.19
14441.0,2011-12-09 09:07:00,305.7,1712.89
14442.0,2011-01-27 09:33:00,675.58,675.58
14442.0,2011-05-19 11:36:00,914.24,1589.82
14443.0,2010-12-06 11:03:00,303.5,303.5
14443.0,2011-02-02 15:09:00,304.9,608.4
14443.0,2011-07-24 11:40:00,383.12,991.52
14443.0,2011-10-17 10:10:00,428.68,1420.2
14446.0,2011-04-07 12:10:00,303.04,303.04
14446.0,2011-09-20 12:35:00,382.18,685.22
14446.0,2011-11-11 12:02:00,157.27,842.49
14446.0,2011-12-09 11:34:00,197.09,1039.58
14447.0,2011-03-04 10:49:00,265.0,265.0
14447.0,2011-05-27 14:29:00,336.03,601.03
14447.0,2011-10-20 11:58:00,247.94,848.97
14447.0,2011-10-20 12:00:00,23.5,872.47
14447.0,2011-11-21 08:28:00,290.76,1163.23
14448.0,2010-12-10 17:26:00,102.35,102.35
14448.0,2011-11-30 13:50:00,273.0,375.35
14449.0,2010-12-02 14:09:00,210.24,210.24
14449.0,2011-04-07 12:16:00,191.06,401.3
14449.0,2011-10-06 13:29:00,313.4,714.7
14449.0,2011-11-21 12:06:00,192.4,907.1
14450.0,2011-01-23 11:53:00,161.03,161.03
14450.0,2011-04-10 12:59:00,108.42,269.45
14450.0,2011-06-12 10:46:00,213.8,483.25
14451.0,2011-05-29 12:35:00,360.0,360.0
14451.0,2011-10-10 13:38:00,302.59,662.59
14452.0,2011-09-07 11:32:00,127.37,127.37
14452.0,2011-11-29 12:06:00,137.07,264.44
14453.0,2011-06-02 14:15:00,119.93,119.93
14456.0,2011-07-20 13:06:00,116.13,116.13
14456.0,2011-07-20 13:10:00,26.25,142.38
14456.0,2011-07-31 15:00:00,494.27,636.65
14456.0,2011-09-11 15:24:00,818.93,1455.58
14456.0,2011-09-27 12:52:00,383.66,1839.24
14456.0,2011-10-30 12:53:00,240.55,2079.79
14456.0,2011-11-10 11:55:00,263.11,2342.9
14456.0,2011-11-17 17:18:00,336.54,2679.44
14456.0,2011-12-04 13:59:00,382.96,3062.4
14457.0,2011-02-02 09:39:00,113.64,113.64
14459.0,2011-07-07 13:35:00,1837.92,1837.92
14460.0,2011-02-02 11:55:00,30.0,30.0
14460.0,2011-06-21 12:40:00,246.54,276.54
14460.0,2011-08-21 14:19:00,157.8,434.34
14461.0,2011-03-23 12:15:00,776.23,776.23
14461.0,2011-06-14 13:15:00,969.99,1746.22
14461.0,2011-07-14 17:11:00,356.84,2103.06
14462.0,2011-01-04 12:45:00,109.3,109.3
14462.0,2011-02-04 13:30:00,331.42,440.72
14462.0,2011-02-04 13:47:00,15.8,456.52
14462.0,2011-03-17 15:47:00,232.39,688.91
14462.0,2011-03-17 16:11:00,16.0,704.91
14462.0,2011-05-10 16:00:00,251.29,956.2
14462.0,2011-06-07 10:46:00,184.52,1140.72
14462.0,2011-07-17 13:24:00,140.76,1281.48
14462.0,2011-08-11 09:57:00,252.62,1534.1
14462.0,2011-09-16 17:05:00,168.05,1702.15
14462.0,2011-10-04 15:55:00,301.87,2004.02
14463.0,2011-05-18 14:42:00,115.92,115.92
14463.0,2011-06-22 10:31:00,193.5,309.42
14463.0,2011-09-02 15:20:00,220.2,529.62
14465.0,2011-02-10 12:13:00,597.3,597.3
14465.0,2011-04-07 12:29:00,191.49,788.79
14465.0,2011-04-07 12:38:00,269.83,1058.62
14466.0,2010-12-02 13:36:00,379.75,379.75
14466.0,2011-02-04 09:56:00,323.5,703.25
14466.0,2011-03-04 12:06:00,332.4,1035.65
14466.0,2011-06-05 15:47:00,310.05,1345.7
14466.0,2011-08-16 08:39:00,234.75,1580.45
14466.0,2011-09-27 12:44:00,205.2,1785.65
14466.0,2011-11-10 14:07:00,486.75,2272.4
14467.0,2011-01-31 12:35:00,131.7,131.7
14467.0,2011-10-24 13:59:00,180.27,311.97
14467.0,2011-11-15 12:33:00,172.65,484.62
14467.0,2011-11-22 12:48:00,114.14,598.76
14470.0,2011-02-25 11:56:00,297.64,297.64
14470.0,2011-11-28 10:31:00,163.55,461.19
14472.0,2010-12-19 14:03:00,279.88,279.88
14472.0,2011-01-09 11:34:00,334.26,614.14
14472.0,2011-02-27 12:41:00,402.47,1016.61
14472.0,2011-03-27 12:06:00,311.57,1328.18
14472.0,2011-06-05 12:44:00,201.45,1529.63
14472.0,2011-07-10 12:23:00,115.45,1645.08
14472.0,2011-07-31 12:08:00,149.02,1794.1
14472.0,2011-08-28 11:01:00,142.74,1936.84
14473.0,2011-03-02 13:56:00,85.0,85.0
14473.0,2011-09-26 15:10:00,149.34,234.34
14474.0,2011-10-24 13:26:00,547.66,547.66
14475.0,2011-02-08 10:12:00,306.55,306.55
14475.0,2011-06-06 13:06:00,315.62,622.17
14475.0,2011-09-29 10:46:00,303.68,925.85
14476.0,2011-03-27 15:39:00,215.7,215.7
14477.0,2011-02-15 15:44:00,165.0,165.0
14477.0,2011-06-08 13:33:00,358.0,523.0
14477.0,2011-10-20 12:21:00,441.2,964.2
14477.0,2011-11-20 11:11:00,345.4,1309.6
14479.0,2010-12-09 12:59:00,174.4,174.4
14479.0,2011-03-31 09:07:00,141.85,316.25
14480.0,2011-11-28 16:35:00,279.05,279.05
14481.0,2011-02-25 13:53:00,302.86,302.86
14481.0,2011-06-28 10:38:00,333.65,636.51
14482.0,2011-04-14 16:41:00,238.1,238.1
14482.0,2011-09-01 16:44:00,227.85,465.95
14482.0,2011-10-25 16:13:00,613.98,1079.93
14482.0,2011-11-06 12:07:00,349.7,1429.63
14482.0,2011-11-09 15:07:00,249.72,1679.35
14482.0,2011-11-21 13:14:00,388.8,2068.15
14483.0,2011-03-03 10:26:00,137.1,137.1
14484.0,2011-10-20 14:11:00,321.92,321.92
14485.0,2011-11-01 12:25:00,165.75,165.75
14487.0,2010-12-06 13:22:00,125.1,125.1
14487.0,2011-09-11 13:51:00,430.22,555.32
14487.0,2011-09-18 11:51:00,279.85,835.17
14487.0,2011-09-18 12:40:00,12.29,847.46
14487.0,2011-10-30 12:27:00,196.68,1044.14
14487.0,2011-11-13 12:17:00,152.19,1196.33
14488.0,2011-10-03 09:30:00,1064.28,1064.28
14489.0,2011-05-16 14:51:00,463.38,463.38
14491.0,2010-12-02 12:10:00,127.2,127.2
14491.0,2011-06-17 15:22:00,213.73,340.93
14493.0,2011-07-07 16:59:00,611.22,611.22
14493.0,2011-10-24 10:27:00,399.5,1010.72
14493.0,2011-11-09 13:54:00,475.62,1486.34
14493.0,2011-11-23 10:21:00,381.2,1867.54
14493.0,2011-12-02 16:14:00,515.7,2383.24
14494.0,2011-11-14 09:21:00,139.56,139.56
14495.0,2011-08-10 14:13:00,40.6,40.6
14495.0,2011-10-20 12:28:00,83.2,123.8
14496.0,2010-12-01 15:35:00,304.34,304.34
14496.0,2011-02-01 09:01:00,234.47,538.81
14497.0,2011-02-03 17:01:00,475.37,475.37
14498.0,2010-12-13 11:29:00,166.22,166.22
14498.0,2011-06-06 14:34:00,147.02,313.24
14498.0,2011-07-13 12:06:00,608.46,921.7
14498.0,2011-08-15 14:10:00,360.09,1281.79
14498.0,2011-10-28 12:09:00,675.53,1957.32
14499.0,2011-03-06 11:55:00,126.02,126.02
14499.0,2011-07-29 11:49:00,244.94,370.96
14499.0,2011-11-13 13:01:00,444.36,815.32
14500.0,2011-06-03 10:08:00,284.85,284.85
14500.0,2011-08-19 17:02:00,51.0,335.85
14500.0,2011-09-12 16:45:00,21.0,356.85
14501.0,2011-01-24 10:43:00,66.93,66.93
14501.0,2011-06-09 12:02:00,184.28,251.21
14502.0,2011-01-30 15:52:00,155.21,155.21
14502.0,2011-02-20 15:51:00,298.38,453.59
14502.0,2011-03-13 12:39:00,220.47,674.06
14502.0,2011-04-18 17:29:00,217.07,891.13
14502.0,2011-04-18 17:32:00,89.55,980.68
14502.0,2011-04-19 12:22:00,89.55,1070.23
14502.0,2011-07-13 13:14:00,105.78,1176.01
14502.0,2011-10-02 14:56:00,467.95,1643.96
14502.0,2011-11-06 14:33:00,89.27,1733.23
14502.0,2011-11-06 14:45:00,386.31,2119.54
14502.0,2011-11-20 11:50:00,351.13,2470.67
14503.0,2011-06-14 10:00:00,597.07,597.07
14503.0,2011-09-30 14:59:00,687.38,1284.45
14503.0,2011-11-20 11:28:00,1051.84,2336.29
14503.0,2011-11-29 12:15:00,436.1,2772.39
14503.0,2011-12-02 14:46:00,433.12,3205.51
14503.0,2011-12-06 13:30:00,337.75,3543.26
14504.0,2011-03-06 14:38:00,147.23,147.23
14504.0,2011-03-25 12:55:00,134.56,281.79
14504.0,2011-04-10 16:01:00,260.92,542.71
14504.0,2011-10-23 16:00:00,130.55,673.26
14505.0,2010-12-12 16:14:00,1050.35,1050.35
14505.0,2011-01-06 16:03:00,317.06,1367.41
14505.0,2011-03-16 15:45:00,581.89,1949.3
14505.0,2011-05-10 12:53:00,647.76,2597.06
14505.0,2011-05-19 13:35:00,595.7,3192.76
14505.0,2011-08-22 14:38:00,1062.88,4255.64
14505.0,2011-11-01 14:54:00,954.81,5210.45
14505.0,2011-11-22 15:45:00,695.19,5905.64
14506.0,2010-12-05 14:25:00,269.7,269.7
14506.0,2011-03-01 12:46:00,297.16,566.86
14506.0,2011-06-30 19:27:00,264.8,831.66
14506.0,2011-10-04 14:42:00,683.59,1515.25
14506.0,2011-11-22 13:02:00,496.92,2012.17
14507.0,2011-03-08 17:23:00,339.36,339.36
14507.0,2011-03-08 17:25:00,39.49,378.85
14507.0,2011-05-08 14:18:00,236.46,615.31
14507.0,2011-08-30 15:16:00,309.38,924.69
14507.0,2011-10-30 13:18:00,220.89,1145.58
14507.0,2011-11-16 12:21:00,237.6,1383.18
14508.0,2011-09-11 11:29:00,137.56,137.56
14508.0,2011-11-17 19:48:00,138.86,276.42
14511.0,2011-07-29 12:13:00,138.16,138.16
14511.0,2011-09-08 13:26:00,191.73,329.89
14511.0,2011-10-05 09:42:00,318.44,648.33
14511.0,2011-11-06 14:38:00,365.16,1013.49
14511.0,2011-11-28 17:05:00,301.32,1314.81
14512.0,2011-04-21 19:05:00,126.32,126.32
14512.0,2011-06-05 12:39:00,148.96,275.28
14513.0,2011-02-24 09:36:00,18.75,18.75
14513.0,2011-05-17 12:21:00,298.6,317.35
14513.0,2011-08-31 11:25:00,138.24,455.59
14514.0,2011-01-12 15:22:00,255.25,255.25
14514.0,2011-05-22 15:11:00,36.91,292.16
14514.0,2011-05-22 15:12:00,110.95,403.11
14514.0,2011-10-09 16:05:00,652.24,1055.35
14515.0,2011-05-05 12:13:00,425.4,425.4
14515.0,2011-06-01 12:54:00,340.25,765.65
14515.0,2011-10-04 12:38:00,583.42,1349.07
14515.0,2011-11-17 11:45:00,533.69,1882.76
14515.0,2011-11-17 11:48:00,13.05,1895.81
14515.0,2011-11-22 11:37:00,206.28,2102.09
14517.0,2011-07-21 11:42:00,252.45,252.45
14517.0,2011-11-06 14:20:00,78.0,330.45
14518.0,2011-10-06 14:43:00,174.37,174.37
14520.0,2011-02-22 09:15:00,165.0,165.0
14520.0,2011-12-08 09:46:00,105.6,270.6
14522.0,2011-05-25 16:01:00,278.63,278.63
14522.0,2011-09-08 15:39:00,482.07,760.7
14522.0,2011-09-29 09:37:00,70.8,831.5
14522.0,2011-11-15 13:24:00,143.04,974.54
14523.0,2011-08-23 13:13:00,241.09,241.09
14524.0,2010-12-14 11:01:00,275.45,275.45
14524.0,2011-03-03 12:41:00,210.05,485.5
14524.0,2011-04-17 12:37:00,133.61,619.11
14524.0,2011-04-17 12:53:00,158.47,777.58
14524.0,2011-06-14 12:46:00,275.14,1052.72
14524.0,2011-09-29 12:16:00,191.11,1243.83
14524.0,2011-09-29 12:34:00,411.55,1655.38
14524.0,2011-09-29 12:39:00,100.4,1755.78
14524.0,2011-11-08 12:29:00,111.9,1867.68
14525.0,2010-12-13 17:40:00,462.3,462.3
14525.0,2011-01-17 13:21:00,264.65,726.95
14525.0,2011-03-31 18:49:00,353.45,1080.4
14525.0,2011-04-18 12:56:00,169.47,1249.87
14525.0,2011-06-07 12:34:00,783.07,2032.94
14525.0,2011-08-11 17:35:00,668.56,2701.5
14525.0,2011-08-31 14:28:00,224.64,2926.14
14525.0,2011-10-27 15:49:00,409.44,3335.58
14525.0,2011-11-20 11:37:00,996.62,4332.2
14527.0,2010-12-05 13:17:00,292.95,292.95
14527.0,2010-12-09 12:32:00,224.38,517.33
14527.0,2010-12-15 12:30:00,269.31,786.64
14527.0,2010-12-20 13:11:00,138.85,925.49
14527.0,2011-01-05 12:20:00,229.75,1155.24
14527.0,2011-01-10 12:36:00,167.6,1322.84
14527.0,2011-01-19 11:48:00,172.15,1494.99
14527.0,2011-01-25 12:03:00,90.9,1585.89
14527.0,2011-01-31 12:18:00,101.8,1687.69
14527.0,2011-02-08 12:20:00,140.55,1828.24
14527.0,2011-02-15 11:52:00,91.2,1919.44
14527.0,2011-02-15 11:58:00,12.75,1932.19
14527.0,2011-02-24 12:00:00,77.95,2010.14
14527.0,2011-02-28 13:25:00,122.0,2132.14
14527.0,2011-03-09 12:19:00,98.7,2230.84
14527.0,2011-03-15 12:10:00,78.04,2308.88
14527.0,2011-03-24 12:32:00,73.77,2382.65
14527.0,2011-03-31 12:08:00,142.51,2525.16
14527.0,2011-04-07 18:05:00,40.41,2565.57
14527.0,2011-04-15 15:31:00,58.85,2624.42
14527.0,2011-04-20 12:26:00,103.15,2727.57
14527.0,2011-04-27 12:05:00,117.66,2845.23
14527.0,2011-05-09 12:40:00,118.49,2963.72
14527.0,2011-05-13 13:05:00,90.84,3054.56
14527.0,2011-05-18 12:13:00,159.65,3214.21
14527.0,2011-05-24 12:14:00,138.87,3353.08
14527.0,2011-06-08 12:21:00,209.28,3562.36
14527.0,2011-06-15 12:55:00,144.26,3706.62
14527.0,2011-06-22 12:32:00,86.65,3793.27
14527.0,2011-06-29 14:17:00,125.95,3919.22
14527.0,2011-07-07 12:47:00,117.8,4037.02
14527.0,2011-07-14 12:29:00,139.95,4176.97
14527.0,2011-07-21 12:23:00,121.54,4298.51
14527.0,2011-07-27 12:38:00,260.56,4559.07
14527.0,2011-07-28 14:16:00,23.5,4582.57
14527.0,2011-08-03 12:31:00,166.72,4749.29
14527.0,2011-08-09 16:27:00,150.74,4900.03
14527.0,2011-08-15 12:07:00,106.34,5006.37
14527.0,2011-08-24 12:11:00,130.03,5136.4
14527.0,2011-09-02 12:37:00,145.02,5281.42
14527.0,2011-09-12 12:20:00,207.57,5488.99
14527.0,2011-09-21 12:46:00,186.26,5675.25
14527.0,2011-09-29 12:23:00,160.7,5835.95
14527.0,2011-10-06 12:35:00,167.46,6003.41
14527.0,2011-10-13 13:00:00,131.48,6134.89
14527.0,2011-10-20 12:11:00,181.95,6316.84
14527.0,2011-10-25 12:30:00,232.71,6549.55
14527.0,2011-10-31 14:03:00,272.67,6822.22
14527.0,2011-11-07 12:56:00,148.82,6971.04
14527.0,2011-11-11 12:24:00,198.29,7169.33
14527.0,2011-11-16 12:29:00,167.61,7336.94
14527.0,2011-11-23 12:05:00,286.8,7623.74
14527.0,2011-11-27 12:01:00,253.13,7876.87
14527.0,2011-12-01 12:25:00,270.61,8147.48
14527.0,2011-12-07 12:19:00,361.34,8508.82
14528.0,2011-11-02 17:09:00,364.22,364.22
14529.0,2011-08-21 14:10:00,135.24,135.24
14529.0,2011-09-23 13:48:00,223.18,358.42
14529.0,2011-10-10 15:27:00,261.62,620.04
14530.0,2011-02-16 10:47:00,698.26,698.26
14530.0,2011-03-22 11:05:00,448.65,1146.91
14530.0,2011-06-07 14:30:00,413.93,1560.84
14530.0,2011-08-03 12:12:00,460.43,2021.27
14530.0,2011-09-07 12:55:00,524.85,2546.12
14530.0,2011-11-14 10:38:00,379.79,2925.91
14532.0,2010-12-22 13:48:00,222.6,222.6
14532.0,2011-01-30 10:27:00,182.8,405.4
14532.0,2011-02-27 10:02:00,386.9,792.3
14532.0,2011-04-17 13:05:00,140.55,932.85
14533.0,2010-12-22 11:07:00,433.5,433.5
14533.0,2011-08-19 12:06:00,301.48,734.98
14533.0,2011-09-11 15:35:00,408.38,1143.36
14533.0,2011-10-02 12:22:00,326.8,1470.16
14533.0,2011-10-06 14:45:00,303.5,1773.66
14533.0,2011-10-10 17:13:00,23.4,1797.06
14533.0,2011-11-15 12:05:00,152.66,1949.72
14534.0,2011-01-25 12:33:00,355.12,355.12
14534.0,2011-02-07 11:15:00,295.45,650.57
14534.0,2011-02-15 13:00:00,120.16,770.73
14534.0,2011-03-09 11:05:00,188.25,958.98
14534.0,2011-03-15 12:19:00,137.9,1096.88
14534.0,2011-04-06 15:31:00,187.7,1284.58
14534.0,2011-05-10 14:57:00,221.15,1505.73
14534.0,2011-05-24 12:04:00,211.5,1717.23
14534.0,2011-06-06 12:22:00,144.97,1862.2
14534.0,2011-06-23 14:11:00,421.39,2283.59
14534.0,2011-07-08 15:56:00,243.22,2526.81
14534.0,2011-07-27 15:09:00,223.39,2750.2
14534.0,2011-08-12 11:22:00,153.85,2904.05
14534.0,2011-09-05 12:20:00,131.64,3035.69
14534.0,2011-10-05 12:49:00,745.37,3781.06
14534.0,2011-11-16 11:05:00,296.76,4077.82
14534.0,2011-11-22 11:24:00,238.41,4316.23
14534.0,2011-12-07 12:19:00,130.82,4447.05
14535.0,2011-04-05 12:50:00,853.97,853.97
14535.0,2011-08-04 15:04:00,799.94,1653.91
14535.0,2011-10-10 15:39:00,1210.28,2864.19
14536.0,2011-03-25 12:21:00,171.8,171.8
14537.0,2011-10-13 10:54:00,355.56,355.56
14538.0,2011-03-28 14:57:00,106.5,106.5
14538.0,2011-10-06 10:31:00,281.75,388.25
14539.0,2011-10-26 12:03:00,72.13,72.13
14539.0,2011-11-24 09:50:00,465.35,537.48
14540.0,2011-02-03 15:02:00,195.9,195.9
14540.0,2011-09-25 12:34:00,485.63,681.53
14540.0,2011-11-30 10:15:00,314.73,996.26
14541.0,2011-01-24 14:16:00,163.04,163.04
14541.0,2011-01-27 15:51:00,316.21,479.25
14541.0,2011-02-25 10:46:00,292.4,771.65
14541.0,2011-02-25 15:27:00,69.0,840.65
14541.0,2011-04-11 12:17:00,134.8,975.45
14541.0,2011-05-09 17:24:00,38.3,1013.75
14541.0,2011-06-24 10:31:00,301.9,1315.65
14541.0,2011-10-12 10:08:00,146.0,1461.65
14542.0,2011-06-07 08:19:00,103.25,103.25
14543.0,2010-12-10 11:51:00,254.4,254.4
14543.0,2011-01-25 11:41:00,303.8,558.2
14543.0,2011-02-16 14:40:00,388.05,946.25
14543.0,2011-03-16 12:43:00,328.6,1274.85
14543.0,2011-03-16 12:44:00,15.0,1289.85
14543.0,2011-03-31 15:00:00,296.2,1586.05
14543.0,2011-04-01 10:43:00,283.21,1869.26
14543.0,2011-05-09 13:59:00,352.54,2221.8
14543.0,2011-06-02 16:26:00,233.75,2455.55
14543.0,2011-06-10 12:24:00,19.8,2475.35
14543.0,2011-06-21 13:37:00,327.45,2802.8
14543.0,2011-08-04 18:18:00,161.4,2964.2
14543.0,2011-08-23 12:26:00,300.9,3265.1
14543.0,2011-09-27 10:26:00,36.65,3301.75
14543.0,2011-11-09 13:36:00,312.78,3614.53
14543.0,2011-11-11 12:45:00,15.8,3630.33
14544.0,2010-12-13 12:50:00,1121.92,1121.92
14544.0,2011-11-15 15:06:00,902.53,2024.45
14546.0,2011-04-05 12:37:00,561.29,561.29
14546.0,2011-05-22 11:41:00,313.59,874.88
14546.0,2011-09-23 13:11:00,727.22,1602.1
14546.0,2011-10-30 11:47:00,476.0,2078.1
14546.0,2011-12-04 13:00:00,499.99,2578.09
14547.0,2011-10-16 14:35:00,490.2,490.2
14547.0,2011-11-06 14:39:00,478.1,968.3
14547.0,2011-11-13 12:27:00,1117.08,2085.38
14547.0,2011-11-20 14:24:00,507.68,2593.06
14547.0,2011-11-23 10:23:00,400.4,2993.46
14547.0,2011-11-27 13:49:00,534.58,3528.04
14547.0,2011-12-05 12:59:00,326.05,3854.09
14547.0,2011-12-06 11:06:00,153.45,4007.54
14548.0,2011-01-26 08:38:00,326.4,326.4
14548.0,2011-07-12 12:19:00,326.4,652.8
14549.0,2011-02-01 13:47:00,289.24,289.24
14550.0,2011-10-26 12:14:00,340.79,340.79
14550.0,2011-11-29 12:12:00,424.83,765.62
14551.0,2011-05-19 18:21:00,125.43,125.43
14551.0,2011-11-21 13:36:00,60.8,186.23
14552.0,2011-07-11 12:49:00,165.07,165.07
14553.0,2011-01-04 15:40:00,201.94,201.94
14553.0,2011-05-05 11:08:00,110.38,312.32
14553.0,2011-11-06 13:32:00,211.07,523.39
14553.0,2011-11-06 14:06:00,194.4,717.79
14553.0,2011-11-20 13:20:00,141.48,859.27
14554.0,2011-10-18 13:04:00,351.83,351.83
14554.0,2011-11-16 13:25:00,1219.25,1571.08
14554.0,2011-11-22 17:15:00,82.91,1653.99
14554.0,2011-11-29 16:44:00,727.05,2381.04
14555.0,2011-02-10 17:19:00,197.94,197.94
14555.0,2011-10-13 16:24:00,126.2,324.14
14557.0,2011-09-15 15:48:00,788.38,788.38
14560.0,2010-12-17 09:22:00,408.17,408.17
14560.0,2011-01-27 12:13:00,152.25,560.42
14560.0,2011-02-04 11:13:00,46.7,607.12
14560.0,2011-02-10 13:27:00,62.6,669.72
14560.0,2011-03-01 15:12:00,34.75,704.47
14560.0,2011-03-08 12:57:00,301.4,1005.87
14560.0,2011-03-20 10:51:00,96.6,1102.47
14560.0,2011-03-24 13:45:00,62.38,1164.85
14560.0,2011-05-27 16:00:00,67.15,1232.0
14560.0,2011-06-30 17:16:00,17.0,1249.0
14560.0,2011-07-28 11:18:00,73.8,1322.8
14560.0,2011-08-22 12:45:00,57.2,1380.0
14560.0,2011-08-22 12:46:00,34.0,1414.0
14560.0,2011-09-02 15:50:00,50.4,1464.4
14560.0,2011-09-06 10:27:00,100.8,1565.2
14560.0,2011-10-07 12:14:00,264.62,1829.82
14560.0,2011-10-27 11:42:00,53.64,1883.46
14560.0,2011-10-27 11:47:00,95.23,1978.69
14560.0,2011-11-08 13:10:00,60.6,2039.29
14560.0,2011-11-10 17:45:00,65.28,2104.57
14560.0,2011-11-23 09:35:00,92.4,2196.97
14560.0,2011-12-02 15:22:00,40.8,2237.77
14561.0,2011-06-08 13:26:00,222.07,222.07
14561.0,2011-06-30 13:43:00,344.92,566.99
14561.0,2011-09-25 12:39:00,513.77,1080.76
14562.0,2011-02-08 14:45:00,262.85,262.85
14562.0,2011-02-23 15:11:00,171.85,434.7
14562.0,2011-04-21 19:55:00,481.4,916.1
14562.0,2011-06-09 19:55:00,215.39,1131.49
14562.0,2011-07-14 11:30:00,603.54,1735.03
14562.0,2011-08-04 20:01:00,250.32,1985.35
14562.0,2011-09-08 19:58:00,354.53,2339.88
14562.0,2011-09-14 13:23:00,177.44,2517.32
14562.0,2011-09-18 10:35:00,154.95,2672.27
14562.0,2011-09-22 19:54:00,357.45,3029.72
14562.0,2011-10-16 14:07:00,405.02,3434.74
14562.0,2011-10-21 11:49:00,211.78,3646.52
14562.0,2011-11-01 14:35:00,195.48,3842.0
14562.0,2011-11-10 10:49:00,372.42,4214.42
14562.0,2011-11-15 15:33:00,215.84,4430.26
14562.0,2011-11-28 14:39:00,321.19,4751.45
14562.0,2011-12-06 10:41:00,61.2,4812.65
14562.0,2011-12-06 11:05:00,262.12,5074.77
14565.0,2010-12-13 13:25:00,1167.41,1167.41
14565.0,2011-05-18 13:09:00,710.14,1877.55
14565.0,2011-08-18 15:51:00,682.77,2560.32
14565.0,2011-09-05 09:07:00,538.8,3099.12
14566.0,2011-08-21 11:05:00,1432.0,1432.0
14567.0,2011-08-01 13:48:00,800.76,800.76
14567.0,2011-10-14 10:21:00,729.6,1530.36
14569.0,2011-12-08 14:58:00,227.39,227.39
14570.0,2011-03-04 10:39:00,167.91,167.91
14570.0,2011-03-04 10:58:00,50.15,218.06
14572.0,2011-01-19 17:23:00,335.63,335.63
14572.0,2011-03-16 16:38:00,625.85,961.48
14572.0,2011-03-30 16:34:00,116.45,1077.93
14572.0,2011-07-15 16:06:00,400.76,1478.69
14572.0,2011-08-21 13:46:00,610.75,2089.44
14572.0,2011-10-30 14:04:00,608.35,2697.79
14572.0,2011-12-06 14:40:00,135.05,2832.84
14573.0,2010-12-02 19:59:00,413.1,413.1
14573.0,2011-02-25 17:25:00,169.15,582.25
14573.0,2011-03-03 11:07:00,134.5,716.75
14573.0,2011-03-27 15:46:00,165.83,882.58
14573.0,2011-05-11 12:32:00,311.11,1193.69
14573.0,2011-05-23 11:52:00,183.26,1376.95
14573.0,2011-05-23 12:15:00,1.95,1378.9
14573.0,2011-06-10 11:28:00,157.76,1536.66
14573.0,2011-06-13 11:15:00,116.76,1653.42
14576.0,2010-12-02 17:51:00,35.4,35.4
14577.0,2010-12-12 11:26:00,346.9,346.9
14577.0,2011-04-21 11:31:00,121.11,468.01
14577.0,2011-06-29 11:46:00,178.63,646.64
14577.0,2011-11-27 12:47:00,213.07,859.71
14578.0,2011-12-06 17:18:00,168.63,168.63
14581.0,2011-11-23 12:39:00,138.6,138.6
14582.0,2011-10-30 11:56:00,114.11,114.11
14583.0,2011-05-18 11:28:00,174.51,174.51
14583.0,2011-06-07 12:47:00,139.82,314.33
14583.0,2011-06-27 12:28:00,162.82,477.15
14583.0,2011-07-18 12:53:00,310.49,787.64
14583.0,2011-12-04 12:32:00,264.91,1052.55
14584.0,2011-05-25 17:31:00,220.38,220.38
14584.0,2011-05-26 16:30:00,254.42,474.8
14584.0,2011-06-09 20:03:00,354.01,828.81
14584.0,2011-06-23 18:33:00,213.45,1042.26
14585.0,2011-10-20 14:33:00,157.05,157.05
14586.0,2011-03-08 10:04:00,237.36,237.36
14587.0,2011-01-12 13:16:00,220.85,220.85
14587.0,2011-02-01 12:54:00,150.2,371.05
14587.0,2011-02-08 13:28:00,152.87,523.92
14587.0,2011-03-11 14:15:00,202.82,726.74
14587.0,2011-03-25 11:44:00,180.06,906.8
14587.0,2011-04-06 13:28:00,178.4,1085.2
14587.0,2011-05-10 14:22:00,195.13,1280.33
14587.0,2011-06-08 14:09:00,193.2,1473.53
14587.0,2011-11-21 11:34:00,127.61,1601.14
14589.0,2010-12-03 11:42:00,39.75,39.75
14591.0,2011-05-10 14:09:00,250.22,250.22
14591.0,2011-11-24 13:53:00,619.84,870.06
14591.0,2011-11-24 13:56:00,373.5,1243.56
14591.0,2011-11-24 13:57:00,203.58,1447.14
14592.0,2011-10-06 18:08:00,263.96,263.96
14592.0,2011-10-14 14:58:00,145.21,409.17
14592.0,2011-11-04 16:35:00,161.29,570.46
14593.0,2011-05-25 11:14:00,219.77,219.77
14593.0,2011-05-25 11:21:00,119.82,339.59
14593.0,2011-11-18 12:48:00,278.4,617.99
14594.0,2010-12-01 13:54:00,255.0,255.0
14594.0,2011-12-02 13:28:00,124.83,379.83
14595.0,2011-01-30 13:36:00,163.8,163.8
14595.0,2011-09-15 13:13:00,136.23,300.03
14595.0,2011-10-09 12:04:00,141.75,441.78
14595.0,2011-10-14 15:26:00,1091.29,1533.07
14595.0,2011-11-15 15:10:00,81.54,1614.61
14595.0,2011-11-20 12:12:00,125.99,1740.6
14597.0,2011-06-01 12:33:00,165.1,165.1
14597.0,2011-11-28 13:13:00,718.05,883.15
14598.0,2011-10-26 13:19:00,221.97,221.97
14600.0,2011-02-07 09:48:00,393.33,393.33
14601.0,2011-11-29 09:48:00,213.96,213.96
14603.0,2011-03-10 10:27:00,660.0,660.0
14606.0,2010-12-01 16:57:00,159.26,159.26
14606.0,2010-12-01 16:58:00,39.06,198.32
14606.0,2010-12-05 15:12:00,192.68,391.0
14606.0,2010-12-08 12:08:00,215.88,606.88
14606.0,2010-12-14 13:10:00,305.79,912.67
14606.0,2010-12-14 13:22:00,11.0,923.67
14606.0,2010-12-16 13:33:00,104.48,1028.15
14606.0,2010-12-20 14:33:00,109.88,1138.03
14606.0,2010-12-22 13:17:00,108.63,1246.66
14606.0,2011-01-04 11:34:00,339.68,1586.34
14606.0,2011-01-09 13:41:00,229.48,1815.82
14606.0,2011-01-12 13:19:00,174.15,1989.97
14606.0,2011-01-17 13:23:00,208.32,2198.29
14606.0,2011-01-19 16:08:00,116.06,2314.35
14606.0,2011-01-23 15:34:00,265.18,2579.53
14606.0,2011-01-26 12:35:00,7.8,2587.33
14606.0,2011-01-26 12:36:00,158.5,2745.83
14606.0,2011-02-01 11:16:00,3.67,2749.5
14606.0,2011-02-01 11:51:00,161.2,2910.7
14606.0,2011-02-03 13:27:00,120.75,3031.45
14606.0,2011-02-06 15:34:00,94.27,3125.72
14606.0,2011-02-08 16:25:00,103.1,3228.82
14606.0,2011-02-14 15:43:00,169.44,3398.26
14606.0,2011-02-17 12:59:00,147.33,3545.59
14606.0,2011-02-18 13:26:00,15.0,3560.59
14606.0,2011-02-20 15:43:00,113.85,3674.44
14606.0,2011-02-23 14:29:00,114.07,3788.51
14606.0,2011-02-27 14:26:00,134.72,3923.23
14606.0,2011-03-02 11:32:00,122.07,4045.3
14606.0,2011-03-07 13:33:00,106.37,4151.67
14606.0,2011-03-10 13:58:00,99.95,4251.62
14606.0,2011-03-13 14:29:00,103.89,4355.51
14606.0,2011-03-16 11:41:00,139.35,4494.86
14606.0,2011-03-21 12:53:00,131.5,4626.36
14606.0,2011-03-24 12:15:00,236.07,4862.43
14606.0,2011-03-29 17:23:00,338.41,5200.84
14606.0,2011-04-04 14:41:00,129.18,5330.02
14606.0,2011-04-06 11:34:00,146.92,5476.94
14606.0,2011-04-11 14:56:00,15.0,5491.94
14606.0,2011-04-11 15:25:00,142.84,5634.78
14606.0,2011-04-14 12:01:00,129.09,5763.87
14606.0,2011-04-19 11:02:00,117.14,5881.01
14606.0,2011-04-26 12:07:00,110.52,5991.53
14606.0,2011-04-27 11:12:00,114.84,6106.37
14606.0,2011-05-04 11:12:00,109.38,6215.75
14606.0,2011-05-08 14:59:00,97.09,6312.84
14606.0,2011-05-12 10:53:00,108.94,6421.78
14606.0,2011-05-17 13:20:00,111.14,6532.92
14606.0,2011-05-24 13:50:00,99.83,6632.75
14606.0,2011-05-29 14:18:00,149.01,6781.76
14606.0,2011-06-01 12:05:00,109.37,6891.13
14606.0,2011-06-07 10:55:00,105.6,6996.73
14606.0,2011-06-09 13:08:00,109.3,7106.03
14606.0,2011-06-13 13:55:00,134.48,7240.51
14606.0,2011-06-15 12:36:00,119.29,7359.8
14606.0,2011-06-21 11:02:00,112.09,7471.89
14606.0,2011-06-22 13:28:00,100.67,7572.56
14606.0,2011-06-29 12:59:00,145.48,7718.04
14606.0,2011-07-05 11:32:00,123.73,7841.77
14606.0,2011-07-11 11:38:00,114.11,7955.88
14606.0,2011-07-17 15:11:00,108.44,8064.32
14606.0,2011-07-20 12:14:00,111.49,8175.81
14606.0,2011-07-25 11:53:00,124.44,8300.25
14606.0,2011-07-25 17:04:00,120.0,8420.25
14606.0,2011-07-29 11:07:00,111.17,8531.42
14606.0,2011-08-02 12:31:00,124.11,8655.53
14606.0,2011-08-08 13:11:00,211.85,8867.38
14606.0,2011-08-15 13:07:00,112.33,8979.71
14606.0,2011-08-19 11:15:00,113.05,9092.76
14606.0,2011-08-26 11:19:00,110.85,9203.61
14606.0,2011-08-28 15:17:00,125.77,9329.38
14606.0,2011-09-02 13:54:00,113.31,9442.69
14606.0,2011-09-07 12:41:00,121.5,9564.19
14606.0,2011-09-11 13:07:00,97.73,9661.92
14606.0,2011-09-14 13:31:00,64.26,9726.18
14606.0,2011-09-19 11:59:00,47.38,9773.56
14606.0,2011-09-21 16:15:00,106.39,9879.95
14606.0,2011-09-28 13:00:00,109.96,9989.91
14606.0,2011-10-04 11:29:00,117.94,10107.85
14606.0,2011-10-10 12:35:00,111.55,10219.4
14606.0,2011-10-14 10:25:00,115.27,10334.67
14606.0,2011-10-20 12:57:00,112.24,10446.91
14606.0,2011-10-26 12:15:00,115.15,10562.06
14606.0,2011-10-28 13:18:00,112.47,10674.53
14606.0,2011-11-02 12:45:00,113.01,10787.54
14606.0,2011-11-07 14:28:00,106.44,10893.98
14606.0,2011-11-10 11:37:00,111.39,11005.37
14606.0,2011-11-14 12:18:00,109.65,11115.02
14606.0,2011-11-18 12:39:00,129.14,11244.16
14606.0,2011-11-21 13:20:00,110.92,11355.08
14606.0,2011-11-24 13:54:00,110.57,11465.65
14606.0,2011-11-28 11:18:00,192.2,11657.85
14606.0,2011-11-30 14:00:00,143.09,11800.94
14606.0,2011-12-06 12:56:00,230.06,12031.0
14606.0,2011-12-08 19:28:00,125.65,12156.65
14607.0,2011-03-23 15:22:00,495.0,495.0
14607.0,2011-10-24 09:52:00,2949.28,3444.28
14607.0,2011-10-24 09:54:00,1044.0,4488.28
14607.0,2011-10-24 09:55:00,2199.12,6687.4
14607.0,2011-10-24 10:30:00,1434.0,8121.4
14607.0,2011-10-24 10:32:00,765.12,8886.52
14607.0,2011-10-24 10:36:00,967.68,9854.2
14607.0,2011-10-24 10:38:00,1048.0,10902.2
14607.0,2011-10-24 10:43:00,1116.0,12018.2
14607.0,2011-10-25 12:22:00,432.0,12450.2
14607.0,2011-11-03 14:32:00,1000.0,13450.2
14607.0,2011-11-21 12:38:00,45.3,13495.5
14607.0,2011-11-22 09:34:00,2000.0,15495.5
14607.0,2011-11-24 10:35:00,1074.0,16569.5
14608.0,2010-12-12 14:49:00,204.0,204.0
14608.0,2011-09-15 11:46:00,586.95,790.95
14608.0,2011-11-10 18:37:00,486.65,1277.6
14608.0,2011-12-05 16:52:00,507.55,1785.15
14609.0,2011-02-16 12:10:00,144.0,144.0
14609.0,2011-06-15 09:33:00,151.2,295.2
14609.0,2011-07-19 17:04:00,191.16,486.36
14609.0,2011-09-28 12:54:00,115.2,601.56
14616.0,2011-01-26 12:42:00,237.6,237.6
14616.0,2011-02-28 10:07:00,10.08,247.68
14616.0,2011-04-11 09:54:00,158.4,406.08
14618.0,2011-01-06 11:59:00,211.8,211.8
14618.0,2011-11-29 08:41:00,257.4,469.2
14618.0,2011-11-30 13:45:00,84.24,553.44
14619.0,2011-04-08 07:37:00,394.44,394.44
14620.0,2011-03-01 08:30:00,235.35,235.35
14620.0,2011-05-18 11:58:00,177.43,412.78
14621.0,2010-12-16 13:00:00,305.7,305.7
14621.0,2011-06-05 13:05:00,330.61,636.31
14621.0,2011-07-06 12:31:00,366.6,1002.91
14621.0,2011-11-09 15:02:00,482.59,1485.5
14621.0,2011-12-08 16:22:00,302.86,1788.36
14622.0,2011-06-08 12:42:00,320.58,320.58
14623.0,2011-04-18 13:54:00,192.68,192.68
14623.0,2011-06-06 13:46:00,205.18,397.86
14623.0,2011-08-15 13:51:00,210.85,608.71
14623.0,2011-10-27 09:27:00,118.2,726.91
14623.0,2011-11-07 13:56:00,162.34,889.25
14624.0,2011-10-11 14:39:00,210.25,210.25
14624.0,2011-10-13 13:44:00,15.6,225.85
14625.0,2010-12-13 15:36:00,585.53,585.53
14625.0,2011-05-27 15:32:00,314.1,899.63
14626.0,2011-04-20 13:18:00,586.9,586.9
14626.0,2011-08-09 10:20:00,984.39,1571.29
14626.0,2011-10-06 10:52:00,610.91,2182.2
14626.0,2011-11-16 10:37:00,609.07,2791.27
14628.0,2011-04-11 14:43:00,331.58,331.58
14628.0,2011-09-09 14:58:00,340.38,671.96
14629.0,2011-10-23 16:13:00,604.83,604.83
14629.0,2011-12-05 16:55:00,354.18,959.01
14631.0,2011-02-14 09:31:00,309.5,309.5
14631.0,2011-04-18 16:49:00,320.58,630.08
14631.0,2011-10-20 11:17:00,376.9,1006.98
14632.0,2011-03-22 08:49:00,114.56,114.56
14633.0,2011-03-18 17:07:00,344.9,344.9
14636.0,2011-03-16 09:52:00,300.19,300.19
14636.0,2011-11-03 16:12:00,309.66,609.85
14638.0,2011-10-20 10:10:00,443.6,443.6
14639.0,2010-12-13 13:50:00,676.54,676.54
14639.0,2011-02-21 13:21:00,558.59,1235.13
14639.0,2011-08-11 13:39:00,534.34,1769.47
14639.0,2011-08-11 13:41:00,219.76,1989.23
14639.0,2011-10-18 15:05:00,948.16,2937.39
14639.0,2011-10-18 15:06:00,47.1,2984.49
14640.0,2011-04-26 12:31:00,413.45,413.45
14640.0,2011-06-22 15:41:00,406.3,819.75
14640.0,2011-07-15 11:38:00,185.07,1004.82
14640.0,2011-08-04 11:38:00,496.24,1501.06
14640.0,2011-10-11 15:10:00,306.07,1807.13
14640.0,2011-11-15 13:07:00,317.95,2125.08
14641.0,2011-11-18 10:42:00,110.46,110.46
14642.0,2011-10-12 11:08:00,96.12,96.12
14643.0,2010-12-16 17:53:00,357.94,357.94
14643.0,2011-06-22 14:41:00,335.87,693.81
14644.0,2011-02-14 14:14:00,187.5,187.5
14644.0,2011-10-03 08:30:00,643.26,830.76
14645.0,2011-03-09 09:52:00,240.1,240.1
14645.0,2011-07-06 09:15:00,356.99,597.09
14646.0,2010-12-20 10:09:00,70.96,70.96
14646.0,2010-12-21 15:05:00,8520.92,8591.88
14646.0,2011-01-14 12:24:00,10389.06,18980.94
14646.0,2011-01-19 12:34:00,7722.04,26702.98
14646.0,2011-01-20 09:54:00,305.28,27008.26
14646.0,2011-01-21 11:18:00,8060.3,35068.56
14646.0,2011-02-08 09:41:00,1306.28,36374.84
14646.0,2011-02-21 10:28:00,11956.1,48330.94
14646.0,2011-02-21 10:32:00,6323.38,54654.32
14646.0,2011-02-22 15:45:00,3211.7,57866.02
14646.0,2011-03-25 12:34:00,1407.86,59273.88
14646.0,2011-03-29 11:04:00,2527.94,61801.82
14646.0,2011-03-29 11:14:00,15719.56,77521.38
14646.0,2011-03-30 09:06:00,1807.04,79328.42
14646.0,2011-04-05 11:01:00,1129.2,80457.62
14646.0,2011-04-05 11:03:00,1155.0,81612.62
14646.0,2011-04-28 09:03:00,692.36,82304.98
14646.0,2011-05-11 14:37:00,536.4,82841.38
14646.0,2011-05-11 14:38:00,288.0,83129.38
14646.0,2011-05-12 10:10:00,1792.72,84922.1
14646.0,2011-05-12 10:13:00,14415.74,99337.84
14646.0,2011-05-12 10:15:00,270.0,99607.84
14646.0,2011-05-18 13:20:00,732.4,100340.24
14646.0,2011-05-25 12:19:00,1392.0,101732.24
14646.0,2011-05-26 15:19:00,8980.88,110713.12
14646.0,2011-06-01 09:18:00,1799.6,112512.72
14646.0,2011-06-01 10:24:00,3623.2,116135.92
14646.0,2011-06-19 11:08:00,5683.06,121818.98
14646.0,2011-06-20 09:53:00,154.67,121973.65
14646.0,2011-06-28 08:45:00,10174.94,132148.59
14646.0,2011-06-28 08:50:00,1113.6,133262.19
14646.0,2011-06-28 11:22:00,2739.92,136002.11
14646.0,2011-07-20 12:51:00,26.02,136028.13
14646.0,2011-08-09 13:50:00,12341.21,148369.34
14646.0,2011-08-09 13:51:00,157.5,148526.84
14646.0,2011-08-11 16:12:00,19150.66,167677.5
14646.0,2011-08-12 12:36:00,825.6,168503.1
14646.0,2011-08-23 13:55:00,424.8,168927.9
14646.0,2011-08-26 14:17:00,6429.64,175357.54
14646.0,2011-08-26 14:20:00,998.4,176355.94
14646.0,2011-09-08 11:27:00,1944.6,178300.54
14646.0,2011-09-08 11:28:00,2.08,178302.62
14646.0,2011-09-13 11:47:00,8281.12,186583.74
14646.0,2011-09-19 11:46:00,10267.88,196851.62
14646.0,2011-09-19 11:54:00,5350.4,202202.02
14646.0,2011-09-22 11:44:00,904.62,203106.64
14646.0,2011-10-06 09:10:00,788.16,203894.8
14646.0,2011-10-06 09:11:00,23.39,203918.19
14646.0,2011-10-06 10:34:00,30.0,203948.19
14646.0,2011-10-20 12:03:00,20277.92,224226.11
14646.0,2011-10-20 12:24:00,4311.48,228537.59
14646.0,2011-10-20 12:26:00,1244.16,229781.75
14646.0,2011-10-21 08:40:00,2314.48,232096.23
14646.0,2011-10-21 14:41:00,930.12,233026.35
14646.0,2011-10-21 14:42:00,81.02,233107.37
14646.0,2011-10-27 12:09:00,4534.22,237641.59
14646.0,2011-10-27 12:11:00,4992.0,242633.59
14646.0,2011-10-27 12:12:00,469.0,243102.59
14646.0,2011-11-02 14:09:00,3949.66,247052.25
14646.0,2011-11-02 14:10:00,449.28,247501.53
14646.0,2011-11-02 14:13:00,87.97,247589.5
14646.0,2011-11-10 10:32:00,8111.2,255700.7
14646.0,2011-11-10 10:33:00,1549.12,257249.82
14646.0,2011-11-10 17:27:00,162.8,257412.62
14646.0,2011-11-16 11:41:00,232.5,257645.12
14646.0,2011-11-18 14:08:00,166.0,257811.12
14646.0,2011-11-22 13:47:00,588.24,258399.36
14646.0,2011-11-23 10:58:00,7952.68,266352.04
14646.0,2011-11-23 11:04:00,290.0,266642.04
14646.0,2011-11-23 11:06:00,1835.96,268478.0
14646.0,2011-12-07 15:16:00,10901.54,279379.54
14646.0,2011-12-07 15:19:00,575.88,279955.42
14646.0,2011-12-08 12:12:00,250.6,280206.02
14647.0,2011-05-22 13:40:00,243.22,243.22
14649.0,2011-05-11 14:37:00,401.77,401.77
14649.0,2011-05-11 14:42:00,182.45,584.22
14649.0,2011-09-28 15:42:00,319.08,903.3
14649.0,2011-12-05 12:30:00,513.99,1417.29
14651.0,2011-05-12 16:29:00,416.32,416.32
14651.0,2011-10-03 15:52:00,238.28,654.6
14652.0,2011-09-23 14:21:00,114.18,114.18
14653.0,2011-01-05 13:40:00,212.15,212.15
14653.0,2011-01-05 13:41:00,132.66,344.81
14653.0,2011-10-03 14:59:00,350.09,694.9
14653.0,2011-10-30 13:51:00,413.53,1108.43
14653.0,2011-11-07 13:18:00,131.79,1240.22
14653.0,2011-11-30 10:12:00,287.64,1527.86
14653.0,2011-11-30 10:14:00,16.66,1544.52
14653.0,2011-12-08 13:45:00,403.03,1947.55
14655.0,2011-05-01 14:59:00,810.56,810.56
14655.0,2011-09-30 08:14:00,400.61,1211.17
14655.0,2011-11-17 10:24:00,358.15,1569.32
14655.0,2011-12-01 16:28:00,362.91,1932.23
14656.0,2011-03-01 13:19:00,133.11,133.11
14656.0,2011-06-23 13:51:00,157.94,291.05
14657.0,2011-01-17 15:19:00,416.08,416.08
14657.0,2011-03-02 16:17:00,108.32,524.4
14657.0,2011-07-07 19:54:00,114.54,638.94
14657.0,2011-11-22 12:47:00,209.28,848.22
14658.0,2011-08-14 15:42:00,123.14,123.14
14658.0,2011-12-04 15:35:00,124.01,247.15
14659.0,2011-01-28 12:43:00,593.17,593.17
14659.0,2011-02-15 12:05:00,181.8,774.97
14659.0,2011-03-21 11:36:00,227.92,1002.89
14659.0,2011-05-06 11:55:00,162.24,1165.13
14659.0,2011-06-05 15:19:00,216.63,1381.76
14659.0,2011-07-17 12:31:00,259.79,1641.55
14659.0,2011-09-22 12:45:00,426.43,2067.98
14659.0,2011-11-04 10:46:00,312.55,2380.53
14659.0,2011-12-01 12:17:00,149.4,2529.93
14660.0,2011-08-31 10:40:00,128.95,128.95
14660.0,2011-09-14 11:34:00,156.79,285.74
14661.0,2011-11-13 11:51:00,107.95,107.95
14662.0,2011-01-27 17:41:00,101.05,101.05
14662.0,2011-03-09 12:21:00,268.51,369.56
14662.0,2011-04-19 12:26:00,155.3,524.86
14662.0,2011-11-11 12:13:00,246.31,771.17
14664.0,2011-11-06 14:56:00,389.04,389.04
14664.0,2011-11-20 10:59:00,248.85,637.89
14665.0,2011-02-02 09:08:00,394.4,394.4
14665.0,2011-02-16 10:32:00,255.66,650.06
14665.0,2011-02-16 10:34:00,81.6,731.66
14665.0,2011-09-11 11:26:00,544.52,1276.18
14665.0,2011-10-10 09:14:00,559.52,1835.7
14666.0,2011-11-15 12:57:00,195.25,195.25
14667.0,2010-12-06 13:13:00,511.56,511.56
14667.0,2010-12-09 14:19:00,686.15,1197.71
14667.0,2010-12-10 11:19:00,274.73,1472.44
14667.0,2010-12-10 13:27:00,213.26,1685.7
14667.0,2010-12-14 10:34:00,312.4,1998.1
14667.0,2011-01-17 13:25:00,305.81,2303.91
14667.0,2011-02-20 13:46:00,333.6,2637.51
14667.0,2011-03-10 12:11:00,144.9,2782.41
14667.0,2011-04-07 11:30:00,388.77,3171.18
14667.0,2011-05-01 12:37:00,439.85,3611.03
14667.0,2011-05-09 13:03:00,342.78,3953.81
14667.0,2011-06-13 13:32:00,480.98,4434.79
14667.0,2011-06-20 16:58:00,173.42,4608.21
14667.0,2011-06-21 11:33:00,202.62,4810.83
14667.0,2011-07-18 13:00:00,179.41,4990.24
14667.0,2011-08-04 16:36:00,249.13,5239.37
14667.0,2011-08-18 13:46:00,248.85,5488.22
14667.0,2011-09-06 12:30:00,582.8,6071.02
14667.0,2011-09-26 13:57:00,1069.29,7140.31
14667.0,2011-11-01 14:51:00,740.64,7880.95
14667.0,2011-11-08 14:48:00,159.38,8040.33
14667.0,2011-11-08 14:49:00,97.7,8138.03
14667.0,2011-11-14 14:40:00,260.7,8398.73
14667.0,2011-11-18 14:23:00,467.57,8866.3
14667.0,2011-11-29 11:30:00,374.9,9241.2
14669.0,2011-01-11 12:30:00,426.9,426.9
14669.0,2011-01-11 12:41:00,415.55,842.45
14669.0,2011-04-12 11:43:00,427.54,1269.99
14670.0,2011-03-04 13:58:00,99.59,99.59
14670.0,2011-03-04 14:13:00,311.94,411.53
14672.0,2011-01-07 15:48:00,285.28,285.28
14672.0,2011-04-19 10:19:00,480.27,765.55
14673.0,2010-12-07 12:49:00,373.49,373.49
14673.0,2011-11-02 12:15:00,304.68,678.17
14673.0,2011-11-16 17:10:00,389.13,1067.3
14673.0,2011-11-30 12:36:00,302.33,1369.63
14673.0,2011-12-06 14:31:00,366.77,1736.4
14675.0,2011-11-23 12:58:00,604.75,604.75
14676.0,2011-03-01 14:26:00,556.32,556.32
14676.0,2011-05-13 16:57:00,223.44,779.76
14676.0,2011-05-16 15:28:00,368.76,1148.52
14676.0,2011-07-15 11:50:00,542.4,1690.92
14676.0,2011-09-22 09:52:00,480.04,2170.96
14676.0,2011-11-08 13:29:00,377.28,2548.24
14680.0,2010-12-03 12:05:00,1680.88,1680.88
14680.0,2010-12-14 13:19:00,1194.52,2875.4
14680.0,2011-01-06 12:16:00,1520.11,4395.51
14680.0,2011-01-25 12:31:00,1081.3,5476.81
14680.0,2011-02-18 11:54:00,2807.31,8284.12
14680.0,2011-03-29 13:48:00,2106.46,10390.58
14680.0,2011-04-01 13:01:00,72.0,10462.58
14680.0,2011-05-10 12:11:00,2944.7,13407.28
14680.0,2011-05-25 12:06:00,1126.6,14533.88
14680.0,2011-06-14 10:49:00,976.25,15510.13
14680.0,2011-07-08 13:26:00,3609.8,19119.93
14680.0,2011-07-27 13:18:00,2688.27,21808.2
14680.0,2011-08-10 10:08:00,2388.2,24196.4
14680.0,2011-09-05 15:49:00,1226.16,25422.56
14680.0,2011-09-29 12:31:00,2163.95,27586.51
14680.0,2011-11-14 16:59:00,1167.6,28754.11
14681.0,2011-05-12 10:45:00,393.95,393.95
14681.0,2011-09-29 13:31:00,60.0,453.95
14681.0,2011-09-29 15:52:00,45.0,498.95
14682.0,2011-05-22 12:51:00,20.8,20.8
14682.0,2011-06-05 12:12:00,31.2,52.0
14684.0,2010-12-12 12:44:00,168.36,168.36
14684.0,2011-05-08 12:58:00,350.9,519.26
14684.0,2011-09-19 11:04:00,129.33,648.59
14684.0,2011-10-30 13:37:00,274.56,923.15
14684.0,2011-11-14 11:33:00,313.13,1236.28
14687.0,2011-08-25 11:59:00,628.38,628.38
14688.0,2010-12-01 09:37:00,444.98,444.98
14688.0,2011-01-18 09:44:00,302.22,747.2
14688.0,2011-01-31 12:21:00,205.6,952.8
14688.0,2011-02-08 11:27:00,213.15,1165.95
14688.0,2011-02-22 11:33:00,325.42,1491.37
14688.0,2011-03-01 12:01:00,210.3,1701.67
14688.0,2011-03-21 11:49:00,164.34,1866.01
14688.0,2011-04-04 12:00:00,375.16,2241.17
14688.0,2011-05-10 12:08:00,340.05,2581.22
14688.0,2011-05-25 11:58:00,206.46,2787.68
14688.0,2011-06-13 10:44:00,143.54,2931.22
14688.0,2011-06-28 11:46:00,173.8,3105.02
14688.0,2011-07-12 11:28:00,207.41,3312.43
14688.0,2011-07-21 10:30:00,116.81,3429.24
14688.0,2011-08-02 13:46:00,423.3,3852.54
14688.0,2011-09-08 12:16:00,355.08,4207.62
14688.0,2011-09-30 11:41:00,234.73,4442.35
14688.0,2011-10-18 12:18:00,283.33,4725.68
14688.0,2011-10-31 08:29:00,245.32,4971.0
14688.0,2011-12-02 12:24:00,567.37,5538.37
14688.0,2011-12-02 12:26:00,92.5,5630.87
14689.0,2011-05-15 11:22:00,112.8,112.8
14690.0,2011-07-11 11:58:00,216.71,216.71
14690.0,2011-10-26 15:39:00,154.99,371.7
14691.0,2011-05-11 09:55:00,439.6,439.6
14691.0,2011-09-04 11:17:00,835.08,1274.68
14691.0,2011-09-29 13:29:00,423.59,1698.27
14691.0,2011-09-29 13:30:00,70.8,1769.07
14691.0,2011-11-09 12:30:00,345.26,2114.33
14692.0,2011-01-21 13:47:00,259.6,259.6
14692.0,2011-02-13 13:15:00,121.25,380.85
14692.0,2011-04-18 15:14:00,99.45,480.3
14692.0,2011-07-25 15:08:00,111.25,591.55
14693.0,2011-03-20 12:50:00,172.9,172.9
14696.0,2010-12-01 15:37:00,294.62,294.62
14696.0,2011-01-18 12:09:00,293.63,588.25
14696.0,2011-04-11 13:43:00,284.35,872.6
14696.0,2011-06-05 13:32:00,298.79,1171.39
14696.0,2011-08-12 12:37:00,287.15,1458.54
14696.0,2011-09-29 15:04:00,319.87,1778.41
14696.0,2011-12-05 13:43:00,300.54,2078.95
14697.0,2011-05-05 15:29:00,89.4,89.4
14697.0,2011-05-05 15:39:00,99.21,188.61
14698.0,2011-10-19 12:54:00,498.04,498.04
14698.0,2011-10-23 12:16:00,119.73,617.77
14698.0,2011-11-13 14:20:00,339.18,956.95
14698.0,2011-11-24 11:10:00,136.65,1093.6
14698.0,2011-12-08 12:26:00,157.16,1250.76
14699.0,2011-05-09 14:54:00,109.13,109.13
14700.0,2011-04-15 13:16:00,721.55,721.55
14700.0,2011-06-03 11:59:00,836.05,1557.6
14700.0,2011-11-07 14:40:00,677.7,2235.3
14701.0,2011-01-27 12:40:00,396.45,396.45
14701.0,2011-02-15 11:40:00,257.97,654.42
14701.0,2011-03-06 11:39:00,253.79,908.21
14701.0,2011-03-18 11:13:00,567.44,1475.65
14701.0,2011-04-06 15:02:00,275.1,1750.75
14701.0,2011-06-20 11:33:00,97.95,1848.7
14701.0,2011-06-20 11:36:00,109.58,1958.28
14701.0,2011-11-29 12:34:00,584.14,2542.42
14701.0,2011-11-29 12:38:00,6.95,2549.37
14702.0,2010-12-09 19:23:00,318.7,318.7
14702.0,2011-01-06 18:24:00,237.65,556.35
14702.0,2011-01-09 14:11:00,221.7,778.05
14702.0,2011-01-27 19:33:00,181.35,959.4
14702.0,2011-02-17 19:21:00,101.25,1060.65
14702.0,2011-03-03 19:18:00,161.5,1222.15
14702.0,2011-06-30 19:58:00,165.5,1387.65
14702.0,2011-07-07 19:18:00,109.9,1497.55
14702.0,2011-08-15 11:30:00,190.15,1687.7
14702.0,2011-09-22 19:33:00,216.09,1903.79
14702.0,2011-10-06 19:27:00,130.22,2034.01
14702.0,2011-10-16 12:30:00,360.41,2394.42
14702.0,2011-10-31 13:03:00,281.78,2676.2
14702.0,2011-11-07 11:59:00,156.96,2833.16
14702.0,2011-11-21 11:50:00,129.4,2962.56
14702.0,2011-12-01 19:33:00,130.29,3092.85
14702.0,2011-12-08 19:29:00,199.29,3292.14
14703.0,2011-11-25 09:23:00,318.17,318.17
14704.0,2011-06-12 13:59:00,110.12,110.12
14704.0,2011-07-20 12:01:00,111.04,221.16
14704.0,2011-09-19 13:27:00,165.32,386.48
14704.0,2011-10-19 13:58:00,615.07,1001.55
14704.0,2011-10-23 16:19:00,118.31,1119.86
14704.0,2011-10-31 14:48:00,15.0,1134.86
14704.0,2011-11-17 12:47:00,159.65,1294.51
14704.0,2011-11-20 12:20:00,237.4,1531.91
14704.0,2011-11-28 12:51:00,15.0,1546.91
14705.0,2011-05-25 12:39:00,179.0,179.0
14708.0,2010-12-06 12:23:00,419.06,419.06
14708.0,2011-07-08 16:08:00,282.12,701.18
14708.0,2011-12-07 08:21:00,425.19,1126.37
14709.0,2010-12-16 13:43:00,314.1,314.1
14709.0,2011-01-27 12:19:00,407.95,722.05
14709.0,2011-03-08 09:26:00,461.25,1183.3
14709.0,2011-05-08 11:49:00,426.84,1610.14
14709.0,2011-06-05 11:40:00,332.9,1943.04
14709.0,2011-07-13 09:58:00,416.9,2359.94
14709.0,2011-08-01 14:57:00,457.6,2817.54
14709.0,2011-08-19 15:29:00,546.9,3364.44
14709.0,2011-09-07 12:21:00,588.3,3952.74
14709.0,2011-09-29 16:41:00,311.3,4264.04
14709.0,2011-11-09 08:21:00,312.0,4576.04
14709.0,2011-11-09 08:24:00,33.0,4609.04
14709.0,2011-11-24 15:41:00,312.0,4921.04
14710.0,2011-10-11 13:49:00,172.91,172.91
14710.0,2011-10-30 13:09:00,146.32,319.23
14710.0,2011-11-20 12:42:00,232.09,551.32
14710.0,2011-11-25 14:53:00,54.81,606.13
14711.0,2011-03-22 13:32:00,200.52,200.52
14711.0,2011-04-04 12:42:00,215.01,415.53
14711.0,2011-04-21 12:00:00,526.5,942.03
14711.0,2011-05-03 16:49:00,288.75,1230.78
14711.0,2011-05-22 14:04:00,213.06,1443.84
14711.0,2011-06-07 13:10:00,160.15,1603.99
14711.0,2011-06-30 17:40:00,311.86,1915.85
14711.0,2011-08-22 15:42:00,148.57,2064.42
14711.0,2011-09-09 13:42:00,301.0,2365.42
14711.0,2011-11-15 13:19:00,263.67,2629.09
14711.0,2011-11-29 14:58:00,239.71,2868.8
14712.0,2011-08-19 13:33:00,115.72,115.72
14712.0,2011-09-25 14:58:00,305.75,421.47
14712.0,2011-11-10 12:59:00,495.6,917.07
14713.0,2010-12-09 18:58:00,298.95,298.95
14713.0,2010-12-16 19:22:00,126.9,425.85
14713.0,2011-01-20 19:16:00,222.24,648.09
14713.0,2011-03-10 11:52:00,124.95,773.04
14713.0,2011-03-17 10:26:00,136.57,909.61
14713.0,2011-05-05 17:26:00,292.42,1202.03
14713.0,2011-06-06 15:24:00,247.61,1449.64
14713.0,2011-08-04 18:44:00,372.24,1821.88
14713.0,2011-09-01 19:11:00,207.73,2029.61
14713.0,2011-11-10 17:13:00,365.0,2394.61
14713.0,2011-11-30 16:26:00,271.75,2666.36
14714.0,2011-11-15 13:07:00,160.19,160.19
14715.0,2011-01-12 13:27:00,137.95,137.95
14715.0,2011-02-14 13:19:00,109.5,247.45
14715.0,2011-09-06 12:02:00,347.3,594.75
14715.0,2011-11-15 12:10:00,272.63,867.38
14716.0,2011-07-14 12:42:00,188.56,188.56
14716.0,2011-10-27 17:29:00,141.12,329.68
14719.0,2011-04-04 14:17:00,223.46,223.46
14719.0,2011-06-13 12:52:00,264.66,488.12
14719.0,2011-10-10 12:34:00,317.22,805.34
14719.0,2011-11-29 12:52:00,390.37,1195.71
14719.0,2011-12-08 12:43:00,406.42,1602.13
14720.0,2011-08-05 12:06:00,155.8,155.8
14720.0,2011-09-11 13:56:00,245.33,401.13
14720.0,2011-12-04 12:02:00,262.68,663.81
14722.0,2011-07-15 14:58:00,187.92,187.92
14723.0,2010-12-03 14:18:00,149.8,149.8
14723.0,2010-12-03 14:26:00,101.14,250.94
14723.0,2010-12-16 19:19:00,220.06,471.0
14723.0,2011-10-30 15:13:00,196.78,667.78
14723.0,2011-11-03 15:09:00,168.45,836.23
14723.0,2011-11-29 15:23:00,322.07,1158.3
14725.0,2011-11-15 12:42:00,718.08,718.08
14727.0,2011-03-10 14:45:00,268.58,268.58
14729.0,2010-12-01 12:43:00,313.49,313.49
14730.0,2011-03-08 12:49:00,277.17,277.17
14730.0,2011-03-28 12:52:00,116.41,393.58
14730.0,2011-04-21 10:51:00,162.02,555.6
14730.0,2011-06-14 12:24:00,211.47,767.07
14730.0,2011-08-24 13:07:00,137.14,904.21
14730.0,2011-10-05 13:47:00,855.92,1760.13
14730.0,2011-12-08 14:39:00,244.93,2005.06
14731.0,2011-05-11 13:06:00,127.66,127.66
14731.0,2011-05-18 11:02:00,123.36,251.02
14731.0,2011-10-23 15:54:00,129.0,380.02
14732.0,2011-01-04 14:40:00,203.1,203.1
14732.0,2011-03-01 11:55:00,470.88,673.98
14732.0,2011-05-03 09:05:00,306.5,980.48
14732.0,2011-06-06 12:04:00,302.72,1283.2
14732.0,2011-07-19 09:31:00,335.1,1618.3
14732.0,2011-09-12 15:29:00,308.89,1927.19
14732.0,2011-11-09 10:32:00,311.19,2238.38
14732.0,2011-12-01 14:34:00,464.11,2702.49
14733.0,2010-12-07 11:30:00,1830.02,1830.02
14733.0,2010-12-13 15:46:00,1695.12,3525.14
14733.0,2010-12-20 13:21:00,832.08,4357.22
14733.0,2011-01-11 14:50:00,1578.31,5935.53
14733.0,2011-01-26 16:41:00,511.69,6447.22
14733.0,2011-02-10 10:17:00,493.5,6940.72
14733.0,2011-03-14 12:58:00,619.6,7560.32
14733.0,2011-05-19 14:56:00,347.26,7907.58
14733.0,2011-06-22 13:14:00,441.48,8349.06
14733.0,2011-07-18 12:42:00,378.16,8727.22
14733.0,2011-08-21 11:57:00,316.98,9044.2
14733.0,2011-11-23 15:39:00,541.71,9585.91
14735.0,2010-12-16 16:05:00,252.2,252.2
14735.0,2011-01-20 13:01:00,398.6,650.8
14735.0,2011-01-20 13:02:00,255.6,906.4
14735.0,2011-02-02 16:15:00,110.45,1016.85
14735.0,2011-03-15 15:31:00,236.1,1252.95
14735.0,2011-03-15 15:33:00,218.1,1471.05
14735.0,2011-03-22 16:32:00,70.8,1541.85
14735.0,2011-04-21 14:06:00,19.5,1561.35
14735.0,2011-04-21 14:07:00,110.1,1671.45
14735.0,2011-04-28 14:56:00,142.52,1813.97
14735.0,2011-05-19 08:29:00,92.1,1906.07
14735.0,2011-05-19 08:31:00,147.54,2053.61
14735.0,2011-05-19 08:32:00,36.0,2089.61
14735.0,2011-05-19 08:33:00,60.0,2149.61
14735.0,2011-05-27 12:47:00,316.1,2465.71
14735.0,2011-05-27 12:48:00,89.7,2555.41
14735.0,2011-06-16 12:11:00,331.0,2886.41
14735.0,2011-07-29 11:23:00,295.02,3181.43
14735.0,2011-07-29 11:25:00,177.6,3359.03
14735.0,2011-07-29 11:27:00,15.0,3374.03
14735.0,2011-08-21 13:48:00,122.28,3496.31
14735.0,2011-09-01 16:45:00,99.4,3595.71
14735.0,2011-09-15 12:53:00,15.0,3610.71
14735.0,2011-09-19 11:33:00,736.54,4347.25
14735.0,2011-11-14 11:24:00,93.5,4440.75
14735.0,2011-11-14 11:25:00,276.3,4717.05
14735.0,2011-11-17 08:41:00,181.6,4898.65
14735.0,2011-11-23 13:53:00,446.58,5345.23
14735.0,2011-11-28 12:32:00,163.02,5508.25
14735.0,2011-12-06 12:09:00,557.44,6065.69
14737.0,2010-12-21 13:49:00,434.0,434.0
14737.0,2011-08-03 10:04:00,647.75,1081.75
14737.0,2011-12-06 10:16:00,82.8,1164.55
14738.0,2011-01-27 14:10:00,204.77,204.77
14738.0,2011-04-12 13:55:00,162.7,367.47
14738.0,2011-05-12 13:41:00,140.82,508.29
14738.0,2011-05-24 17:18:00,17.4,525.69
14738.0,2011-07-29 10:34:00,231.96,757.65
14738.0,2011-10-06 15:46:00,326.81,1084.46
14738.0,2011-10-28 08:56:00,229.99,1314.45
14739.0,2010-12-07 14:58:00,713.88,713.88
14739.0,2011-01-05 13:29:00,229.56,943.44
14739.0,2011-05-04 11:58:00,364.18,1307.62
14739.0,2011-09-06 14:09:00,939.96,2247.58
14739.0,2011-10-05 09:55:00,609.78,2857.36
14739.0,2011-11-20 10:37:00,509.96,3367.32
14739.0,2011-12-05 16:54:00,534.96,3902.28
14740.0,2011-03-01 08:35:00,521.1,521.1
14740.0,2011-04-28 10:03:00,371.4,892.5
14740.0,2011-05-26 18:17:00,555.71,1448.21
14741.0,2010-12-02 08:43:00,184.5,184.5
14741.0,2010-12-13 11:44:00,310.8,495.3
14741.0,2011-06-28 14:20:00,173.56,668.86
14741.0,2011-08-18 13:16:00,196.1,864.96
14741.0,2011-10-16 16:12:00,303.43,1168.39
14741.0,2011-11-28 08:48:00,231.95,1400.34
14744.0,2010-12-08 10:21:00,225.0,225.0
14744.0,2011-01-24 09:28:00,163.5,388.5
14744.0,2011-01-31 13:27:00,327.98,716.48
14744.0,2011-01-31 15:37:00,0.55,717.03
14744.0,2011-02-15 11:33:00,211.0,928.03
14744.0,2011-10-11 09:24:00,83.75,1011.78
14744.0,2011-11-23 12:51:00,88.2,1099.98
14745.0,2011-02-27 15:25:00,240.6,240.6
14745.0,2011-06-08 08:26:00,341.07,581.67
14745.0,2011-07-21 14:40:00,20.8,602.47
14745.0,2011-07-21 14:41:00,338.03,940.5
14745.0,2011-08-19 10:05:00,279.76,1220.26
14747.0,2011-04-04 14:09:00,328.2,328.2
14748.0,2010-12-06 10:19:00,412.22,412.22
14748.0,2010-12-06 10:24:00,58.2,470.42
14748.0,2011-05-11 15:16:00,300.71,771.13
14748.0,2011-08-08 12:28:00,347.64,1118.77
14748.0,2011-11-10 18:33:00,296.98,1415.75
14752.0,2011-10-27 11:55:00,389.64,389.64
14753.0,2011-09-13 14:50:00,563.15,563.15
14754.0,2011-02-17 12:21:00,228.27,228.27
14754.0,2011-10-26 12:01:00,409.78,638.05
14755.0,2011-01-09 14:02:00,488.46,488.46
14755.0,2011-02-16 13:14:00,506.02,994.48
14755.0,2011-03-28 08:40:00,307.76,1302.24
14755.0,2011-05-16 12:59:00,560.27,1862.51
14755.0,2011-06-16 15:28:00,376.77,2239.28
14755.0,2011-07-20 15:44:00,312.9,2552.18
14755.0,2011-08-19 12:49:00,315.5,2867.68
14755.0,2011-09-27 12:08:00,304.3,3171.98
14755.0,2011-10-30 13:39:00,443.21,3615.19
14755.0,2011-11-14 17:11:00,657.29,4272.48
14755.0,2011-11-30 11:24:00,737.8,5010.28
14756.0,2011-11-24 18:13:00,738.96,738.96
14757.0,2011-09-25 14:36:00,420.5,420.5
14758.0,2011-03-25 12:10:00,654.75,654.75
14758.0,2011-04-28 15:26:00,327.72,982.47
14758.0,2011-05-18 12:07:00,224.47,1206.94
14758.0,2011-07-18 08:21:00,277.12,1484.06
14759.0,2011-04-21 10:55:00,572.25,572.25
14759.0,2011-08-19 08:57:00,298.6,870.85
14759.0,2011-12-05 12:03:00,755.12,1625.97
14760.0,2011-02-15 16:27:00,89.2,89.2
14761.0,2011-01-09 12:03:00,97.5,97.5
14761.0,2011-10-12 12:10:00,158.4,255.9
14762.0,2011-03-21 08:20:00,300.52,300.52
14764.0,2011-10-24 11:54:00,278.3,278.3
14765.0,2011-06-16 19:49:00,80.5,80.5
14765.0,2011-08-19 15:06:00,15.0,95.5
14765.0,2011-11-10 19:53:00,158.61,254.11
14766.0,2010-12-08 15:33:00,180.4,180.4
14766.0,2011-03-28 13:28:00,628.66,809.06
14766.0,2011-05-10 11:33:00,357.15,1166.21
14766.0,2011-06-24 15:00:00,365.11,1531.32
14766.0,2011-09-20 09:45:00,519.53,2050.85
14766.0,2011-12-01 16:05:00,422.52,2473.37
14768.0,2011-08-04 13:25:00,133.2,133.2
14768.0,2011-11-22 12:54:00,59.4,192.6
14769.0,2010-12-17 11:40:00,347.01,347.01
14769.0,2011-01-19 10:56:00,523.98,870.99
14769.0,2011-03-20 13:33:00,2449.79,3320.78
14769.0,2011-05-22 13:01:00,2516.57,5837.35
14769.0,2011-07-21 10:10:00,337.93,6175.28
14769.0,2011-08-23 15:34:00,312.66,6487.94
14769.0,2011-09-18 15:32:00,3449.3,9937.24
14769.0,2011-09-18 15:33:00,395.54,10332.78
14769.0,2011-12-07 10:24:00,341.97,10674.75
14770.0,2011-01-20 15:00:00,278.6,278.6
14770.0,2011-04-21 14:21:00,597.82,876.42
14772.0,2011-08-19 15:04:00,139.26,139.26
14775.0,2010-12-02 16:38:00,406.56,406.56
14775.0,2011-07-25 12:12:00,294.9,701.46
14775.0,2011-10-12 15:27:00,310.44,1011.9
14776.0,2011-01-31 13:17:00,558.36,558.36
14776.0,2011-04-20 12:32:00,301.68,860.04
14776.0,2011-05-05 18:36:00,214.56,1074.6
14776.0,2011-06-17 12:39:00,323.28,1397.88
14776.0,2011-06-17 12:40:00,58.08,1455.96
14776.0,2011-06-21 11:07:00,13.2,1469.16
14776.0,2011-07-18 17:10:00,201.96,1671.12
14776.0,2011-08-26 14:23:00,191.1,1862.22
14776.0,2011-10-18 14:44:00,330.24,2192.46
14776.0,2011-10-19 15:33:00,330.24,2522.7
14776.0,2011-10-19 15:34:00,15.6,2538.3
14778.0,2011-02-04 11:43:00,334.05,334.05
14778.0,2011-08-04 15:23:00,396.81,730.86
14779.0,2011-01-20 12:04:00,262.55,262.55
14779.0,2011-01-21 12:40:00,85.6,348.15
14779.0,2011-03-04 12:42:00,38.0,386.15
14780.0,2011-09-21 15:15:00,332.8,332.8
14780.0,2011-10-16 12:46:00,114.88,447.68
14782.0,2011-01-24 11:12:00,200.1,200.1
14784.0,2011-01-20 09:25:00,114.68,114.68
14784.0,2011-11-13 13:30:00,175.31,289.99
14785.0,2011-11-24 13:40:00,39.48,39.48
14785.0,2011-11-29 13:21:00,37.92,77.4
14788.0,2011-11-13 15:52:00,368.45,368.45
14788.0,2011-12-02 17:06:00,310.99,679.44
14789.0,2011-11-11 08:59:00,197.64,197.64
14790.0,2011-03-31 11:49:00,152.16,152.16
14790.0,2011-08-12 12:15:00,211.88,364.04
14790.0,2011-11-11 12:11:00,216.74,580.78
14790.0,2011-11-23 09:28:00,164.28,745.06
14792.0,2011-10-07 09:19:00,6.2,6.2
14793.0,2011-11-18 14:50:00,228.99,228.99
14794.0,2011-01-09 16:11:00,179.1,179.1
14794.0,2011-03-23 15:40:00,283.03,462.13
14794.0,2011-03-31 09:36:00,16.95,479.08
14794.0,2011-05-20 11:53:00,200.46,679.54
14794.0,2011-11-09 11:10:00,147.15,826.69
14794.0,2011-11-30 09:00:00,288.36,1115.05
14794.0,2011-12-07 10:11:00,204.86,1319.91
14795.0,2011-06-26 13:04:00,131.45,131.45
14796.0,2010-12-08 10:40:00,671.21,671.21
14796.0,2010-12-13 10:31:00,357.61,1028.82
14796.0,2011-01-24 09:52:00,293.74,1322.56
14796.0,2011-02-11 10:26:00,354.11,1676.67
14796.0,2011-02-21 09:58:00,328.88,2005.55
14796.0,2011-03-04 09:46:00,282.74,2288.29
14796.0,2011-03-25 11:01:00,349.51,2637.8
14796.0,2011-04-15 10:09:00,425.93,3063.73
14796.0,2011-05-06 10:10:00,415.02,3478.75
14796.0,2011-06-20 14:36:00,539.81,4018.56
14796.0,2011-07-11 14:04:00,550.4,4568.96
14796.0,2011-07-25 13:57:00,564.03,5132.99
14796.0,2011-08-24 10:45:00,624.43,5757.42
14796.0,2011-09-06 10:42:00,835.95,6593.37
14796.0,2011-10-14 11:08:00,600.11,7193.48
14796.0,2011-11-17 13:30:00,401.78,7595.26
14796.0,2011-12-08 15:31:00,427.23,8022.49
14798.0,2011-02-02 15:26:00,75.68,75.68
14798.0,2011-07-18 14:40:00,21.72,97.4
14798.0,2011-10-18 10:58:00,76.34,173.74
14799.0,2011-10-19 16:16:00,157.7,157.7
14800.0,2010-12-05 11:10:00,555.84,555.84
14800.0,2010-12-12 10:48:00,664.01,1219.85
14800.0,2011-01-09 11:27:00,537.99,1757.84
14800.0,2011-03-13 10:48:00,629.25,2387.09
14800.0,2011-05-01 11:10:00,800.01,3187.1
14800.0,2011-05-03 12:03:00,8.5,3195.6
14800.0,2011-06-01 14:12:00,198.46,3394.06
14800.0,2011-07-24 10:24:00,282.66,3676.72
14800.0,2011-08-22 12:26:00,163.72,3840.44
14800.0,2011-09-25 12:45:00,107.06,3947.5
14800.0,2011-10-11 11:02:00,0.38,3947.88
14800.0,2011-10-23 12:46:00,391.86,4339.74
14801.0,2011-10-09 15:24:00,193.14,193.14
14803.0,2011-02-20 13:21:00,542.15,542.15
14803.0,2011-03-09 12:12:00,188.64,730.79
14803.0,2011-06-30 13:58:00,114.76,845.55
14804.0,2011-12-01 11:20:00,353.27,353.27
14805.0,2011-01-30 10:43:00,109.25,109.25
14805.0,2011-10-17 14:28:00,144.65,253.9
14805.0,2011-11-20 10:51:00,110.95,364.85
14805.0,2011-11-24 16:20:00,189.8,554.65
14806.0,2011-09-25 15:32:00,193.39,193.39
14808.0,2011-06-20 12:53:00,679.62,679.62
14808.0,2011-06-26 12:51:00,79.9,759.52
14808.0,2011-06-26 12:54:00,172.89,932.41
14808.0,2011-07-10 12:03:00,430.05,1362.46
14808.0,2011-07-10 12:07:00,13.01,1375.47
14808.0,2011-07-18 13:33:00,470.84,1846.31
14808.0,2011-09-26 11:19:00,360.67,2206.98
14808.0,2011-10-31 12:21:00,534.19,2741.17
14810.0,2010-12-05 12:08:00,180.44,180.44
14810.0,2011-01-09 11:20:00,146.55,326.99
14810.0,2011-02-06 11:11:00,136.65,463.64
14810.0,2011-02-27 11:48:00,180.65,644.29
14810.0,2011-03-13 11:18:00,129.46,773.75
14810.0,2011-03-30 13:26:00,136.99,910.74
14810.0,2011-04-13 14:54:00,171.06,1081.8
14810.0,2011-05-25 11:59:00,196.9,1278.7
14810.0,2011-07-17 11:08:00,238.4,1517.1
14810.0,2011-08-28 11:02:00,352.23,1869.33
14810.0,2011-10-30 11:19:00,218.55,2087.88
14813.0,2010-12-05 11:54:00,127.98,127.98
14813.0,2010-12-05 11:57:00,27.45,155.43
14815.0,2011-10-03 11:36:00,551.58,551.58
14815.0,2011-11-03 11:36:00,226.92,778.5
14816.0,2011-05-26 13:16:00,271.85,271.85
14817.0,2011-03-07 13:51:00,580.79,580.79
14817.0,2011-05-23 13:35:00,529.55,1110.34
14818.0,2011-03-31 12:28:00,118.25,118.25
14818.0,2011-06-23 14:13:00,291.38,409.63
14818.0,2011-09-27 11:01:00,248.17,657.8
14819.0,2011-05-31 13:50:00,84.72,84.72
14819.0,2011-10-06 13:41:00,187.35,272.07
14820.0,2011-06-19 14:56:00,139.77,139.77
14820.0,2011-09-25 13:24:00,102.42,242.19
14820.0,2011-11-06 10:49:00,139.1,381.29
14820.0,2011-11-18 15:41:00,126.0,507.29
14821.0,2010-12-08 08:43:00,48.8,48.8
14823.0,2011-05-29 12:48:00,68.65,68.65
14823.0,2011-05-29 14:03:00,142.0,210.65
14823.0,2011-06-12 13:12:00,110.78,321.43
14824.0,2011-09-09 14:12:00,441.91,441.91
14824.0,2011-09-27 15:16:00,313.6,755.51
14824.0,2011-11-06 15:08:00,55.5,811.01
14824.0,2011-11-29 14:20:00,316.7,1127.71
14825.0,2010-12-06 12:30:00,184.1,184.1
14825.0,2010-12-16 10:43:00,212.33,396.43
14825.0,2011-02-15 15:04:00,241.34,637.77
14825.0,2011-03-09 10:00:00,247.4,885.17
14825.0,2011-05-19 16:56:00,140.7,1025.87
14825.0,2011-06-23 17:53:00,181.45,1207.32
14825.0,2011-08-04 11:16:00,132.05,1339.37
14825.0,2011-09-11 14:49:00,160.2,1499.57
14825.0,2011-10-07 15:38:00,151.24,1650.81
14825.0,2011-11-16 16:06:00,290.81,1941.62
14825.0,2011-11-24 10:07:00,184.2,2125.82
14825.0,2011-12-06 11:38:00,101.09,2226.91
14828.0,2011-01-07 09:50:00,582.0,582.0
14828.0,2011-03-30 15:31:00,493.92,1075.92
14828.0,2011-05-27 10:16:00,1063.84,2139.76
14829.0,2010-12-02 16:12:00,236.97,236.97
14829.0,2010-12-14 09:50:00,148.36,385.33
14829.0,2011-06-08 14:29:00,146.3,531.63
14829.0,2011-11-10 16:16:00,165.92,697.55
14830.0,2011-10-17 14:29:00,197.13,197.13
14834.0,2011-04-13 15:00:00,243.69,243.69
14834.0,2011-08-11 14:36:00,185.61,429.3
14834.0,2011-09-29 10:49:00,421.9,851.2
14834.0,2011-10-12 13:30:00,343.94,1195.14
14834.0,2011-11-17 11:09:00,311.44,1506.58
14834.0,2011-11-22 10:30:00,213.72,1720.3
14836.0,2011-11-09 13:26:00,76.05,76.05
14836.0,2011-11-11 16:05:00,3.0,79.05
14836.0,2011-11-29 16:45:00,23.4,102.45
14837.0,2011-05-22 12:49:00,492.26,492.26
14837.0,2011-06-26 11:47:00,465.18,957.44
14837.0,2011-08-26 13:00:00,388.12,1345.56
14837.0,2011-09-11 10:58:00,303.94,1649.5
14840.0,2011-03-17 12:00:00,62.85,62.85
14841.0,2010-12-16 10:28:00,395.16,395.16
14841.0,2011-02-24 10:50:00,596.79,991.95
14841.0,2011-03-10 13:28:00,789.9,1781.85
14841.0,2011-06-13 14:55:00,593.72,2375.57
14841.0,2011-10-11 09:41:00,379.79,2755.36
14841.0,2011-10-17 15:03:00,540.4,3295.76
14842.0,2011-02-04 15:32:00,310.0,310.0
14842.0,2011-06-01 08:38:00,1378.48,1688.48
14842.0,2011-09-05 14:30:00,213.04,1901.52
14842.0,2011-10-27 12:37:00,923.17,2824.69
14844.0,2011-04-12 13:10:00,874.55,874.55
14844.0,2011-06-16 09:28:00,668.8,1543.35
14844.0,2011-08-08 13:34:00,714.33,2257.68
14844.0,2011-10-07 10:41:00,932.13,3189.81
14847.0,2011-07-14 10:52:00,309.4,309.4
14849.0,2010-12-01 12:22:00,312.94,312.94
14849.0,2010-12-01 12:23:00,42.9,355.84
14849.0,2010-12-16 11:35:00,211.05,566.89
14849.0,2011-01-25 12:35:00,459.84,1026.73
14849.0,2011-02-15 09:49:00,383.6,1410.33
14849.0,2011-02-15 09:50:00,17.7,1428.03
14849.0,2011-04-05 10:07:00,422.34,1850.37
14849.0,2011-05-10 12:51:00,562.54,2412.91
14849.0,2011-06-16 17:04:00,620.58,3033.49
14849.0,2011-06-16 17:05:00,364.16,3397.65
14849.0,2011-07-21 18:27:00,813.89,4211.54
14849.0,2011-08-12 11:07:00,509.08,4720.62
14849.0,2011-08-12 11:09:00,304.63,5025.25
14849.0,2011-09-05 14:56:00,357.34,5382.59
14849.0,2011-09-05 14:57:00,401.94,5784.53
14849.0,2011-10-06 11:24:00,785.35,6569.88
14849.0,2011-11-03 12:43:00,467.86,7037.74
14849.0,2011-11-03 12:46:00,10.08,7047.82
14849.0,2011-11-03 12:47:00,34.8,7082.62
14849.0,2011-11-03 12:49:00,45.0,7127.62
14849.0,2011-11-18 10:57:00,579.86,7707.48
14849.0,2011-11-18 10:58:00,223.06,7930.54
14850.0,2011-02-01 11:21:00,325.75,325.75
14851.0,2011-03-28 14:59:00,206.13,206.13
14851.0,2011-11-16 14:20:00,305.22,511.35
14852.0,2011-04-01 13:22:00,490.4,490.4
14852.0,2011-06-15 08:34:00,153.24,643.64
14852.0,2011-06-15 08:36:00,564.61,1208.25
14852.0,2011-07-22 10:00:00,425.96,1634.21
14852.0,2011-09-04 13:56:00,554.21,2188.42
14852.0,2011-10-12 13:20:00,648.27,2836.69
14853.0,2011-05-12 15:17:00,214.5,214.5
14853.0,2011-11-15 16:56:00,261.3,475.8
14854.0,2011-03-10 12:22:00,462.28,462.28
14854.0,2011-04-01 14:53:00,193.08,655.36
14854.0,2011-04-26 12:29:00,535.97,1191.33
14854.0,2011-06-23 09:53:00,726.85,1918.18
14854.0,2011-06-28 14:58:00,15.0,1933.18
14854.0,2011-07-29 15:40:00,368.45,2301.63
14854.0,2011-09-22 17:00:00,458.2,2759.83
14855.0,2011-07-28 12:06:00,306.35,306.35
14855.0,2011-08-12 14:02:00,339.3,645.65
14856.0,2011-10-14 09:35:00,1003.27,1003.27
14856.0,2011-11-03 14:47:00,297.91,1301.18
14856.0,2011-11-03 14:53:00,10.2,1311.38
14857.0,2011-07-14 15:03:00,522.52,522.52
14857.0,2011-10-11 09:23:00,650.6,1173.12
14859.0,2011-05-19 14:42:00,296.86,296.86
14859.0,2011-09-20 13:19:00,630.26,927.12
14859.0,2011-11-27 11:15:00,388.42,1315.54
14859.0,2011-11-27 11:18:00,38.2,1353.74
14860.0,2011-11-20 14:17:00,170.32,170.32
14861.0,2011-10-18 12:54:00,125.79,125.79
14862.0,2011-07-14 11:20:00,304.1,304.1
14862.0,2011-11-14 10:01:00,537.1,841.2
14863.0,2011-11-10 15:04:00,266.76,266.76
14865.0,2010-12-02 18:23:00,37.2,37.2
14865.0,2011-12-02 16:25:00,15.0,52.2
14866.0,2010-12-08 14:58:00,103.68,103.68
14866.0,2011-07-21 14:14:00,82.92,186.6
14866.0,2011-07-26 16:00:00,36.5,223.1
14866.0,2011-08-26 11:48:00,940.8,1163.9
14866.0,2011-09-20 10:27:00,5639.52,6803.42
14866.0,2011-10-11 14:18:00,3930.94,10734.36
14866.0,2011-10-20 11:53:00,294.72,11029.08
14866.0,2011-10-26 15:01:00,679.56,11708.64
14866.0,2011-11-01 11:38:00,772.44,12481.08
14866.0,2011-11-01 11:39:00,1374.26,13855.34
14866.0,2011-11-24 10:14:00,197.28,14052.62
14866.0,2011-11-29 11:45:00,337.28,14389.9
14867.0,2011-01-07 16:34:00,300.74,300.74
14867.0,2011-05-05 08:18:00,313.4,614.14
14867.0,2011-06-07 11:39:00,96.14,710.28
14868.0,2011-04-20 13:36:00,439.33,439.33
14868.0,2011-07-01 10:39:00,439.74,879.07
14868.0,2011-07-01 10:40:00,17.4,896.47
14868.0,2011-08-11 14:55:00,400.6,1297.07
14868.0,2011-09-29 10:45:00,337.7,1634.77
14868.0,2011-11-06 15:53:00,558.59,2193.36
14868.0,2011-11-18 14:40:00,370.14,2563.5
14868.0,2011-12-06 14:49:00,390.09,2953.59
14869.0,2011-08-28 16:09:00,391.31,391.31
14869.0,2011-12-01 12:36:00,334.39,725.7
14870.0,2011-03-23 10:51:00,327.25,327.25
14871.0,2010-12-14 12:18:00,140.4,140.4
14871.0,2011-03-29 13:22:00,108.2,248.6
14871.0,2011-06-14 13:04:00,106.15,354.75
14871.0,2011-12-06 13:42:00,167.63,522.38
14873.0,2011-05-13 13:52:00,519.68,519.68
14875.0,2011-03-22 11:53:00,362.0,362.0
14875.0,2011-08-24 12:20:00,1103.32,1465.32
14878.0,2010-12-16 12:11:00,322.01,322.01
14878.0,2011-02-20 12:01:00,111.88,433.89
14878.0,2011-03-27 13:21:00,197.89,631.78
14878.0,2011-05-22 11:49:00,219.96,851.74
14878.0,2011-06-12 11:26:00,111.03,962.77
14878.0,2011-06-19 11:14:00,120.25,1083.02
14878.0,2011-09-18 12:24:00,110.69,1193.71
14878.0,2011-11-03 14:47:00,142.98,1336.69
14878.0,2011-11-27 11:15:00,148.85,1485.54
14880.0,2011-02-24 12:27:00,129.2,129.2
14880.0,2011-06-07 13:27:00,234.07,363.27
14880.0,2011-09-23 13:42:00,342.92,706.19
14881.0,2011-11-20 11:06:00,255.4,255.4
14882.0,2011-11-06 10:15:00,247.9,247.9
14882.0,2011-11-13 12:47:00,341.8,589.7
14883.0,2011-05-12 09:49:00,310.56,310.56
14883.0,2011-06-29 09:32:00,47.92,358.48
14883.0,2011-09-27 14:58:00,213.51,571.99
14883.0,2011-10-31 11:33:00,94.08,666.07
14883.0,2011-11-21 10:23:00,95.52,761.59
14885.0,2011-07-31 12:05:00,765.32,765.32
14886.0,2011-04-01 08:56:00,364.8,364.8
14887.0,2011-09-21 15:32:00,1862.0,1862.0
14888.0,2011-05-16 14:58:00,369.2,369.2
14889.0,2011-01-07 15:19:00,135.9,135.9
14890.0,2011-03-31 11:57:00,125.65,125.65
14891.0,2011-06-05 10:58:00,449.38,449.38
14891.0,2011-07-14 18:08:00,105.0,554.38
14893.0,2011-11-28 10:49:00,809.12,809.12
14893.0,2011-11-30 12:31:00,428.73,1237.85
14894.0,2011-09-15 13:51:00,655.75,655.75
14895.0,2011-02-22 13:08:00,2346.34,2346.34
14895.0,2011-04-04 12:05:00,500.35,2846.69
14895.0,2011-05-19 09:23:00,1073.09,3919.78
14895.0,2011-06-10 14:06:00,658.78,4578.56
14895.0,2011-06-10 14:08:00,151.2,4729.76
14895.0,2011-07-17 14:59:00,372.3,5102.06
14895.0,2011-07-17 15:00:00,91.73,5193.79
14895.0,2011-07-17 15:08:00,15.0,5208.79
14895.0,2011-08-21 15:49:00,833.32,6042.11
14895.0,2011-08-21 15:50:00,39.6,6081.71
14895.0,2011-09-09 15:09:00,1732.93,7814.64
14895.0,2011-09-09 15:10:00,51.0,7865.64
14895.0,2011-09-09 15:11:00,109.15,7974.79
14895.0,2011-10-24 14:29:00,454.2,8428.99
14895.0,2011-10-30 14:44:00,965.78,9394.77
14895.0,2011-10-30 14:45:00,47.4,9442.17
14895.0,2011-11-10 10:29:00,770.92,10213.09
14895.0,2011-12-02 09:19:00,849.24,11062.33
14895.0,2011-12-02 09:22:00,25.2,11087.53
14895.0,2011-12-02 09:23:00,51.18,11138.71
14896.0,2010-12-09 12:24:00,257.22,257.22
14896.0,2011-05-19 10:20:00,211.55,468.77
14897.0,2011-02-16 08:37:00,175.5,175.5
14897.0,2011-09-12 16:06:00,169.9,345.4
14897.0,2011-10-18 09:54:00,400.92,746.32
14897.0,2011-12-02 10:32:00,620.06,1366.38
14898.0,2010-12-03 15:25:00,98.5,98.5
14898.0,2011-01-17 13:59:00,157.2,255.7
14898.0,2011-02-10 12:21:00,168.35,424.05
14898.0,2011-04-13 13:42:00,186.88,610.93
14898.0,2011-07-28 14:03:00,400.37,1011.3
14898.0,2011-11-16 14:54:00,292.22,1303.52
14901.0,2010-12-02 11:20:00,204.15,204.15
14901.0,2010-12-08 10:46:00,158.25,362.4
14901.0,2010-12-14 11:29:00,134.65,497.05
14901.0,2011-08-09 13:03:00,159.64,656.69
14901.0,2011-08-30 12:00:00,165.43,822.12
14901.0,2011-09-12 16:14:00,129.33,951.45
14901.0,2011-09-27 11:05:00,142.38,1093.83
14901.0,2011-11-08 10:50:00,132.64,1226.47
14901.0,2011-11-28 17:09:00,194.82,1421.29
14902.0,2011-11-14 10:34:00,332.66,332.66
14903.0,2011-03-06 11:50:00,533.18,533.18
14903.0,2011-04-07 12:35:00,580.58,1113.76
14903.0,2011-05-23 13:17:00,686.47,1800.23
14903.0,2011-08-07 12:42:00,611.59,2411.82
14903.0,2011-11-18 16:07:00,398.81,2810.63
14904.0,2011-11-14 09:13:00,396.96,396.96
14904.0,2011-12-07 12:55:00,628.48,1025.44
14905.0,2011-04-20 10:48:00,308.55,308.55
14905.0,2011-07-05 12:41:00,307.6,616.15
14907.0,2010-12-07 10:14:00,618.07,618.07
14907.0,2010-12-14 11:03:00,325.22,943.29
14907.0,2010-12-14 11:04:00,17.4,960.69
14907.0,2011-07-15 10:27:00,971.13,1931.82
14907.0,2011-09-01 16:41:00,676.36,2608.18
14907.0,2011-11-11 13:25:00,416.56,3024.74
14907.0,2011-12-06 14:14:00,476.36,3501.1
14908.0,2011-09-26 12:56:00,277.8,277.8
14910.0,2011-10-16 11:06:00,214.41,214.41
14910.0,2011-11-08 12:09:00,101.64,316.05
14910.0,2011-11-14 17:10:00,7.5,323.55
14910.0,2011-12-07 10:06:00,110.8,434.35
14911.0,2010-12-01 14:05:00,555.38,555.38
14911.0,2010-12-02 16:33:00,22.5,577.88
14911.0,2010-12-03 14:04:00,1705.65,2283.53
14911.0,2010-12-06 12:40:00,377.5,2661.03
14911.0,2010-12-06 13:06:00,784.15,3445.18
14911.0,2010-12-06 13:32:00,20.85,3466.03
14911.0,2010-12-09 12:17:00,945.55,4411.58
14911.0,2010-12-10 12:33:00,1156.05,5567.63
14911.0,2010-12-16 19:16:00,707.06,6274.69
14911.0,2010-12-19 14:24:00,411.1,6685.79
14911.0,2010-12-21 13:45:00,762.3,7448.09
14911.0,2010-12-23 14:58:00,289.85,7737.94
14911.0,2011-01-09 16:07:00,258.0,7995.94
14911.0,2011-01-18 10:22:00,465.58,8461.52
14911.0,2011-01-20 12:34:00,2756.84,11218.36
14911.0,2011-01-24 14:54:00,282.44,11500.8
14911.0,2011-01-26 12:29:00,802.56,12303.36
14911.0,2011-01-27 10:43:00,564.05,12867.41
14911.0,2011-02-01 08:31:00,797.77,13665.18
14911.0,2011-02-04 10:31:00,229.6,13894.78
14911.0,2011-02-17 11:01:00,281.12,14175.9
14911.0,2011-02-18 11:36:00,162.7,14338.6
14911.0,2011-03-04 12:12:00,308.18,14646.78
14911.0,2011-03-04 14:02:00,877.31,15524.09
14911.0,2011-03-11 10:19:00,1687.17,17211.26
14911.0,2011-03-11 10:22:00,1687.17,18898.43
14911.0,2011-03-14 12:15:00,522.6,19421.03
14911.0,2011-03-14 12:28:00,706.6,20127.63
14911.0,2011-03-14 15:11:00,596.05,20723.68
14911.0,2011-03-15 11:09:00,870.59,21594.27
14911.0,2011-03-17 15:03:00,381.78,21976.05
14911.0,2011-03-18 09:17:00,743.71,22719.76
14911.0,2011-03-20 11:52:00,197.8,22917.56
14911.0,2011-03-24 16:45:00,415.45,23333.01
14911.0,2011-03-25 12:04:00,750.37,24083.38
14911.0,2011-03-28 07:53:00,539.0,24622.38
14911.0,2011-03-31 11:08:00,168.4,24790.78
14911.0,2011-04-01 14:45:00,1407.19,26197.97
14911.0,2011-04-04 13:29:00,264.3,26462.27
14911.0,2011-04-06 13:18:00,955.99,27418.26
14911.0,2011-04-07 10:33:00,356.23,27774.49
14911.0,2011-04-07 11:41:00,227.18,28001.67
14911.0,2011-04-11 12:20:00,744.41,28746.08
14911.0,2011-04-11 15:35:00,254.12,29000.2
14911.0,2011-04-27 10:02:00,362.9,29363.1
14911.0,2011-05-03 12:10:00,619.2,29982.3
14911.0,2011-05-03 12:12:00,545.01,30527.31
14911.0,2011-05-05 11:38:00,366.86,30894.17
14911.0,2011-05-08 11:37:00,862.53,31756.7
14911.0,2011-05-15 16:10:00,603.78,32360.48
14911.0,2011-05-16 13:20:00,754.81,33115.29
14911.0,2011-05-16 14:52:00,204.9,33320.19
14911.0,2011-05-16 14:53:00,979.32,34299.51
14911.0,2011-05-18 13:58:00,1414.36,35713.87
14911.0,2011-05-19 17:23:00,267.46,35981.33
14911.0,2011-05-19 17:48:00,936.34,36917.67
14911.0,2011-05-20 10:27:00,380.32,37297.99
14911.0,2011-05-23 10:34:00,1007.75,38305.74
14911.0,2011-05-26 11:40:00,482.44,38788.18
14911.0,2011-05-26 11:43:00,5.8,38793.98
14911.0,2011-05-26 12:12:00,5.8,38799.78
14911.0,2011-06-07 14:12:00,254.31,39054.09
14911.0,2011-06-08 10:45:00,2233.28,41287.37
14911.0,2011-06-08 14:03:00,1118.04,42405.41
14911.0,2011-06-09 10:23:00,338.0,42743.41
14911.0,2011-06-09 13:46:00,646.27,43389.68
14911.0,2011-06-13 10:36:00,821.32,44211.0
14911.0,2011-06-16 08:16:00,1012.86,45223.86
14911.0,2011-06-17 09:23:00,626.13,45849.99
14911.0,2011-06-19 16:11:00,303.3,46153.29
14911.0,2011-06-21 12:06:00,147.4,46300.69
14911.0,2011-06-22 11:46:00,526.16,46826.85
14911.0,2011-06-23 12:42:00,370.85,47197.7
14911.0,2011-06-23 13:16:00,1.45,47199.15
14911.0,2011-06-27 08:48:00,616.17,47815.32
14911.0,2011-06-27 08:49:00,200.15,48015.47
14911.0,2011-06-29 12:15:00,106.15,48121.62
14911.0,2011-06-30 15:46:00,756.36,48877.98
14911.0,2011-07-01 08:58:00,138.5,49016.48
14911.0,2011-07-05 12:50:00,205.6,49222.08
14911.0,2011-07-14 13:51:00,1147.1,50369.18
14911.0,2011-07-18 10:29:00,800.46,51169.64
14911.0,2011-07-19 09:50:00,1527.0,52696.64
14911.0,2011-07-19 12:10:00,390.98,53087.62
14911.0,2011-07-21 17:09:00,751.75,53839.37
14911.0,2011-07-21 18:19:00,325.64,54165.01
14911.0,2011-07-21 19:34:00,260.9,54425.91
14911.0,2011-07-26 12:00:00,396.77,54822.68
14911.0,2011-07-27 13:14:00,660.26,55482.94
14911.0,2011-07-27 13:15:00,104.25,55587.19
14911.0,2011-07-28 14:27:00,624.22,56211.41
14911.0,2011-07-28 15:16:00,4345.1,60556.51
14911.0,2011-07-29 13:39:00,728.94,61285.45
14911.0,2011-07-31 11:45:00,1056.11,62341.56
14911.0,2011-08-04 14:40:00,4345.1,66686.66
14911.0,2011-08-08 13:42:00,829.96,67516.62
14911.0,2011-08-11 10:22:00,438.4,67955.02
14911.0,2011-08-11 11:42:00,1234.0,69189.02
14911.0,2011-08-12 09:14:00,1396.66,70585.68
14911.0,2011-08-12 12:42:00,768.97,71354.65
14911.0,2011-08-18 12:26:00,131.85,71486.5
14911.0,2011-08-19 14:57:00,989.49,72475.99
14911.0,2011-08-21 13:11:00,458.9,72934.89
14911.0,2011-08-23 09:17:00,50.0,72984.89
14911.0,2011-08-26 10:50:00,812.02,73796.91
14911.0,2011-08-26 14:29:00,640.14,74437.05
14911.0,2011-09-01 17:19:00,2242.32,76679.37
14911.0,2011-09-01 17:20:00,1638.24,78317.61
14911.0,2011-09-02 11:43:00,749.13,79066.74
14911.0,2011-09-07 10:23:00,809.07,79875.81
14911.0,2011-09-07 13:06:00,637.29,80513.1
14911.0,2011-09-07 14:13:00,1464.58,81977.68
14911.0,2011-09-14 09:38:00,781.11,82758.79
14911.0,2011-09-15 09:53:00,368.37,83127.16
14911.0,2011-09-15 11:54:00,325.16,83452.32
14911.0,2011-09-19 14:55:00,648.48,84100.8
14911.0,2011-09-20 10:01:00,948.47,85049.27
14911.0,2011-09-20 11:35:00,849.92,85899.19
14911.0,2011-09-21 12:23:00,381.22,86280.41
14911.0,2011-09-22 10:37:00,434.1,86714.51
14911.0,2011-09-22 16:26:00,809.82,87524.33
14911.0,2011-09-22 16:27:00,10.5,87534.83
14911.0,2011-09-23 12:36:00,1261.09,88795.92
14911.0,2011-09-23 14:49:00,2241.81,91037.73
14911.0,2011-09-26 10:05:00,418.22,91455.95
14911.0,2011-09-26 12:48:00,737.92,92193.87
14911.0,2011-09-27 11:10:00,776.3,92970.17
14911.0,2011-09-28 12:20:00,1297.85,94268.02
14911.0,2011-09-28 12:21:00,141.62,94409.64
14911.0,2011-09-28 14:57:00,530.77,94940.41
14911.0,2011-09-28 15:32:00,329.75,95270.16
14911.0,2011-09-28 15:33:00,50.4,95320.56
14911.0,2011-09-30 10:20:00,272.16,95592.72
14911.0,2011-09-30 13:46:00,116.3,95709.02
14911.0,2011-10-06 10:48:00,421.3,96130.32
14911.0,2011-10-07 10:06:00,904.14,97034.46
14911.0,2011-10-10 12:37:00,1209.88,98244.34
14911.0,2011-10-10 17:09:00,17.4,98261.74
14911.0,2011-10-11 13:34:00,321.35,98583.09
14911.0,2011-10-11 14:10:00,485.8,99068.89
14911.0,2011-10-11 14:59:00,768.64,99837.53
14911.0,2011-10-12 08:10:00,214.3,100051.83
14911.0,2011-10-12 09:50:00,803.24,100855.07
14911.0,2011-10-12 10:04:00,25.5,100880.57
14911.0,2011-10-12 14:08:00,749.67,101630.24
14911.0,2011-10-17 11:56:00,292.0,101922.24
14911.0,2011-10-17 12:25:00,964.22,102886.46
14911.0,2011-10-17 12:41:00,690.34,103576.8
14911.0,2011-10-17 13:46:00,1761.24,105338.04
14911.0,2011-10-17 13:47:00,118.44,105456.48
14911.0,2011-10-18 09:32:00,808.15,106264.63
14911.0,2011-10-19 10:48:00,1588.75,107853.38
14911.0,2011-10-20 09:28:00,2856.14,110709.52
14911.0,2011-10-20 13:24:00,765.21,111474.73
14911.0,2011-10-21 09:20:00,906.09,112380.82
14911.0,2011-10-24 12:53:00,646.02,113026.84
14911.0,2011-10-30 14:57:00,501.66,113528.5
14911.0,2011-10-31 14:22:00,596.91,114125.41
14911.0,2011-11-01 09:24:00,1212.67,115338.08
14911.0,2011-11-01 13:57:00,834.38,116172.46
14911.0,2011-11-07 08:26:00,220.64,116393.1
14911.0,2011-11-07 13:06:00,332.36,116725.46
14911.0,2011-11-07 17:15:00,206.9,116932.36
14911.0,2011-11-09 17:07:00,826.04,117758.4
14911.0,2011-11-10 19:40:00,1003.03,118761.43
14911.0,2011-11-11 10:32:00,1674.65,120436.08
14911.0,2011-11-11 12:52:00,461.32,120897.4
14911.0,2011-11-13 10:41:00,1285.44,122182.84
14911.0,2011-11-13 14:45:00,2068.49,124251.33
14911.0,2011-11-14 10:47:00,348.21,124599.54
14911.0,2011-11-15 08:07:00,405.07,125004.61
14911.0,2011-11-15 14:56:00,376.58,125381.19
14911.0,2011-11-15 14:57:00,107.8,125488.99
14911.0,2011-11-15 15:22:00,524.28,126013.27
14911.0,2011-11-16 17:03:00,350.62,126363.89
14911.0,2011-11-17 08:49:00,759.48,127123.37
14911.0,2011-11-17 14:40:00,842.94,127966.31
14911.0,2011-11-18 15:53:00,785.56,128751.87
14911.0,2011-11-20 11:34:00,917.54,129669.41
14911.0,2011-11-21 09:21:00,95.4,129764.81
14911.0,2011-11-21 10:02:00,805.2,130570.01
14911.0,2011-11-22 11:04:00,1136.96,131706.97
14911.0,2011-11-22 14:59:00,616.0,132322.97
14911.0,2011-11-22 17:21:00,302.24,132625.21
14911.0,2011-11-23 08:47:00,177.33,132802.54
14911.0,2011-11-24 08:44:00,207.14,133009.68
14911.0,2011-11-25 12:20:00,293.79,133303.47
14911.0,2011-11-27 15:44:00,829.91,134133.38
14911.0,2011-11-28 10:31:00,1073.23,135206.61
14911.0,2011-11-28 11:33:00,805.6,136012.21
14911.0,2011-11-30 10:06:00,350.97,136363.18
14911.0,2011-11-30 15:08:00,482.96,136846.14
14911.0,2011-12-01 08:52:00,367.75,137213.89
14911.0,2011-12-01 17:51:00,309.2,137523.09
14911.0,2011-12-04 15:28:00,773.54,138296.63
14911.0,2011-12-05 10:18:00,512.0,138808.63
14911.0,2011-12-05 10:19:00,75.4,138884.03
14911.0,2011-12-07 08:38:00,1273.15,140157.18
14911.0,2011-12-07 08:45:00,1186.78,141343.96
14911.0,2011-12-07 11:42:00,1396.96,142740.92
14911.0,2011-12-08 15:54:00,1084.14,143825.06
14912.0,2011-04-07 11:06:00,482.79,482.79
14912.0,2011-11-23 09:20:00,385.06,867.85
14913.0,2010-12-15 14:35:00,300.87,300.87
14913.0,2011-03-11 09:07:00,314.96,615.83
14913.0,2011-06-09 14:14:00,301.32,917.15
14913.0,2011-11-04 08:29:00,310.28,1227.43
14915.0,2011-03-07 09:39:00,142.28,142.28
14915.0,2011-09-09 13:34:00,165.2,307.48
14916.0,2011-01-19 15:30:00,295.05,295.05
14916.0,2011-07-13 10:38:00,406.23,701.28
14916.0,2011-09-07 10:07:00,266.48,967.76
14916.0,2011-09-30 09:20:00,301.22,1268.98
14918.0,2011-07-08 12:50:00,765.42,765.42
14918.0,2011-08-16 11:50:00,844.73,1610.15
14920.0,2011-05-11 10:31:00,405.53,405.53
14920.0,2011-05-11 10:32:00,572.24,977.77
14921.0,2011-05-22 12:51:00,903.01,903.01
14921.0,2011-11-09 13:17:00,413.06,1316.07
14923.0,2011-10-20 11:51:00,749.1,749.1
14924.0,2011-04-08 09:25:00,310.05,310.05
14929.0,2011-11-07 17:21:00,223.88,223.88
14930.0,2011-03-10 14:42:00,1104.13,1104.13
14930.0,2011-08-23 10:29:00,1103.15,2207.28
14930.0,2011-08-23 10:31:00,165.58,2372.86
14931.0,2011-04-13 09:32:00,293.0,293.0
14931.0,2011-05-17 17:12:00,293.0,586.0
14931.0,2011-09-26 12:11:00,261.65,847.65
14931.0,2011-11-17 09:25:00,211.63,1059.28
14931.0,2011-12-05 10:19:00,198.4,1257.68
14932.0,2010-12-09 11:48:00,363.53,363.53
14934.0,2011-03-02 11:48:00,828.84,828.84
14934.0,2011-09-19 10:10:00,1062.1,1890.94
14935.0,2011-02-15 14:44:00,1784.71,1784.71
14936.0,2011-03-09 11:53:00,1576.36,1576.36
14936.0,2011-06-17 13:14:00,2060.03,3636.39
14936.0,2011-08-23 12:30:00,1436.49,5072.88
14936.0,2011-10-05 08:50:00,1105.16,6178.04
14936.0,2011-10-05 08:52:00,33.0,6211.04
14936.0,2011-10-05 08:53:00,622.84,6833.88
14936.0,2011-11-06 10:29:00,1228.24,8062.12
14936.0,2011-11-06 10:30:00,74.9,8137.02
14937.0,2011-08-01 14:16:00,759.56,759.56
14937.0,2011-10-14 12:28:00,649.92,1409.48
14937.0,2011-10-14 12:29:00,212.4,1621.88
14944.0,2011-02-16 12:47:00,132.6,132.6
14944.0,2011-02-16 12:48:00,621.69,754.29
14944.0,2011-05-06 11:50:00,550.12,1304.41
14944.0,2011-05-06 11:51:00,19.92,1324.33
14944.0,2011-06-06 15:06:00,507.7,1832.03
14944.0,2011-07-18 09:21:00,675.7,2507.73
14944.0,2011-09-06 09:23:00,656.46,3164.19
14944.0,2011-09-23 14:38:00,1308.82,4473.01
14944.0,2011-09-23 14:39:00,449.5,4922.51
14944.0,2011-11-10 09:09:00,943.06,5865.57
14944.0,2011-11-10 09:10:00,34.68,5900.25
14946.0,2011-11-25 13:33:00,100.9,100.9
14947.0,2011-08-01 09:31:00,178.5,178.5
14947.0,2011-09-28 15:48:00,112.32,290.82
14948.0,2011-05-04 14:52:00,278.4,278.4
14948.0,2011-07-25 08:50:00,265.27,543.67
14948.0,2011-08-22 11:13:00,13.2,556.87
14948.0,2011-09-02 14:39:00,82.36,639.23
14948.0,2011-09-29 13:56:00,195.04,834.27
14948.0,2011-11-16 17:16:00,267.7,1101.97
14950.0,2011-11-20 13:48:00,371.2,371.2
14951.0,2011-09-21 15:15:00,311.69,311.69
14952.0,2010-12-10 12:48:00,686.16,686.16
14952.0,2011-02-07 09:50:00,972.72,1658.88
14952.0,2011-02-27 10:30:00,524.95,2183.83
14952.0,2011-05-16 12:45:00,298.8,2482.63
14952.0,2011-05-17 08:34:00,392.88,2875.51
14952.0,2011-05-17 08:37:00,581.6,3457.11
14952.0,2011-05-17 08:38:00,77.5,3534.61
14952.0,2011-09-12 12:48:00,683.8,4218.41
14952.0,2011-09-29 08:28:00,2505.84,6724.25
14952.0,2011-10-11 10:31:00,424.8,7149.05
14952.0,2011-10-11 10:33:00,950.44,8099.49
14953.0,2011-11-14 14:59:00,289.82,289.82
14954.0,2011-11-27 14:30:00,336.17,336.17
14957.0,2011-03-31 17:59:00,58.49,58.49
14958.0,2011-04-08 11:28:00,210.65,210.65
14958.0,2011-06-07 16:16:00,181.63,392.28
14958.0,2011-07-15 14:20:00,107.4,499.68
14959.0,2011-02-16 13:00:00,178.66,178.66
14959.0,2011-05-08 11:38:00,243.72,422.38
14959.0,2011-08-22 09:28:00,114.94,537.32
14959.0,2011-10-06 18:23:00,158.1,695.42
14960.0,2011-06-21 13:38:00,88.3,88.3
14960.0,2011-12-01 12:54:00,132.97,221.27
14961.0,2010-12-14 11:38:00,976.7,976.7
14961.0,2010-12-14 11:39:00,206.0,1182.7
14961.0,2011-02-15 11:31:00,920.33,2103.03
14961.0,2011-04-07 10:20:00,348.85,2451.88
14961.0,2011-04-21 16:59:00,727.78,3179.66
14961.0,2011-07-08 15:29:00,727.32,3906.98
14961.0,2011-09-09 13:37:00,1010.95,4917.93
14961.0,2011-09-19 15:04:00,982.0,5899.93
14961.0,2011-11-29 09:42:00,1144.75,7044.68
14962.0,2011-03-14 09:42:00,126.7,126.7
14963.0,2011-06-09 12:30:00,294.2,294.2
14963.0,2011-10-13 11:57:00,314.15,608.35
14963.0,2011-11-06 12:44:00,310.39,918.74
14963.0,2011-11-21 12:05:00,320.89,1239.63
14963.0,2011-11-30 12:16:00,248.17,1487.8
14964.0,2011-04-06 14:13:00,206.21,206.21
14965.0,2011-09-04 13:15:00,474.5,474.5
14965.0,2011-09-04 13:20:00,124.5,599.0
14966.0,2011-11-25 12:20:00,191.32,191.32
14967.0,2011-10-21 11:06:00,463.8,463.8
14968.0,2011-11-09 13:58:00,147.59,147.59
14970.0,2011-01-27 12:23:00,337.5,337.5
14970.0,2011-04-01 13:33:00,444.75,782.25
14970.0,2011-07-25 14:45:00,337.5,1119.75
14970.0,2011-10-02 13:44:00,472.31,1592.06
14971.0,2011-10-27 13:33:00,616.36,616.36
14971.0,2011-11-04 17:03:00,491.51,1107.87
14971.0,2011-11-04 17:07:00,8.7,1116.57
14972.0,2011-08-03 14:54:00,114.77,114.77
14973.0,2011-04-28 12:22:00,654.6,654.6
14973.0,2011-07-28 15:58:00,356.89,1011.49
14973.0,2011-08-24 15:51:00,302.96,1314.45
14974.0,2011-11-02 13:01:00,114.39,114.39
14975.0,2011-10-13 14:08:00,279.94,279.94
14976.0,2011-01-17 11:09:00,155.95,155.95
14976.0,2011-03-10 12:42:00,115.57,271.52
14976.0,2011-05-27 16:30:00,178.74,450.26
14976.0,2011-08-30 17:23:00,109.7,559.96
14976.0,2011-10-13 16:14:00,209.4,769.36
14976.0,2011-10-13 16:33:00,6.5,775.86
14976.0,2011-10-13 16:37:00,15.0,790.86
14978.0,2011-01-13 12:03:00,310.26,310.26
14978.0,2011-01-26 12:40:00,379.28,689.54
14978.0,2011-02-23 12:03:00,452.91,1142.45
14978.0,2011-04-18 10:55:00,394.83,1537.28
14978.0,2011-09-28 13:07:00,394.14,1931.42
14981.0,2011-04-07 13:45:00,102.12,102.12
14984.0,2011-06-12 11:04:00,110.18,110.18
14984.0,2011-11-20 14:28:00,103.09,213.27
14985.0,2010-12-16 19:51:00,124.51,124.51
14985.0,2011-05-25 14:29:00,172.24,296.75
14987.0,2010-12-09 12:13:00,163.2,163.2
14987.0,2011-11-24 09:59:00,163.2,326.4
14988.0,2011-05-12 12:05:00,334.54,334.54
14995.0,2011-03-04 13:14:00,119.31,119.31
14995.0,2011-11-01 11:39:00,113.92,233.23
14997.0,2011-06-14 16:52:00,155.28,155.28
14997.0,2011-09-12 13:34:00,278.4,433.68
14997.0,2011-10-24 13:28:00,112.52,546.2
14998.0,2011-04-12 16:28:00,183.64,183.64
14998.0,2011-06-22 17:30:00,246.23,429.87
15000.0,2011-10-23 11:42:00,490.52,490.52
15002.0,2010-12-07 13:16:00,631.65,631.65
15002.0,2011-01-05 10:51:00,261.5,893.15
15002.0,2011-02-16 10:25:00,254.44,1147.59
15002.0,2011-08-16 10:44:00,494.17,1641.76
15004.0,2011-07-15 14:05:00,1246.32,1246.32
15005.0,2010-12-08 14:36:00,222.5,222.5
15005.0,2010-12-15 13:24:00,247.91,470.41
15005.0,2011-01-09 14:12:00,141.05,611.46
15005.0,2011-02-02 14:29:00,203.58,815.04
15005.0,2011-03-03 15:31:00,288.47,1103.51
15005.0,2011-03-14 14:32:00,181.44,1284.95
15005.0,2011-04-07 11:59:00,117.51,1402.46
15005.0,2011-04-07 12:00:00,27.35,1429.81
15005.0,2011-04-14 11:45:00,193.96,1623.77
15005.0,2011-04-27 14:05:00,253.94,1877.71
15005.0,2011-05-05 14:55:00,250.47,2128.18
15005.0,2011-05-17 14:43:00,274.29,2402.47
15005.0,2011-05-26 13:21:00,252.33,2654.8
15005.0,2011-06-05 15:01:00,296.32,2951.12
15005.0,2011-06-15 13:26:00,289.86,3240.98
15005.0,2011-06-30 12:12:00,246.82,3487.8
15005.0,2011-07-14 13:00:00,244.87,3732.67
15005.0,2011-07-22 11:31:00,164.92,3897.59
15005.0,2011-08-04 12:13:00,192.28,4089.87
15005.0,2011-08-23 15:24:00,237.21,4327.08
15005.0,2011-09-05 11:18:00,195.42,4522.5
15005.0,2011-09-15 11:57:00,261.15,4783.65
15005.0,2011-09-22 12:41:00,165.14,4948.79
15005.0,2011-10-07 12:28:00,160.9,5109.69
15005.0,2011-10-13 12:30:00,166.48,5276.17
15005.0,2011-10-26 13:07:00,184.01,5460.18
15005.0,2011-11-08 11:53:00,327.22,5787.4
15005.0,2011-11-13 15:42:00,340.41,6127.81
15005.0,2011-11-24 12:25:00,188.76,6316.57
15006.0,2011-10-19 15:08:00,502.09,502.09
15007.0,2011-07-03 16:00:00,156.91,156.91
15009.0,2011-11-14 17:40:00,592.56,592.56
15009.0,2011-11-20 11:25:00,320.38,912.94
15009.0,2011-11-27 13:35:00,348.84,1261.78
15010.0,2011-11-04 12:42:00,308.94,308.94
15012.0,2010-12-01 12:49:00,191.06,191.06
15012.0,2011-10-17 12:22:00,231.98,423.04
15014.0,2011-06-16 19:40:00,117.73,117.73
15014.0,2011-10-27 20:07:00,142.44,260.17
15016.0,2011-06-20 12:06:00,170.04,170.04
15017.0,2011-11-06 10:33:00,125.58,125.58
15018.0,2010-12-07 10:47:00,111.25,111.25
15018.0,2011-04-01 09:56:00,180.09,291.34
15018.0,2011-11-01 12:47:00,204.87,496.21
15019.0,2011-03-18 12:35:00,266.0,266.0
15021.0,2010-12-08 12:17:00,205.64,205.64
15021.0,2011-03-23 12:24:00,201.48,407.12
15021.0,2011-05-05 12:22:00,277.97,685.09
15021.0,2011-06-17 12:16:00,218.14,903.23
15021.0,2011-07-06 11:52:00,215.85,1119.08
15021.0,2011-09-14 13:12:00,309.33,1428.41
15021.0,2011-11-13 12:23:00,32.17,1460.58
15021.0,2011-11-13 12:31:00,212.27,1672.85
15021.0,2011-12-01 11:53:00,241.97,1914.82
15022.0,2011-10-23 15:47:00,353.23,353.23
15022.0,2011-11-13 14:42:00,288.3,641.53
15022.0,2011-11-13 14:44:00,39.95,681.48
15022.0,2011-11-28 12:35:00,223.56,905.04
15023.0,2010-12-05 13:49:00,460.6,460.6
15023.0,2011-01-18 13:38:00,577.3,1037.9
15023.0,2011-03-08 13:54:00,767.84,1805.74
15023.0,2011-05-05 13:56:00,1051.99,2857.73
15023.0,2011-06-23 18:44:00,817.83,3675.56
15023.0,2011-07-03 13:05:00,406.18,4081.74
15023.0,2011-07-28 13:02:00,357.7,4439.44
15023.0,2011-08-15 15:06:00,670.88,5110.32
15023.0,2011-10-27 17:22:00,695.03,5805.35
15023.0,2011-10-31 17:13:00,305.77,6111.12
15023.0,2011-12-06 17:23:00,691.64,6802.76
15024.0,2010-12-07 13:20:00,444.42,444.42
15024.0,2010-12-07 17:05:00,46.8,491.22
15024.0,2011-02-16 12:02:00,196.87,688.09
15024.0,2011-08-02 13:09:00,69.6,757.69
15024.0,2011-08-18 19:13:00,87.93,845.62
15024.0,2011-10-11 12:27:00,148.45,994.07
15024.0,2011-10-11 12:41:00,73.66,1067.73
15024.0,2011-11-11 12:01:00,289.19,1356.92
15024.0,2011-11-30 12:01:00,295.91,1652.83
15024.0,2011-11-30 12:06:00,8.5,1661.33
15025.0,2011-11-06 15:20:00,377.01,377.01
15026.0,2011-03-07 13:45:00,108.98,108.98
15026.0,2011-04-13 14:25:00,121.8,230.78
15026.0,2011-09-20 13:52:00,238.22,469.0
15027.0,2011-04-15 14:14:00,341.4,341.4
15027.0,2011-05-04 15:25:00,312.72,654.12
15027.0,2011-06-24 14:33:00,312.85,966.97
15027.0,2011-11-09 10:16:00,99.18,1066.15
15028.0,2010-12-06 12:47:00,185.97,185.97
15028.0,2011-10-28 11:33:00,307.71,493.68
15028.0,2011-10-28 11:41:00,18.75,512.43
15028.0,2011-12-01 14:06:00,114.7,627.13
15030.0,2011-03-16 15:34:00,152.76,152.76
15030.0,2011-09-29 10:50:00,365.52,518.28
15031.0,2011-03-02 14:46:00,150.83,150.83
15031.0,2011-08-21 15:35:00,110.96,261.79
15031.0,2011-11-09 17:44:00,230.82,492.61
15031.0,2011-12-05 14:19:00,175.53,668.14
15032.0,2010-12-08 12:57:00,2746.75,2746.75
15032.0,2010-12-08 13:30:00,23.85,2770.6
15032.0,2011-03-28 15:03:00,2188.5,4959.1
15033.0,2011-01-14 13:28:00,570.07,570.07
15033.0,2011-03-28 12:22:00,179.73,749.8
15033.0,2011-05-15 13:14:00,419.34,1169.14
15033.0,2011-07-03 12:52:00,175.65,1344.79
15033.0,2011-08-08 16:18:00,36.89,1381.68
15033.0,2011-08-22 13:40:00,247.42,1629.1
15033.0,2011-10-17 14:42:00,344.38,1973.48
15033.0,2011-10-31 14:19:00,163.96,2137.44
15033.0,2011-11-14 13:12:00,281.43,2418.87
15033.0,2011-12-05 12:40:00,167.8,2586.67
15034.0,2010-12-21 09:47:00,842.9,842.9
15034.0,2011-01-05 15:57:00,583.45,1426.35
15034.0,2011-03-06 10:26:00,246.76,1673.11
15034.0,2011-04-21 10:52:00,791.97,2465.08
15034.0,2011-04-21 11:03:00,199.75,2664.83
15034.0,2011-09-30 13:40:00,634.03,3298.86
15034.0,2011-11-11 12:44:00,813.75,4112.61
15034.0,2011-11-24 12:11:00,196.0,4308.61
15035.0,2011-09-11 11:08:00,252.73,252.73
15036.0,2011-06-13 12:19:00,53.15,53.15
15036.0,2011-06-15 13:35:00,192.54,245.69
15036.0,2011-09-28 15:42:00,219.86,465.55
15038.0,2010-12-05 10:54:00,126.43,126.43
15038.0,2011-04-10 11:45:00,157.6,284.03
15038.0,2011-05-08 11:49:00,117.33,401.36
15038.0,2011-06-05 11:14:00,116.09,517.45
15038.0,2011-10-02 10:58:00,173.04,690.49
15038.0,2011-10-12 11:33:00,15.0,705.49
15039.0,2010-12-06 11:26:00,611.51,611.51
15039.0,2010-12-14 11:48:00,706.25,1317.76
15039.0,2011-01-04 12:58:00,794.66,2112.42
15039.0,2011-01-04 13:03:00,23.8,2136.22
15039.0,2011-01-10 11:22:00,646.54,2782.76
15039.0,2011-01-19 11:15:00,740.39,3523.15
15039.0,2011-01-24 11:21:00,481.41,4004.56
15039.0,2011-01-24 11:31:00,91.8,4096.36
15039.0,2011-02-01 10:47:00,439.3,4535.66
15039.0,2011-02-09 10:49:00,371.6,4907.26
15039.0,2011-02-16 11:37:00,375.78,5283.04
15039.0,2011-02-28 11:19:00,928.08,6211.12
15039.0,2011-02-28 11:57:00,11.9,6223.02
15039.0,2011-03-07 10:52:00,608.45,6831.47
15039.0,2011-03-14 11:41:00,377.88,7209.35
15039.0,2011-03-21 11:24:00,614.85,7824.2
15039.0,2011-03-28 11:59:00,407.09,8231.29
15039.0,2011-04-04 10:52:00,435.56,8666.85
15039.0,2011-04-14 11:48:00,787.84,9454.69
15039.0,2011-04-20 12:44:00,712.64,10167.33
15039.0,2011-04-26 11:32:00,354.26,10521.59
15039.0,2011-05-04 11:37:00,756.73,11278.32
15039.0,2011-05-09 10:38:00,553.35,11831.67
15039.0,2011-05-16 10:50:00,496.49,12328.16
15039.0,2011-05-25 11:26:00,659.35,12987.51
15039.0,2011-06-01 13:07:00,213.86,13201.37
15039.0,2011-06-08 11:18:00,891.42,14092.79
15039.0,2011-06-14 11:47:00,474.87,14567.66
15039.0,2011-06-21 12:03:00,653.3,15220.96
15039.0,2011-06-30 11:32:00,328.41,15549.37
15039.0,2011-07-08 10:49:00,185.81,15735.18
15039.0,2011-07-13 10:33:00,352.94,16088.12
15039.0,2011-07-20 11:55:00,312.9,16401.02
15039.0,2011-08-03 11:45:00,536.58,16937.6
15039.0,2011-08-17 12:06:00,685.61,17623.21
15039.0,2011-08-17 12:20:00,8.5,17631.71
15039.0,2011-09-01 11:33:00,559.72,18191.43
15039.0,2011-09-09 11:15:00,322.37,18513.8
15039.0,2011-09-20 12:47:00,272.24,18786.04
15039.0,2011-10-05 11:16:00,185.87,18971.91
15039.0,2011-10-05 11:17:00,2.95,18974.86
15039.0,2011-10-19 11:44:00,127.4,19102.26
15039.0,2011-11-01 13:21:00,137.97,19240.23
15039.0,2011-11-08 12:09:00,246.21,19486.44
15039.0,2011-11-14 11:46:00,137.58,19624.02
15039.0,2011-11-22 16:11:00,118.79,19742.81
15039.0,2011-11-30 11:31:00,171.63,19914.44
15041.0,2011-06-22 16:16:00,180.35,180.35
15042.0,2011-05-24 16:25:00,135.93,135.93
15043.0,2011-11-08 14:26:00,537.0,537.0
15044.0,2010-12-12 14:27:00,835.95,835.95
15044.0,2010-12-19 13:31:00,663.8,1499.75
15044.0,2010-12-22 12:39:00,615.6,2115.35
15044.0,2010-12-22 12:44:00,23.8,2139.15
15044.0,2011-01-10 15:18:00,263.0,2402.15
15044.0,2011-02-11 12:36:00,610.55,3012.7
15044.0,2011-02-17 13:54:00,205.5,3218.2
15044.0,2011-03-22 11:43:00,346.7,3564.9
15044.0,2011-04-12 12:53:00,440.5,4005.4
15044.0,2011-04-12 12:56:00,25.08,4030.48
15044.0,2011-05-16 14:30:00,474.85,4505.33
15044.0,2011-06-16 12:05:00,542.74,5048.07
15044.0,2011-07-26 13:57:00,154.21,5202.28
15044.0,2011-09-25 11:34:00,347.85,5550.13
15044.0,2011-10-04 15:41:00,444.71,5994.84
15044.0,2011-10-31 13:35:00,838.42,6833.26
15044.0,2011-11-20 13:20:00,866.97,7700.23
15045.0,2011-03-27 11:44:00,388.9,388.9
15045.0,2011-07-11 11:33:00,346.76,735.66
15046.0,2011-01-05 15:30:00,511.95,511.95
15046.0,2011-01-16 13:25:00,258.25,770.2
15046.0,2011-02-02 12:10:00,227.71,997.91
15046.0,2011-02-10 16:01:00,121.28,1119.19
15046.0,2011-02-27 11:53:00,109.85,1229.04
15046.0,2011-04-13 11:40:00,328.55,1557.59
15046.0,2011-05-23 13:05:00,439.52,1997.11
15046.0,2011-05-29 10:57:00,320.35,2317.46
15046.0,2011-06-19 12:31:00,602.8,2920.26
15046.0,2011-08-04 15:07:00,943.07,3863.33
15046.0,2011-09-04 11:54:00,121.2,3984.53
15046.0,2011-10-04 12:38:00,244.06,4228.59
15046.0,2011-10-24 14:56:00,216.29,4444.88
15046.0,2011-11-09 16:10:00,453.23,4898.11
15046.0,2011-11-30 15:50:00,315.66,5213.77
15047.0,2011-03-15 10:49:00,343.62,343.62
15048.0,2010-12-06 12:15:00,98.7,98.7
15048.0,2011-05-03 11:40:00,157.75,256.45
15048.0,2011-08-15 10:02:00,68.08,324.53
15048.0,2011-10-05 14:55:00,59.52,384.05
15049.0,2011-03-11 12:13:00,121.17,121.17
15050.0,2011-09-29 13:22:00,1293.18,1293.18
15050.0,2011-09-29 13:45:00,30.0,1323.18
15050.0,2011-11-14 16:17:00,458.91,1782.09
15051.0,2011-07-12 15:29:00,377.74,377.74
15051.0,2011-10-21 14:01:00,768.19,1145.93
15051.0,2011-11-16 15:38:00,245.68,1391.61
15052.0,2011-01-24 15:52:00,215.78,215.78
15053.0,2011-03-03 12:06:00,222.65,222.65
15053.0,2011-07-06 13:06:00,255.95,478.6
15053.0,2011-12-05 12:08:00,219.19,697.79
15054.0,2011-10-30 14:33:00,168.42,168.42
15054.0,2011-11-27 15:02:00,133.68,302.1
15057.0,2011-01-28 09:09:00,1131.0,1131.0
15057.0,2011-03-09 15:17:00,358.5,1489.5
15058.0,2011-01-31 15:35:00,120.52,120.52
15058.0,2011-01-31 15:52:00,178.8,299.32
15058.0,2011-02-13 11:13:00,178.75,478.07
15058.0,2011-04-10 13:21:00,170.95,649.02
15058.0,2011-04-10 13:26:00,91.74,740.76
15058.0,2011-06-09 16:16:00,270.55,1011.31
15058.0,2011-08-07 10:43:00,234.35,1245.66
15058.0,2011-09-19 13:02:00,197.55,1443.21
15058.0,2011-10-20 17:04:00,200.83,1644.04
15058.0,2011-11-14 14:39:00,231.8,1875.84
15058.0,2011-11-14 14:57:00,249.15,2124.99
15059.0,2011-01-09 11:54:00,182.78,182.78
15059.0,2011-01-23 11:48:00,2.95,185.73
15059.0,2011-02-16 11:03:00,184.18,369.91
15059.0,2011-05-08 12:36:00,199.11,569.02
15059.0,2011-06-22 12:24:00,163.91,732.93
15059.0,2011-08-24 13:18:00,103.47,836.4
15059.0,2011-08-24 13:22:00,172.2,1008.6
15059.0,2011-10-30 11:28:00,150.21,1158.81
15059.0,2011-10-30 11:35:00,178.91,1337.72
15060.0,2011-11-30 14:03:00,141.72,141.72
15060.0,2011-11-30 14:17:00,141.88,283.6
15060.0,2011-11-30 14:21:00,2.88,286.48
15060.0,2011-12-01 13:47:00,16.61,303.09
15061.0,2010-12-02 15:19:00,4076.48,4076.48
15061.0,2010-12-02 15:20:00,2170.9,6247.38
15061.0,2010-12-02 15:22:00,2730.96,8978.34
15061.0,2010-12-02 15:23:00,324.0,9302.34
15061.0,2010-12-02 15:25:00,75.0,9377.34
15061.0,2010-12-02 15:28:00,30.0,9407.34
15061.0,2010-12-07 13:50:00,2022.16,11429.5
15061.0,2010-12-10 10:49:00,5375.28,16804.78
15061.0,2010-12-10 10:50:00,135.0,16939.78
15061.0,2010-12-10 10:51:00,67.5,17007.28
15061.0,2010-12-10 10:52:00,337.5,17344.78
15061.0,2010-12-15 12:08:00,2605.88,19950.66
15061.0,2011-01-10 14:58:00,969.87,20920.53
15061.0,2011-01-10 14:59:00,404.12,21324.65
15061.0,2011-01-12 12:10:00,2.46,21327.11
15061.0,2011-01-18 13:34:00,780.5,22107.61
15061.0,2011-01-26 09:23:00,561.3,22668.91
15061.0,2011-02-11 17:06:00,2.42,22671.33
15061.0,2011-03-02 12:24:00,852.81,23524.14
15061.0,2011-03-14 12:59:00,285.0,23809.14
15061.0,2011-03-14 13:00:00,149.4,23958.54
15061.0,2011-03-14 15:05:00,512.28,24470.82
15061.0,2011-03-23 10:27:00,1649.58,26120.4
15061.0,2011-03-31 09:57:00,872.56,26992.96
15061.0,2011-04-05 10:31:00,81.6,27074.56
15061.0,2011-05-05 13:29:00,809.4,27883.96
15061.0,2011-05-05 13:34:00,225.6,28109.56
15061.0,2011-05-12 10:23:00,2613.36,30722.92
15061.0,2011-06-08 08:51:00,557.7,31280.62
15061.0,2011-06-21 10:55:00,870.3,32150.92
15061.0,2011-06-21 10:56:00,69.12,32220.04
15061.0,2011-07-06 13:41:00,477.9,32697.94
15061.0,2011-07-22 09:01:00,647.92,33345.86
15061.0,2011-07-22 09:02:00,1665.2,35011.06
15061.0,2011-07-28 09:30:00,650.64,35661.7
15061.0,2011-08-04 10:45:00,913.3,36575.0
15061.0,2011-09-27 13:56:00,1031.28,37606.28
15061.0,2011-09-27 14:01:00,291.24,37897.52
15061.0,2011-09-27 14:04:00,1001.4,38898.92
15061.0,2011-09-27 14:07:00,1668.84,40567.76
15061.0,2011-10-06 09:35:00,633.0,41200.76
15061.0,2011-10-21 11:33:00,3648.6,44849.36
15061.0,2011-11-04 14:26:00,2118.12,46967.48
15061.0,2011-11-20 12:00:00,333.36,47300.84
15061.0,2011-11-29 10:52:00,3337.44,50638.28
15061.0,2011-12-06 12:06:00,3895.86,54534.14
15062.0,2010-12-15 15:37:00,209.08,209.08
15062.0,2011-02-28 12:19:00,251.9,460.98
15062.0,2011-05-06 10:19:00,353.06,814.04
15062.0,2011-09-29 16:51:00,173.82,987.86
15063.0,2011-05-10 13:25:00,370.8,370.8
15065.0,2011-02-21 12:54:00,773.66,773.66
15065.0,2011-04-26 11:34:00,632.74,1406.4
15065.0,2011-06-28 11:44:00,1452.35,2858.75
15065.0,2011-11-02 09:45:00,299.38,3158.13
15066.0,2011-10-17 13:25:00,893.59,893.59
15067.0,2011-03-02 12:10:00,848.05,848.05
15067.0,2011-09-22 13:18:00,538.69,1386.74
15067.0,2011-09-22 13:20:00,358.02,1744.76
15068.0,2011-03-28 14:27:00,239.96,239.96
15068.0,2011-10-24 14:47:00,313.4,553.36
15069.0,2011-06-13 14:16:00,1109.53,1109.53
15070.0,2010-12-02 11:23:00,106.2,106.2
15071.0,2011-03-09 10:19:00,588.67,588.67
15071.0,2011-09-07 11:43:00,393.4,982.07
15073.0,2011-06-06 09:59:00,430.98,430.98
15073.0,2011-06-07 12:00:00,430.98,861.96
15073.0,2011-11-30 10:44:00,181.45,1043.41
15074.0,2011-08-26 14:45:00,748.87,748.87
15075.0,2011-09-23 12:27:00,773.03,773.03
15076.0,2011-06-20 08:23:00,880.85,880.85
15078.0,2010-12-06 12:38:00,449.95,449.95
15078.0,2010-12-06 12:39:00,25.2,475.15
15078.0,2010-12-20 12:05:00,327.6,802.75
15078.0,2010-12-20 12:06:00,15.9,818.65
15078.0,2011-01-24 14:44:00,379.7,1198.35
15078.0,2011-02-22 13:47:00,590.03,1788.38
15078.0,2011-02-25 17:03:00,430.26,2218.64
15078.0,2011-03-24 14:52:00,356.3,2574.94
15078.0,2011-04-20 09:29:00,544.26,3119.2
15078.0,2011-04-20 09:30:00,36.0,3155.2
15078.0,2011-05-20 10:30:00,573.66,3728.86
15078.0,2011-05-20 10:31:00,38.2,3767.06
15078.0,2011-05-20 10:32:00,71.4,3838.46
15078.0,2011-06-02 10:00:00,345.7,4184.16
15078.0,2011-07-05 09:56:00,455.45,4639.61
15078.0,2011-07-05 09:57:00,125.14,4764.75
15078.0,2011-07-27 13:17:00,544.2,5308.95
15078.0,2011-08-09 12:21:00,494.6,5803.55
15078.0,2011-08-19 13:03:00,306.1,6109.65
15078.0,2011-08-26 11:18:00,577.94,6687.59
15078.0,2011-08-26 11:19:00,15.0,6702.59
15078.0,2011-09-19 13:35:00,573.2,7275.79
15078.0,2011-09-26 13:45:00,304.36,7580.15
15078.0,2011-10-14 14:37:00,423.42,8003.57
15078.0,2011-10-14 14:38:00,55.8,8059.37
15078.0,2011-11-06 12:40:00,553.1,8612.47
15078.0,2011-11-28 09:40:00,307.56,8920.03
15078.0,2011-12-02 15:39:00,310.18,9230.21
15078.0,2011-12-02 15:40:00,462.5,9692.71
15078.0,2011-12-02 15:41:00,50.4,9743.11
15079.0,2010-12-09 09:25:00,141.95,141.95
15079.0,2011-01-28 13:54:00,367.29,509.24
15079.0,2011-05-11 12:44:00,314.47,823.71
15079.0,2011-05-11 12:45:00,71.9,895.61
15081.0,2010-12-07 16:20:00,111.15,111.15
15081.0,2011-05-15 13:31:00,136.9,248.05
15081.0,2011-09-14 12:29:00,88.2,336.25
15081.0,2011-10-05 11:16:00,80.3,416.55
15081.0,2011-11-17 17:08:00,88.25,504.8
15083.0,2011-03-28 12:18:00,88.2,88.2
15087.0,2011-03-03 10:34:00,306.94,306.94
15088.0,2011-10-03 14:05:00,864.19,864.19
15088.0,2011-11-18 13:14:00,295.88,1160.07
15089.0,2011-08-03 14:14:00,1221.56,1221.56
15089.0,2011-08-23 13:40:00,455.67,1677.23
15089.0,2011-09-06 16:02:00,359.05,2036.28
15089.0,2011-10-26 11:19:00,146.65,2182.93
15089.0,2011-11-17 15:02:00,99.7,2282.63
15089.0,2011-11-29 16:31:00,138.21,2420.84
15090.0,2011-02-04 14:03:00,381.32,381.32
15091.0,2011-10-03 12:47:00,480.71,480.71
15092.0,2011-03-01 12:24:00,323.16,323.16
15092.0,2011-05-08 14:10:00,134.65,457.81
15093.0,2010-12-02 18:25:00,623.73,623.73
15093.0,2011-01-05 13:37:00,1220.4,1844.13
15093.0,2011-02-25 13:56:00,759.08,2603.21
15093.0,2011-05-17 11:28:00,793.47,3396.68
15093.0,2011-08-15 09:59:00,630.42,4027.1
15093.0,2011-11-21 13:09:00,569.92,4597.02
15095.0,2011-05-20 14:27:00,770.5,770.5
15095.0,2011-07-27 11:58:00,267.32,1037.82
15095.0,2011-08-28 12:00:00,19.8,1057.62
15095.0,2011-08-28 12:01:00,312.98,1370.6
15096.0,2011-10-28 10:27:00,219.39,219.39
15097.0,2011-12-05 14:03:00,248.08,248.08
15098.0,2011-06-10 15:22:00,297.0,297.0
15098.0,2011-06-10 15:28:00,38970.0,39267.0
15098.0,2011-06-10 15:33:00,649.5,39916.5
15099.0,2011-09-16 13:13:00,410.48,410.48
15100.0,2010-12-01 09:09:00,350.4,350.4
15100.0,2010-12-08 12:09:00,350.4,700.8
15100.0,2011-01-10 10:35:00,175.2,876.0
15101.0,2010-12-15 12:54:00,102.28,102.28
15101.0,2011-12-01 10:18:00,215.25,317.53
15103.0,2011-09-14 13:54:00,291.68,291.68
15103.0,2011-11-08 14:53:00,411.68,703.36
15104.0,2011-03-02 14:16:00,374.64,374.64
15104.0,2011-05-27 12:29:00,652.8,1027.44
15105.0,2011-07-28 10:09:00,532.98,532.98
15105.0,2011-09-14 11:41:00,614.88,1147.86
15105.0,2011-09-14 11:42:00,28.68,1176.54
15105.0,2011-10-03 15:32:00,541.03,1717.57
15105.0,2011-11-15 10:17:00,332.46,2050.03
15105.0,2011-11-21 16:53:00,233.9,2283.93
15105.0,2011-11-21 16:54:00,15.0,2298.93
15106.0,2011-03-15 12:52:00,410.7,410.7
15106.0,2011-05-12 08:41:00,367.75,778.45
15106.0,2011-07-21 17:02:00,254.38,1032.83
15106.0,2011-10-05 14:14:00,269.63,1302.46
15106.0,2011-11-22 09:16:00,120.06,1422.52
15107.0,2010-12-02 13:45:00,116.0,116.0
15107.0,2010-12-14 14:50:00,61.05,177.05
15107.0,2011-01-09 15:18:00,78.2,255.25
15107.0,2011-01-11 12:05:00,8.5,263.75
15107.0,2011-01-13 15:10:00,14.95,278.7
15107.0,2011-02-01 14:46:00,40.8,319.5
15108.0,2011-04-26 10:54:00,191.4,191.4
15108.0,2011-06-05 12:51:00,387.05,578.45
15108.0,2011-06-06 16:01:00,45.0,623.45
15108.0,2011-07-21 10:24:00,676.8,1300.25
15109.0,2011-04-08 09:58:00,484.95,484.95
15110.0,2011-01-25 11:41:00,169.65,169.65
15110.0,2011-08-05 09:25:00,206.9,376.55
15110.0,2011-10-26 09:58:00,303.85,680.4
15110.0,2011-11-16 11:16:00,315.7,996.1
15111.0,2010-12-02 11:45:00,288.5,288.5
15111.0,2011-10-04 08:56:00,949.3,1237.8
15111.0,2011-11-10 16:58:00,329.68,1567.48
15113.0,2011-10-16 15:27:00,2242.69,2242.69
15113.0,2011-11-14 10:33:00,78.0,2320.69
15113.0,2011-11-30 08:23:00,1288.64,3609.33
15114.0,2011-02-11 08:45:00,259.05,259.05
15114.0,2011-04-08 09:15:00,215.34,474.39
15114.0,2011-05-06 14:22:00,243.52,717.91
15114.0,2011-06-10 09:44:00,309.34,1027.25
15114.0,2011-07-14 16:42:00,135.62,1162.87
15114.0,2011-08-15 16:13:00,191.14,1354.01
15114.0,2011-09-07 13:30:00,324.96,1678.97
15114.0,2011-09-21 15:54:00,197.29,1876.26
15114.0,2011-09-29 18:53:00,376.02,2252.28
15114.0,2011-11-09 15:05:00,508.28,2760.56
15115.0,2011-11-21 14:59:00,340.11,340.11
15116.0,2011-05-19 08:50:00,479.65,479.65
15116.0,2011-07-28 09:48:00,311.32,790.97
15116.0,2011-10-13 12:17:00,411.78,1202.75
15116.0,2011-11-22 12:25:00,150.0,1352.75
15117.0,2011-05-08 12:38:00,312.4,312.4
15117.0,2011-08-11 11:51:00,363.33,675.73
15117.0,2011-10-20 15:38:00,526.3,1202.03
15117.0,2011-11-23 11:30:00,1.65,1203.68
15117.0,2011-11-25 08:12:00,348.1,1551.78
15118.0,2011-07-28 14:54:00,244.8,244.8
15119.0,2011-04-08 09:08:00,266.4,266.4
15120.0,2011-07-29 09:48:00,358.82,358.82
15121.0,2011-02-24 12:41:00,295.15,295.15
15121.0,2011-10-20 14:51:00,162.57,457.72
15122.0,2011-02-15 09:59:00,397.04,397.04
15122.0,2011-05-19 19:32:00,533.57,930.61
15122.0,2011-08-17 16:48:00,703.17,1633.78
15123.0,2011-05-17 14:57:00,1069.47,1069.47
15123.0,2011-12-02 13:12:00,1129.84,2199.31
15124.0,2011-06-01 09:06:00,90.75,90.75
15124.0,2011-11-17 10:09:00,93.44,184.19
15125.0,2011-03-14 09:59:00,3840.88,3840.88
15125.0,2011-04-14 10:13:00,527.0,4367.88
15125.0,2011-05-16 12:19:00,1820.64,6188.52
15125.0,2011-05-16 12:20:00,1122.2,7310.72
15125.0,2011-06-14 15:14:00,554.62,7865.34
15125.0,2011-06-14 15:15:00,213.8,8079.14
15125.0,2011-06-14 15:16:00,122.04,8201.18
15125.0,2011-06-20 17:09:00,179.0,8380.18
15125.0,2011-07-14 10:08:00,315.12,8695.3
15125.0,2011-07-14 10:09:00,49.92,8745.22
15125.0,2011-07-27 10:53:00,1049.38,9794.6
15125.0,2011-08-18 17:50:00,1000.88,10795.48
15125.0,2011-10-10 10:07:00,82.8,10878.28
15125.0,2011-10-10 10:10:00,292.2,11170.48
15125.0,2011-11-14 13:57:00,358.0,11528.48
15127.0,2011-10-05 10:30:00,406.53,406.53
15128.0,2011-05-04 12:32:00,483.7,483.7
15128.0,2011-06-24 11:39:00,374.4,858.1
15128.0,2011-08-05 10:31:00,312.14,1170.24
15128.0,2011-10-10 13:54:00,300.76,1471.0
15129.0,2011-02-21 09:09:00,355.4,355.4
15129.0,2011-03-29 13:05:00,304.4,659.8
15129.0,2011-05-05 08:32:00,119.7,779.5
15129.0,2011-05-13 08:09:00,340.88,1120.38
15129.0,2011-06-14 13:40:00,428.95,1549.33
15129.0,2011-06-16 09:49:00,252.0,1801.33
15129.0,2011-07-25 13:42:00,299.4,2100.73
15129.0,2011-08-05 12:25:00,390.0,2490.73
15129.0,2011-08-25 10:45:00,306.0,2796.73
15129.0,2011-10-20 14:40:00,650.67,3447.4
15130.0,2011-06-23 10:15:00,330.11,330.11
15132.0,2011-03-22 12:02:00,313.77,313.77
15132.0,2011-05-24 08:53:00,176.1,489.87
15132.0,2011-08-26 11:47:00,352.36,842.23
15132.0,2011-10-14 14:00:00,106.2,948.43
15132.0,2011-11-21 17:10:00,29.5,977.93
15133.0,2011-02-11 10:38:00,333.2,333.2
15133.0,2011-03-27 10:56:00,324.7,657.9
15133.0,2011-08-04 10:44:00,324.52,982.42
15134.0,2011-04-13 11:05:00,110.1,110.1
15134.0,2011-05-10 13:18:00,129.35,239.45
15134.0,2011-06-15 10:29:00,171.63,411.08
15134.0,2011-08-04 15:17:00,203.78,614.86
15134.0,2011-09-28 12:33:00,282.69,897.55
15134.0,2011-10-25 13:03:00,166.92,1064.47
15134.0,2011-11-09 12:26:00,172.14,1236.61
15134.0,2011-11-25 08:55:00,151.38,1387.99
15135.0,2011-04-14 19:16:00,139.05,139.05
15136.0,2011-09-04 16:05:00,582.9,582.9
15136.0,2011-11-17 16:35:00,446.9,1029.8
15136.0,2011-12-07 12:26:00,256.9,1286.7
15139.0,2011-01-07 12:44:00,122.1,122.1
15139.0,2011-04-14 11:39:00,56.86,178.96
15140.0,2011-03-20 14:37:00,446.15,446.15
15140.0,2011-04-19 12:59:00,354.78,800.93
15140.0,2011-05-25 11:01:00,326.52,1127.45
15140.0,2011-08-16 11:37:00,566.76,1694.21
15140.0,2011-08-16 11:38:00,33.9,1728.11
15140.0,2011-09-21 12:25:00,324.74,2052.85
15140.0,2011-10-18 14:07:00,301.4,2354.25
15142.0,2011-10-24 12:51:00,498.74,498.74
15143.0,2011-04-28 12:03:00,259.45,259.45
15144.0,2011-01-31 13:17:00,378.32,378.32
15144.0,2011-03-24 11:43:00,232.9,611.22
15144.0,2011-03-24 11:44:00,37.5,648.72
15144.0,2011-05-04 13:36:00,1030.7,1679.42
15144.0,2011-05-06 13:07:00,15.6,1695.02
15144.0,2011-07-07 16:56:00,443.2,2138.22
15144.0,2011-07-25 09:48:00,261.42,2399.64
15144.0,2011-07-25 09:50:00,62.4,2462.04
15144.0,2011-08-18 16:18:00,506.9,2968.94
15144.0,2011-09-08 12:20:00,591.9,3560.84
15144.0,2011-09-29 09:15:00,141.6,3702.44
15144.0,2011-09-29 09:16:00,303.2,4005.64
15144.0,2011-10-12 15:39:00,416.6,4422.24
15144.0,2011-10-18 15:26:00,206.6,4628.84
15144.0,2011-10-27 15:19:00,729.46,5358.3
15144.0,2011-11-15 08:32:00,696.24,6054.54
15144.0,2011-12-01 15:12:00,525.9,6580.44
15145.0,2011-04-05 15:20:00,422.23,422.23
15145.0,2011-04-26 16:40:00,301.8,724.03
15145.0,2011-10-27 12:33:00,312.34,1036.37
15145.0,2011-12-05 17:21:00,158.36,1194.73
15146.0,2011-02-21 13:07:00,834.22,834.22
15146.0,2011-06-28 12:09:00,492.94,1327.16
15147.0,2011-04-13 15:57:00,623.5,623.5
15148.0,2011-11-29 08:21:00,301.29,301.29
15149.0,2011-07-29 10:58:00,520.8,520.8
15150.0,2011-03-15 14:21:00,501.25,501.25
15150.0,2011-06-06 12:51:00,816.82,1318.07
15150.0,2011-07-07 17:33:00,292.82,1610.89
15150.0,2011-08-03 14:19:00,304.42,1915.31
15150.0,2011-08-22 15:05:00,1654.31,3569.62
15150.0,2011-09-25 15:34:00,769.17,4338.79
15150.0,2011-09-27 11:06:00,29.7,4368.49
15150.0,2011-11-06 14:45:00,102.84,4471.33
15150.0,2011-11-07 08:54:00,550.55,5021.88
15150.0,2011-11-22 12:52:00,292.59,5314.47
15152.0,2011-06-05 15:36:00,756.1,756.1
15152.0,2011-07-18 14:36:00,304.52,1060.62
15152.0,2011-07-26 15:45:00,310.72,1371.34
15152.0,2011-08-03 15:14:00,399.6,1770.94
15152.0,2011-08-08 10:00:00,309.06,2080.0
15152.0,2011-08-18 12:53:00,303.21,2383.21
15152.0,2011-09-16 09:21:00,329.02,2712.23
15152.0,2011-10-10 09:53:00,306.09,3018.32
15152.0,2011-10-21 14:49:00,310.22,3328.54
15152.0,2011-11-09 13:50:00,309.08,3637.62
15152.0,2011-11-20 11:30:00,439.8,4077.42
15152.0,2011-11-29 13:37:00,262.8,4340.22
15152.0,2011-11-30 12:32:00,405.47,4745.69
15153.0,2011-11-08 17:09:00,329.25,329.25
15154.0,2011-09-25 16:05:00,296.42,296.42
15156.0,2011-11-06 12:41:00,317.8,317.8
15156.0,2011-12-05 09:15:00,391.46,709.26
15156.0,2011-12-08 18:22:00,252.23,961.49
15157.0,2010-12-16 13:44:00,1085.46,1085.46
15157.0,2011-07-08 13:26:00,419.91,1505.37
15157.0,2011-12-06 11:28:00,430.7,1936.07
15158.0,2011-10-25 13:53:00,401.4,401.4
15159.0,2010-12-13 15:44:00,1822.88,1822.88
15159.0,2010-12-13 15:45:00,38.1,1860.98
15159.0,2011-01-14 12:29:00,272.64,2133.62
15159.0,2011-01-28 12:19:00,564.5,2698.12
15159.0,2011-03-14 10:36:00,446.8,3144.92
15159.0,2011-03-14 10:38:00,207.3,3352.22
15159.0,2011-04-20 11:06:00,850.7,4202.92
15159.0,2011-04-20 11:11:00,12.5,4215.42
15159.0,2011-05-09 11:26:00,399.15,4614.57
15159.0,2011-05-13 16:24:00,308.3,4922.87
15159.0,2011-05-13 16:26:00,103.5,5026.37
15159.0,2011-06-08 12:35:00,542.22,5568.59
15159.0,2011-06-08 12:36:00,54.48,5623.07
15159.0,2011-06-08 12:37:00,52.8,5675.87
15159.0,2011-06-21 14:23:00,469.72,6145.59
15159.0,2011-07-06 12:22:00,521.34,6666.93
15159.0,2011-07-26 10:27:00,908.46,7575.39
15159.0,2011-08-19 09:38:00,1394.58,8969.97
15159.0,2011-09-11 10:57:00,418.84,9388.81
15159.0,2011-09-11 10:58:00,175.04,9563.85
15159.0,2011-10-03 16:46:00,1395.09,10958.94
15159.0,2011-10-03 16:47:00,207.6,11166.54
15159.0,2011-10-03 16:48:00,243.6,11410.14
15159.0,2011-10-20 13:06:00,39.9,11450.04
15159.0,2011-10-20 13:07:00,3091.98,14542.02
15159.0,2011-11-10 17:06:00,826.7,15368.72
15159.0,2011-11-21 14:24:00,1437.5,16806.22
15159.0,2011-12-05 14:25:00,1352.48,18158.7
15159.0,2011-12-05 14:26:00,378.36,18537.06
15159.0,2011-12-08 12:05:00,103.95,18641.01
15160.0,2010-12-17 14:15:00,158.16,158.16
15163.0,2011-05-31 15:22:00,155.0,155.0
15163.0,2011-11-21 13:10:00,149.47,304.47
15164.0,2011-01-04 14:21:00,173.39,173.39
15164.0,2011-05-15 13:14:00,194.79,368.18
15164.0,2011-10-02 12:05:00,474.87,843.05
15165.0,2010-12-01 14:03:00,487.75,487.75
15167.0,2011-01-23 12:41:00,163.0,163.0
15168.0,2011-11-14 11:26:00,106.56,106.56
15171.0,2011-01-12 15:36:00,1289.5,1289.5
15172.0,2011-04-17 11:56:00,346.4,346.4
15172.0,2011-05-27 09:48:00,179.8,526.2
15172.0,2011-07-27 11:29:00,360.54,886.74
15172.0,2011-09-30 13:15:00,361.21,1247.95
15172.0,2011-12-01 11:51:00,376.1,1624.05
15174.0,2011-01-21 09:06:00,135.75,135.75
15175.0,2011-09-29 11:31:00,224.14,224.14
15178.0,2011-03-24 15:12:00,40.5,40.5
15179.0,2011-01-24 13:48:00,1285.62,1285.62
15179.0,2011-04-01 14:19:00,102.0,1387.62
15179.0,2011-04-20 09:03:00,67.5,1455.12
15179.0,2011-10-17 12:41:00,188.55,1643.67
15179.0,2011-11-21 12:53:00,563.28,2206.95
15180.0,2010-12-07 14:57:00,87.5,87.5
15181.0,2011-03-15 12:03:00,300.0,300.0
15181.0,2011-06-17 13:57:00,135.0,435.0
15181.0,2011-10-04 13:58:00,254.48,689.48
15182.0,2011-03-16 12:42:00,370.48,370.48
15182.0,2011-07-08 13:37:00,252.37,622.85
15184.0,2011-06-02 12:06:00,235.23,235.23
15184.0,2011-11-10 13:41:00,171.53,406.76
15185.0,2011-09-30 14:06:00,310.62,310.62
15186.0,2011-06-24 14:54:00,229.26,229.26
15186.0,2011-11-25 14:58:00,182.15,411.41
15187.0,2011-05-11 13:49:00,431.6,431.6
15187.0,2011-06-24 09:38:00,607.2,1038.8
15187.0,2011-07-14 15:30:00,413.64,1452.44
15187.0,2011-08-02 09:34:00,99.6,1552.04
15187.0,2011-09-04 15:52:00,316.84,1868.88
15187.0,2011-09-09 10:05:00,15.0,1883.88
15187.0,2011-09-30 08:18:00,194.18,2078.06
15187.0,2011-09-30 08:19:00,303.0,2381.06
15187.0,2011-10-20 17:00:00,306.0,2687.06
15187.0,2011-11-09 08:14:00,306.0,2993.06
15187.0,2011-11-17 13:21:00,341.16,3334.22
15187.0,2011-11-22 10:12:00,174.6,3508.82
15187.0,2011-11-24 13:28:00,435.88,3944.7
15187.0,2011-12-01 08:57:00,402.96,4347.66
15187.0,2011-12-01 08:58:00,99.6,4447.26
15187.0,2011-12-08 11:56:00,329.92,4777.18
15189.0,2011-01-11 12:29:00,418.48,418.48
15189.0,2011-01-25 16:36:00,300.0,718.48
15189.0,2011-02-08 10:28:00,313.66,1032.14
15189.0,2011-02-24 18:14:00,310.92,1343.06
15189.0,2011-03-02 14:41:00,276.66,1619.72
15189.0,2011-03-17 09:56:00,302.52,1922.24
15189.0,2011-03-23 14:04:00,385.8,2308.04
15189.0,2011-03-30 13:44:00,132.7,2440.74
15189.0,2011-04-08 08:40:00,152.3,2593.04
15189.0,2011-04-12 13:52:00,3.3,2596.34
15189.0,2011-04-14 08:45:00,375.36,2971.7
15189.0,2011-04-14 08:46:00,183.6,3155.3
15189.0,2011-04-28 07:52:00,459.45,3614.75
15189.0,2011-05-19 11:47:00,696.1,4310.85
15189.0,2011-05-26 12:52:00,610.6,4921.45
15189.0,2011-06-03 12:35:00,229.26,5150.71
15189.0,2011-06-08 14:06:00,379.5,5530.21
15189.0,2011-06-21 09:58:00,385.78,5915.99
15189.0,2011-06-29 13:20:00,403.44,6319.43
15189.0,2011-07-06 12:56:00,412.2,6731.63
15189.0,2011-07-13 09:44:00,431.8,7163.43
15189.0,2011-07-21 10:32:00,685.5,7848.93
15189.0,2011-07-22 14:47:00,304.87,8153.8
15189.0,2011-07-28 16:53:00,569.04,8722.84
15189.0,2011-08-08 15:17:00,576.84,9299.68
15189.0,2011-08-18 10:21:00,188.1,9487.78
15189.0,2011-08-18 10:23:00,1284.12,10771.9
15189.0,2011-08-25 09:39:00,356.64,11128.54
15189.0,2011-09-01 12:34:00,319.95,11448.49
15189.0,2011-09-06 12:31:00,430.32,11878.81
15189.0,2011-09-06 12:32:00,354.62,12233.43
15189.0,2011-09-07 15:13:00,304.24,12537.67
15189.0,2011-09-09 14:18:00,98.1,12635.77
15189.0,2011-10-27 16:55:00,393.6,13029.37
15189.0,2011-11-09 09:21:00,742.2,13771.57
15189.0,2011-11-17 14:22:00,599.16,14370.73
15189.0,2011-11-23 11:58:00,354.0,14724.73
15189.0,2011-11-29 14:57:00,306.0,15030.73
15189.0,2011-12-01 15:13:00,441.84,15472.57
15189.0,2011-12-06 12:28:00,348.72,15821.29
15189.0,2011-12-08 13:22:00,404.1,16225.39
15192.0,2010-12-09 14:56:00,315.0,315.0
15192.0,2011-06-01 15:47:00,422.99,737.99
15192.0,2011-08-12 11:41:00,306.33,1044.32
15193.0,2011-10-10 08:23:00,499.32,499.32
15194.0,2010-12-06 15:00:00,406.16,406.16
15194.0,2010-12-13 15:42:00,309.05,715.21
15194.0,2010-12-16 13:15:00,843.78,1558.99
15194.0,2011-01-07 10:29:00,331.55,1890.54
15194.0,2011-01-31 15:17:00,315.57,2206.11
15194.0,2011-03-01 10:08:00,307.62,2513.73
15194.0,2011-04-05 11:47:00,335.07,2848.8
15194.0,2011-05-06 16:17:00,313.3,3162.1
15194.0,2011-05-25 08:32:00,499.08,3661.18
15194.0,2011-06-22 12:09:00,406.33,4067.51
15194.0,2011-08-05 10:39:00,402.02,4469.53
15194.0,2011-09-13 16:33:00,305.37,4774.9
15194.0,2011-09-22 18:10:00,713.32,5488.22
15194.0,2011-11-08 10:26:00,1421.67,6909.89
15194.0,2011-12-06 15:10:00,706.64,7616.53
15195.0,2011-12-07 12:20:00,3861.0,3861.0
15197.0,2010-12-16 18:01:00,556.5,556.5
15197.0,2011-04-01 11:50:00,216.75,773.25
15197.0,2011-11-29 10:00:00,306.36,1079.61
15198.0,2011-08-07 15:16:00,107.64,107.64
15198.0,2011-09-08 14:42:00,86.0,193.64
15199.0,2011-02-04 14:04:00,353.1,353.1
15199.0,2011-04-18 12:45:00,304.05,657.15
15199.0,2011-09-06 10:12:00,310.6,967.75
15199.0,2011-10-11 15:12:00,300.95,1268.7
15201.0,2011-04-06 14:02:00,301.48,301.48
15201.0,2011-05-19 16:09:00,300.79,602.27
15201.0,2011-08-05 13:28:00,301.41,903.68
15201.0,2011-08-05 14:05:00,29.58,933.26
15201.0,2011-09-13 14:53:00,303.28,1236.54
15203.0,2011-02-01 12:29:00,211.94,211.94
15203.0,2011-05-25 15:31:00,480.96,692.9
15203.0,2011-07-26 13:03:00,301.98,994.88
15203.0,2011-08-26 09:58:00,333.44,1328.32
15203.0,2011-09-21 12:28:00,189.4,1517.72
15203.0,2011-11-14 08:16:00,310.08,1827.8
15204.0,2010-12-17 13:49:00,316.58,316.58
15205.0,2011-08-04 16:07:00,476.3,476.3
15205.0,2011-09-15 19:36:00,176.94,653.24
15206.0,2011-03-09 08:59:00,17.7,17.7
15206.0,2011-07-17 11:26:00,35.4,53.1
15206.0,2011-09-01 11:41:00,183.6,236.7
15206.0,2011-11-29 13:41:00,183.6,420.3
15208.0,2010-12-21 13:03:00,65.4,65.4
15208.0,2011-06-29 13:51:00,258.12,323.52
15208.0,2011-10-07 14:43:00,172.3,495.82
15208.0,2011-11-08 14:39:00,166.7,662.52
15208.0,2011-12-08 17:24:00,207.6,870.12
15210.0,2011-04-28 16:11:00,331.18,331.18
15211.0,2010-12-09 16:08:00,383.07,383.07
15211.0,2011-10-10 13:31:00,511.34,894.41
15212.0,2011-04-12 13:45:00,101.8,101.8
15213.0,2011-01-14 11:05:00,313.2,313.2
15213.0,2011-01-25 12:21:00,15.15,328.35
15214.0,2011-04-11 09:46:00,514.93,514.93
15214.0,2011-06-09 09:44:00,136.7,651.63
15214.0,2011-09-25 16:06:00,305.12,956.75
15214.0,2011-10-07 09:56:00,104.6,1061.35
15214.0,2011-11-01 10:12:00,183.2,1244.55
15214.0,2011-11-15 10:56:00,108.43,1352.98
15214.0,2011-11-29 14:51:00,179.7,1532.68
15214.0,2011-12-08 12:07:00,128.76,1661.44
15215.0,2011-09-04 12:24:00,300.04,300.04
15215.0,2011-10-24 11:40:00,381.0,681.04
15215.0,2011-10-24 11:41:00,53.9,734.94
15216.0,2011-09-13 11:41:00,96.6,96.6
15218.0,2011-01-25 11:20:00,581.66,581.66
15218.0,2011-03-21 10:54:00,527.85,1109.51
15218.0,2011-05-06 10:36:00,647.75,1757.26
15218.0,2011-06-14 11:23:00,690.34,2447.6
15218.0,2011-07-25 11:36:00,414.25,2861.85
15218.0,2011-07-25 11:43:00,298.2,3160.05
15218.0,2011-08-15 12:04:00,623.7,3783.75
15218.0,2011-08-15 12:06:00,81.6,3865.35
15218.0,2011-09-26 12:10:00,780.56,4645.91
15218.0,2011-10-17 08:59:00,303.3,4949.21
15218.0,2011-11-29 11:48:00,807.68,5756.89
15219.0,2011-06-16 16:57:00,305.75,305.75
15220.0,2011-03-04 10:24:00,316.11,316.11
15220.0,2011-04-14 17:29:00,195.68,511.79
15220.0,2011-05-20 11:33:00,346.4,858.19
15220.0,2011-06-23 10:52:00,88.62,946.81
15220.0,2011-08-16 14:28:00,337.24,1284.05
15220.0,2011-10-19 12:39:00,494.91,1778.96
15221.0,2010-12-08 13:08:00,403.25,403.25
15222.0,2011-01-25 08:03:00,585.0,585.0
15223.0,2011-04-04 12:17:00,300.85,300.85
15223.0,2011-04-28 11:31:00,454.9,755.75
15224.0,2010-12-12 12:34:00,11.6,11.6
15224.0,2010-12-16 15:02:00,310.48,322.08
15225.0,2011-04-19 14:51:00,409.4,409.4
15226.0,2011-02-02 11:41:00,154.41,154.41
15227.0,2011-01-26 15:31:00,318.23,318.23
15227.0,2011-02-28 12:47:00,306.84,625.07
15227.0,2011-05-08 10:11:00,251.75,876.82
15227.0,2011-11-03 11:58:00,312.58,1189.4
15227.0,2011-11-03 11:59:00,30.0,1219.4
15228.0,2011-02-18 09:04:00,904.85,904.85
15228.0,2011-06-23 14:12:00,348.6,1253.45
15228.0,2011-08-02 12:27:00,970.58,2224.03
15228.0,2011-10-04 13:56:00,1162.68,3386.71
15230.0,2011-04-13 11:04:00,370.2,370.2
15230.0,2011-04-14 14:39:00,59.4,429.6
15232.0,2011-07-22 12:21:00,310.36,310.36
15232.0,2011-08-18 16:27:00,301.7,612.06
15234.0,2011-03-08 08:53:00,197.0,197.0
15235.0,2010-12-01 17:22:00,79.5,79.5
15235.0,2010-12-05 15:02:00,85.55,165.05
15235.0,2010-12-23 11:24:00,529.59,694.64
15235.0,2011-01-05 09:51:00,112.65,807.29
15235.0,2011-01-21 14:38:00,169.75,977.04
15235.0,2011-01-21 14:39:00,91.8,1068.84
15235.0,2011-02-03 15:27:00,244.2,1313.04
15235.0,2011-02-28 09:43:00,147.9,1460.94
15235.0,2011-04-07 10:11:00,229.3,1690.24
15235.0,2011-04-14 16:58:00,186.5,1876.74
15235.0,2011-05-06 09:44:00,370.77,2247.51
15236.0,2011-02-14 10:52:00,321.05,321.05
15237.0,2011-04-26 15:04:00,938.92,938.92
15237.0,2011-05-20 14:47:00,154.73,1093.65
15237.0,2011-09-22 15:28:00,235.07,1328.72
15237.0,2011-12-08 09:46:00,83.6,1412.32
15238.0,2011-06-08 16:00:00,300.14,300.14
15238.0,2011-09-05 15:26:00,472.64,772.78
15238.0,2011-11-10 14:28:00,299.21,1071.99
15239.0,2011-09-22 09:53:00,461.79,461.79
15239.0,2011-11-29 14:14:00,318.8,780.59
15240.0,2011-02-01 08:23:00,312.9,312.9
15240.0,2011-04-12 10:30:00,316.2,629.1
15240.0,2011-06-01 11:27:00,416.28,1045.38
15240.0,2011-09-16 13:45:00,337.17,1382.55
15240.0,2011-10-26 09:50:00,324.02,1706.57
15241.0,2011-03-01 11:02:00,395.33,395.33
15241.0,2011-05-26 16:11:00,201.97,597.3
15241.0,2011-05-31 15:30:00,368.1,965.4
15241.0,2011-06-09 09:39:00,99.96,1065.36
15241.0,2011-07-07 15:41:00,205.1,1270.46
15241.0,2011-08-04 16:41:00,74.4,1344.86
15241.0,2011-09-27 14:00:00,66.66,1411.52
15241.0,2011-10-04 09:05:00,344.92,1756.44
15243.0,2011-09-26 14:12:00,316.68,316.68
15244.0,2011-04-05 15:12:00,297.94,297.94
15244.0,2011-10-05 13:19:00,333.63,631.57
15245.0,2011-03-23 13:42:00,1251.48,1251.48
15245.0,2011-06-05 13:29:00,486.24,1737.72
15245.0,2011-07-28 18:56:00,778.12,2515.84
15246.0,2010-12-16 09:46:00,186.0,186.0
15246.0,2011-04-15 14:45:00,328.15,514.15
15247.0,2011-08-09 12:52:00,356.0,356.0
15249.0,2011-03-28 12:49:00,1001.82,1001.82
15249.0,2011-04-15 14:14:00,327.2,1329.02
15249.0,2011-04-20 11:12:00,478.2,1807.22
15249.0,2011-05-09 15:29:00,485.76,2292.98
15249.0,2011-05-27 10:20:00,548.39,2841.37
15249.0,2011-07-07 12:10:00,819.0,3660.37
15249.0,2011-08-04 10:43:00,615.5,4275.87
15249.0,2011-08-12 11:08:00,384.6,4660.47
15249.0,2011-08-24 09:56:00,330.74,4991.21
15249.0,2011-08-24 10:19:00,365.82,5357.03
15249.0,2011-09-09 11:46:00,282.31,5639.34
15249.0,2011-10-05 11:37:00,641.57,6280.91
15249.0,2011-11-08 11:45:00,407.55,6688.46
15251.0,2011-04-12 10:38:00,2846.02,2846.02
15251.0,2011-05-13 10:14:00,1249.7,4095.72
15251.0,2011-06-14 12:09:00,1393.48,5489.2
15251.0,2011-07-12 15:56:00,757.6,6246.8
15251.0,2011-07-20 09:23:00,464.72,6711.52
15251.0,2011-08-04 19:20:00,492.0,7203.52
15251.0,2011-08-25 10:49:00,248.6,7452.12
15251.0,2011-09-09 15:53:00,2243.7,9695.82
15251.0,2011-10-30 12:43:00,246.85,9942.67
15251.0,2011-10-30 12:45:00,178.44,10121.11
15251.0,2011-11-30 15:02:00,363.88,10484.99
15252.0,2011-06-09 14:15:00,300.55,300.55
15252.0,2011-11-03 13:30:00,440.23,740.78
15253.0,2011-06-23 12:19:00,173.85,173.85
15253.0,2011-09-12 12:32:00,466.75,640.6
15253.0,2011-11-23 16:20:00,256.8,897.4
15253.0,2011-11-23 16:22:00,20.8,918.2
15254.0,2011-08-04 15:04:00,300.36,300.36
15255.0,2011-10-04 12:43:00,890.85,890.85
15256.0,2011-07-14 11:47:00,98.45,98.45
15257.0,2011-03-01 12:58:00,317.15,317.15
15258.0,2011-05-06 14:16:00,315.66,315.66
15258.0,2011-06-24 12:30:00,307.5,623.16
15260.0,2010-12-02 12:09:00,420.5,420.5
15260.0,2011-04-20 10:39:00,267.7,688.2
15260.0,2011-05-20 13:40:00,194.4,882.6
15260.0,2011-06-06 11:59:00,387.88,1270.48
15260.0,2011-07-20 15:33:00,345.14,1615.62
15260.0,2011-08-31 13:55:00,195.15,1810.77
15261.0,2011-07-27 15:20:00,254.82,254.82
15262.0,2011-01-20 12:16:00,178.95,178.95
15263.0,2011-08-25 10:26:00,156.51,156.51
15264.0,2011-10-06 13:49:00,393.74,393.74
15265.0,2011-04-18 12:16:00,712.24,712.24
15265.0,2011-07-11 14:46:00,793.88,1506.12
15266.0,2011-01-05 13:40:00,119.3,119.3
15267.0,2011-06-10 10:24:00,1035.76,1035.76
15267.0,2011-07-07 11:36:00,372.0,1407.76
15267.0,2011-10-12 11:09:00,120.0,1527.76
15267.0,2011-10-28 11:56:00,60.0,1587.76
15267.0,2011-11-17 15:59:00,129.6,1717.36
15269.0,2011-11-16 09:32:00,408.8,408.8
15270.0,2011-02-02 13:25:00,375.4,375.4
15270.0,2011-02-02 14:38:00,307.3,682.7
15270.0,2011-02-11 11:36:00,330.8,1013.5
15270.0,2011-04-15 09:43:00,300.25,1313.75
15270.0,2011-08-14 10:38:00,536.54,1850.29
15270.0,2011-11-24 09:23:00,264.6,2114.89
15270.0,2011-11-24 09:24:00,264.6,2379.49
15271.0,2010-12-09 13:47:00,111.75,111.75
15271.0,2011-01-06 10:46:00,253.1,364.85
15271.0,2011-04-14 12:38:00,147.6,512.45
15271.0,2011-05-03 12:16:00,106.66,619.11
15271.0,2011-05-19 17:18:00,116.5,735.61
15271.0,2011-06-12 15:31:00,175.09,910.7
15271.0,2011-06-30 08:17:00,145.75,1056.45
15271.0,2011-08-02 14:50:00,174.11,1230.56
15271.0,2011-08-15 14:35:00,141.78,1372.34
15271.0,2011-09-06 09:49:00,224.28,1596.62
15271.0,2011-10-13 15:28:00,79.5,1676.12
15271.0,2011-10-24 13:37:00,364.14,2040.26
15271.0,2011-11-03 12:28:00,91.59,2131.85
15271.0,2011-11-13 13:26:00,183.14,2314.99
15271.0,2011-12-02 14:11:00,192.08,2507.07
15272.0,2011-09-14 16:36:00,298.96,298.96
15272.0,2011-10-13 12:59:00,422.98,721.94
15274.0,2011-11-21 14:17:00,383.99,383.99
15274.0,2011-12-05 16:57:00,332.58,716.57
15275.0,2011-11-02 11:20:00,615.14,615.14
15276.0,2011-10-04 16:39:00,135.31,135.31
15277.0,2011-10-24 10:08:00,255.9,255.9
15279.0,2010-12-20 10:48:00,290.51,290.51
15280.0,2011-06-20 17:14:00,113.12,113.12
15281.0,2011-01-10 15:51:00,780.42,780.42
15281.0,2011-02-25 12:37:00,234.15,1014.57
15281.0,2011-04-07 10:38:00,104.4,1118.97
15281.0,2011-04-21 16:37:00,252.23,1371.2
15281.0,2011-05-22 10:57:00,508.11,1879.31
15281.0,2011-05-26 10:03:00,48.1,1927.41
15281.0,2011-07-17 11:27:00,49.55,1976.96
15281.0,2011-07-26 09:23:00,214.82,2191.78
15281.0,2011-10-12 09:10:00,140.37,2332.15
15286.0,2011-10-21 11:08:00,240.55,240.55
15287.0,2011-09-30 12:30:00,340.98,340.98
15287.0,2011-11-17 15:34:00,145.71,486.69
15288.0,2010-12-09 13:59:00,165.65,165.65
15288.0,2011-03-20 14:35:00,986.75,1152.4
15288.0,2011-05-23 10:38:00,471.6,1624.0
15288.0,2011-07-07 10:28:00,382.36,2006.36
15288.0,2011-10-27 16:58:00,300.16,2306.52
15289.0,2011-04-04 12:44:00,375.45,375.45
15289.0,2011-07-25 11:01:00,322.53,697.98
15289.0,2011-11-10 13:49:00,241.8,939.78
15290.0,2010-12-15 16:03:00,219.6,219.6
15290.0,2011-01-13 10:04:00,289.5,509.1
15290.0,2011-01-14 16:29:00,45.0,554.1
15290.0,2011-02-18 10:16:00,298.73,852.83
15290.0,2011-03-07 13:52:00,246.3,1099.13
15290.0,2011-03-29 13:53:00,280.85,1379.98
15290.0,2011-04-20 14:41:00,290.4,1670.38
15290.0,2011-05-20 14:35:00,362.19,2032.57
15290.0,2011-07-04 13:28:00,457.3,2489.87
15290.0,2011-08-03 12:33:00,526.22,3016.09
15290.0,2011-08-25 09:56:00,341.1,3357.19
15290.0,2011-08-28 10:54:00,35.4,3392.59
15290.0,2011-09-21 14:07:00,1067.28,4459.87
15290.0,2011-10-28 12:40:00,1510.36,5970.23
15290.0,2011-11-08 17:19:00,435.28,6405.51
15290.0,2011-12-01 16:28:00,1274.69,7680.2
15290.0,2011-12-05 11:38:00,60.4,7740.6
15290.0,2011-12-05 11:39:00,202.62,7943.22
15291.0,2010-12-01 09:32:00,328.8,328.8
15291.0,2010-12-17 10:32:00,320.1,648.9
15291.0,2011-01-12 16:14:00,408.29,1057.19
15291.0,2011-01-18 10:41:00,315.0,1372.19
15291.0,2011-03-07 16:14:00,45.0,1417.19
15291.0,2011-03-10 16:26:00,330.6,1747.79
15291.0,2011-03-17 09:13:00,232.4,1980.19
15291.0,2011-04-01 13:02:00,396.0,2376.19
15291.0,2011-04-06 10:07:00,303.4,2679.59
15291.0,2011-06-12 11:41:00,301.42,2981.01
15291.0,2011-06-20 09:44:00,325.26,3306.27
15291.0,2011-09-06 09:15:00,378.75,3685.02
15291.0,2011-11-04 13:31:00,461.16,4146.18
15291.0,2011-11-07 13:57:00,204.0,4350.18
15291.0,2011-11-14 11:02:00,318.12,4668.3
15292.0,2011-05-22 15:00:00,180.94,180.94
15296.0,2011-01-17 11:57:00,1199.33,1199.33
15296.0,2011-05-11 13:18:00,578.48,1777.81
15296.0,2011-06-09 11:49:00,299.78,2077.59
15296.0,2011-06-17 11:06:00,13.9,2091.49
15296.0,2011-08-22 14:20:00,508.0,2599.49
15296.0,2011-10-20 11:47:00,1073.37,3672.86
15297.0,2011-10-07 09:42:00,230.46,230.46
15297.0,2011-11-10 14:38:00,149.8,380.26
15297.0,2011-11-29 16:32:00,261.68,641.94
15298.0,2010-12-08 13:55:00,397.6,397.6
15298.0,2011-01-05 16:00:00,305.74,703.34
15298.0,2011-01-19 09:45:00,169.74,873.08
15298.0,2011-03-22 12:31:00,365.36,1238.44
15298.0,2011-06-05 15:06:00,538.76,1777.2
15298.0,2011-07-20 14:58:00,990.0,2767.2
15298.0,2011-09-08 08:56:00,591.02,3358.22
15298.0,2011-10-30 11:08:00,463.82,3822.04
15298.0,2011-10-30 11:09:00,12.48,3834.52
15298.0,2011-11-17 13:00:00,301.64,4136.16
15298.0,2011-11-29 10:23:00,351.52,4487.68
15298.0,2011-12-07 17:17:00,312.22,4799.9
15299.0,2010-12-02 16:48:00,1003.2,1003.2
15299.0,2010-12-02 16:50:00,303.96,1307.16
15299.0,2010-12-02 16:51:00,527.85,1835.01
15299.0,2011-03-21 12:06:00,600.0,2435.01
15299.0,2011-06-28 17:01:00,600.0,3035.01
15299.0,2011-10-03 14:18:00,830.0,3865.01
15299.0,2011-10-03 14:19:00,642.0,4507.01
15300.0,2011-10-06 17:08:00,496.44,496.44
15301.0,2010-12-06 12:21:00,673.37,673.37
15301.0,2011-03-17 10:52:00,622.5,1295.87
15301.0,2011-04-26 13:05:00,501.22,1797.09
15301.0,2011-05-18 10:41:00,306.91,2104.0
15301.0,2011-06-05 15:53:00,557.85,2661.85
15301.0,2011-06-05 15:54:00,114.06,2775.91
15301.0,2011-06-20 13:06:00,37.2,2813.11
15301.0,2011-07-15 13:57:00,410.85,3223.96
15301.0,2011-08-18 09:45:00,523.84,3747.8
15301.0,2011-09-28 09:41:00,273.1,4020.9
15301.0,2011-09-28 09:43:00,445.69,4466.59
15301.0,2011-10-20 09:57:00,603.76,5070.35
15303.0,2011-02-22 13:59:00,574.02,574.02
15304.0,2010-12-06 11:42:00,123.15,123.15
15304.0,2011-03-03 09:39:00,105.45,228.6
15304.0,2011-03-24 16:30:00,51.0,279.6
15304.0,2011-04-18 09:06:00,51.0,330.6
15304.0,2011-05-05 09:29:00,51.0,381.6
15304.0,2011-06-28 08:19:00,110.3,491.9
15304.0,2011-09-15 08:55:00,90.6,582.5
15304.0,2011-10-10 10:23:00,111.9,694.4
15306.0,2011-07-14 15:22:00,344.62,344.62
15306.0,2011-09-08 12:47:00,312.45,657.07
15306.0,2011-10-06 12:56:00,517.28,1174.35
15307.0,2011-09-05 11:38:00,205.3,205.3
15308.0,2011-03-10 13:08:00,310.47,310.47
15311.0,2010-12-01 09:41:00,449.98,449.98
15311.0,2010-12-05 13:55:00,650.64,1100.62
15311.0,2010-12-08 13:23:00,251.09,1351.71
15311.0,2010-12-09 14:15:00,272.36,1624.07
15311.0,2010-12-13 15:07:00,280.94,1905.01
15311.0,2010-12-14 13:58:00,152.4,2057.41
15311.0,2010-12-16 13:33:00,228.5,2285.91
15311.0,2010-12-20 15:30:00,134.14,2420.05
15311.0,2010-12-23 14:40:00,256.61,2676.66
15311.0,2011-01-05 11:41:00,1145.33,3821.99
15311.0,2011-01-07 14:43:00,141.48,3963.47
15311.0,2011-01-10 16:24:00,434.04,4397.51
15311.0,2011-01-12 13:30:00,342.46,4739.97
15311.0,2011-01-14 13:52:00,416.54,5156.51
15311.0,2011-01-17 13:39:00,394.57,5551.08
15311.0,2011-01-19 13:21:00,577.02,6128.1
15311.0,2011-01-21 14:17:00,387.87,6515.97
15311.0,2011-01-25 11:07:00,1368.38,7884.35
15311.0,2011-01-27 16:30:00,305.25,8189.6
15311.0,2011-02-01 13:25:00,1003.23,9192.83
15311.0,2011-02-03 14:15:00,610.16,9802.99
15311.0,2011-02-08 14:06:00,694.27,10497.26
15311.0,2011-02-11 13:36:00,350.82,10848.08
15311.0,2011-02-15 13:19:00,784.74,11632.82
15311.0,2011-02-18 12:27:00,518.2,12151.02
15311.0,2011-02-23 12:00:00,726.83,12877.85
15311.0,2011-03-01 11:48:00,1390.06,14267.91
15311.0,2011-03-04 13:39:00,935.54,15203.45
15311.0,2011-03-08 13:12:00,896.71,16100.16
15311.0,2011-03-11 13:03:00,826.07,16926.23
15311.0,2011-03-14 13:04:00,2420.95,19347.18
15311.0,2011-04-04 13:26:00,25.09,19372.27
15311.0,2011-04-04 13:57:00,1713.74,21086.01
15311.0,2011-04-06 11:43:00,703.54,21789.55
15311.0,2011-04-10 11:11:00,862.82,22652.37
15311.0,2011-04-18 14:50:00,1026.61,23678.98
15311.0,2011-04-28 15:29:00,173.43,23852.41
15311.0,2011-05-04 13:34:00,453.02,24305.43
15311.0,2011-05-10 12:20:00,2764.29,27069.72
15311.0,2011-05-18 14:08:00,870.92,27940.64
15311.0,2011-05-23 12:59:00,638.24,28578.88
15311.0,2011-05-25 12:34:00,714.77,29293.65
15311.0,2011-05-27 13:49:00,373.04,29666.69
15311.0,2011-06-02 11:45:00,1541.98,31208.67
15311.0,2011-06-07 13:56:00,2517.44,33726.11
15311.0,2011-06-13 13:25:00,149.2,33875.31
15311.0,2011-06-17 13:37:00,411.48,34286.79
15311.0,2011-06-21 14:31:00,1966.66,36253.45
15311.0,2011-06-29 13:40:00,856.32,37109.77
15311.0,2011-07-06 13:56:00,683.91,37793.68
15311.0,2011-07-08 12:53:00,454.28,38247.96
15311.0,2011-07-13 13:27:00,152.81,38400.77
15311.0,2011-07-15 13:13:00,472.81,38873.58
15311.0,2011-07-19 12:54:00,750.93,39624.51
15311.0,2011-07-21 12:33:00,460.7,40085.21
15311.0,2011-07-26 12:28:00,1648.73,41733.94
15311.0,2011-07-28 18:23:00,112.56,41846.5
15311.0,2011-08-02 13:16:00,189.94,42036.44
15311.0,2011-08-08 12:34:00,159.92,42196.36
15311.0,2011-08-10 13:15:00,205.32,42401.68
15311.0,2011-08-15 12:44:00,626.06,43027.74
15311.0,2011-08-18 10:36:00,1964.85,44992.59
15311.0,2011-08-19 15:06:00,138.68,45131.27
15311.0,2011-09-02 12:25:00,300.2,45431.47
15311.0,2011-09-06 14:38:00,724.01,46155.48
15311.0,2011-09-13 11:51:00,679.69,46835.17
15311.0,2011-09-16 13:31:00,257.3,47092.47
15311.0,2011-09-21 12:56:00,597.45,47689.92
15311.0,2011-09-23 11:22:00,157.14,47847.06
15311.0,2011-09-27 12:17:00,626.52,48473.58
15311.0,2011-10-03 13:31:00,607.33,49080.91
15311.0,2011-10-07 11:58:00,291.26,49372.17
15311.0,2011-10-12 12:24:00,1229.42,50601.59
15311.0,2011-10-16 15:45:00,273.99,50875.58
15311.0,2011-10-18 11:13:00,131.4,51006.98
15311.0,2011-10-21 13:03:00,97.25,51104.23
15311.0,2011-10-26 13:45:00,423.81,51528.04
15311.0,2011-10-28 13:12:00,284.09,51812.13
15311.0,2011-11-01 12:00:00,358.59,52170.72
15311.0,2011-11-04 13:34:00,627.0,52797.72
15311.0,2011-11-09 13:34:00,275.41,53073.13
15311.0,2011-11-11 17:00:00,4041.18,57114.31
15311.0,2011-11-15 13:32:00,273.52,57387.83
15311.0,2011-11-18 13:44:00,266.91,57654.74
15311.0,2011-11-22 13:08:00,714.09,58368.83
15311.0,2011-11-24 14:10:00,150.76,58519.59
15311.0,2011-11-25 13:52:00,790.06,59309.65
15311.0,2011-11-29 13:12:00,282.18,59591.83
15311.0,2011-12-02 13:21:00,252.11,59843.94
15311.0,2011-12-06 12:59:00,429.36,60273.3
15311.0,2011-12-09 12:00:00,494.6,60767.9
15312.0,2010-12-20 12:51:00,289.74,289.74
15312.0,2011-05-08 15:22:00,318.16,607.9
15312.0,2011-08-28 14:00:00,186.9,794.8
15312.0,2011-09-25 13:10:00,130.05,924.85
15313.0,2011-08-21 16:02:00,52.0,52.0
15314.0,2011-05-24 14:39:00,327.97,327.97
15315.0,2011-08-15 15:17:00,233.54,233.54
15315.0,2011-10-06 12:51:00,336.96,570.5
15316.0,2011-01-17 11:34:00,165.0,165.0
15318.0,2011-12-06 11:30:00,312.62,312.62
15319.0,2011-03-01 12:48:00,204.5,204.5
15320.0,2011-10-26 13:27:00,267.13,267.13
15321.0,2011-02-21 11:10:00,1159.47,1159.47
15321.0,2011-09-30 09:39:00,1238.54,2398.01
15321.0,2011-09-30 09:40:00,350.3,2748.31
15322.0,2011-09-15 09:34:00,679.68,679.68
15325.0,2011-08-28 11:55:00,162.29,162.29
15326.0,2011-01-10 11:38:00,311.71,311.71
15327.0,2011-10-18 11:55:00,208.75,208.75
15329.0,2011-06-21 10:37:00,309.1,309.1
15329.0,2011-07-28 15:31:00,444.9,754.0
15329.0,2011-10-31 15:36:00,295.7,1049.7
15330.0,2011-10-10 12:30:00,320.4,320.4
15330.0,2011-11-07 17:50:00,394.56,714.96
15332.0,2010-12-05 12:00:00,1145.06,1145.06
15332.0,2010-12-05 12:01:00,438.0,1583.06
15332.0,2010-12-05 12:02:00,15.0,1598.06
15332.0,2010-12-08 14:43:00,63.0,1661.06
15333.0,2011-05-15 13:27:00,1028.56,1028.56
15334.0,2011-06-19 13:51:00,114.5,114.5
15334.0,2011-06-29 14:20:00,109.64,224.14
15334.0,2011-07-06 11:22:00,127.53,351.67
15335.0,2011-10-17 12:50:00,173.97,173.97
15339.0,2011-01-25 13:15:00,257.9,257.9
15339.0,2011-10-04 12:51:00,316.17,574.07
15341.0,2011-09-20 09:40:00,2020.52,2020.52
15342.0,2011-08-02 10:19:00,406.09,406.09
15343.0,2011-09-13 13:55:00,364.5,364.5
15344.0,2011-09-26 14:48:00,308.69,308.69
15344.0,2011-11-07 17:08:00,151.95,460.64
15344.0,2011-12-09 10:45:00,103.3,563.94
15345.0,2011-10-25 11:28:00,393.54,393.54
15346.0,2011-01-11 11:18:00,252.42,252.42
15347.0,2010-12-08 15:25:00,201.6,201.6
15348.0,2011-09-28 13:17:00,158.04,158.04
15349.0,2011-06-05 15:46:00,366.11,366.11
15349.0,2011-07-04 16:06:00,107.7,473.81
15350.0,2010-12-01 13:33:00,115.65,115.65
15351.0,2010-12-05 11:49:00,274.67,274.67
15351.0,2011-09-21 15:54:00,601.57,876.24
15351.0,2011-10-05 15:04:00,141.35,1017.59
15351.0,2011-10-11 14:54:00,103.4,1120.99
15351.0,2011-10-16 12:06:00,269.96,1390.95
15351.0,2011-11-06 16:14:00,253.02,1643.97
15351.0,2011-11-27 12:52:00,316.14,1960.11
15353.0,2010-12-07 11:49:00,311.65,311.65
15353.0,2011-03-30 12:15:00,465.37,777.02
15355.0,2011-10-17 15:22:00,126.25,126.25
15355.0,2011-11-10 13:44:00,150.8,277.05
15356.0,2010-12-06 14:05:00,150.22,150.22
15356.0,2010-12-14 11:26:00,215.32,365.54
15356.0,2011-02-16 12:11:00,254.19,619.73
15356.0,2011-04-01 15:37:00,212.13,831.86
15356.0,2011-05-05 13:14:00,369.95,1201.81
15356.0,2011-06-17 14:44:00,405.76,1607.57
15356.0,2011-07-07 13:02:00,370.15,1977.72
15356.0,2011-08-26 13:25:00,301.92,2279.64
15356.0,2011-09-29 13:11:00,336.82,2616.46
15356.0,2011-11-08 13:11:00,150.04,2766.5
15358.0,2010-12-09 10:04:00,624.55,624.55
15358.0,2011-01-05 13:53:00,653.86,1278.41
15358.0,2011-01-27 08:30:00,490.88,1769.29
15358.0,2011-02-15 08:18:00,367.76,2137.05
15358.0,2011-02-15 08:21:00,281.8,2418.85
15358.0,2011-03-04 14:41:00,829.85,3248.7
15358.0,2011-03-04 14:42:00,208.2,3456.9
15358.0,2011-04-12 14:43:00,362.26,3819.16
15358.0,2011-05-16 09:40:00,439.75,4258.91
15358.0,2011-05-16 09:42:00,104.16,4363.07
15358.0,2011-06-14 09:42:00,201.84,4564.91
15358.0,2011-06-14 09:43:00,212.04,4776.95
15358.0,2011-07-26 09:51:00,152.66,4929.61
15358.0,2011-08-11 12:44:00,710.2,5639.81
15358.0,2011-09-12 09:57:00,405.86,6045.67
15358.0,2011-09-26 11:02:00,524.61,6570.28
15358.0,2011-09-26 11:04:00,164.58,6734.86
15358.0,2011-10-21 12:44:00,402.58,7137.44
15358.0,2011-11-04 13:44:00,379.7,7517.14
15358.0,2011-12-05 09:03:00,778.04,8295.18
15358.0,2011-12-05 09:04:00,52.02,8347.2
15360.0,2011-10-31 09:35:00,427.93,427.93
15361.0,2010-12-13 09:52:00,418.92,418.92
15363.0,2010-12-02 12:28:00,326.0,326.0
15364.0,2011-03-30 13:39:00,331.8,331.8
15364.0,2011-09-05 09:46:00,581.39,913.19
15365.0,2011-01-28 13:08:00,208.61,208.61
15365.0,2011-09-04 15:37:00,752.67,961.28
15365.0,2011-09-19 10:43:00,765.15,1726.43
15365.0,2011-09-19 10:44:00,218.72,1945.15
15365.0,2011-11-14 08:27:00,15.0,1960.15
15365.0,2011-11-14 08:28:00,218.72,2178.87
15365.0,2011-11-14 08:29:00,135.45,2314.32
15366.0,2010-12-16 15:59:00,105.54,105.54
15366.0,2011-09-25 15:01:00,496.97,602.51
15367.0,2011-03-09 13:53:00,764.58,764.58
15367.0,2011-04-08 11:50:00,651.6,1416.18
15367.0,2011-10-13 14:10:00,434.41,1850.59
15367.0,2011-10-13 14:13:00,27.0,1877.59
15368.0,2011-11-18 14:42:00,446.94,446.94
15370.0,2011-01-11 11:32:00,184.2,184.2
15370.0,2011-02-15 14:19:00,570.02,754.22
15370.0,2011-05-20 09:38:00,373.72,1127.94
15370.0,2011-07-21 18:36:00,385.52,1513.46
15370.0,2011-09-29 13:35:00,525.79,2039.25
15370.0,2011-10-11 10:22:00,33.0,2072.25
15370.0,2011-10-30 10:58:00,313.8,2386.05
15372.0,2011-07-25 16:39:00,2007.4,2007.4
15373.0,2010-12-03 14:40:00,334.3,334.3
15373.0,2010-12-15 10:40:00,202.8,537.1
15373.0,2011-01-26 12:38:00,211.35,748.45
15373.0,2011-02-23 10:57:00,151.55,900.0
15373.0,2011-03-30 11:18:00,176.21,1076.21
15373.0,2011-05-13 12:53:00,115.54,1191.75
15373.0,2011-06-19 14:08:00,328.55,1520.3
15373.0,2011-08-16 08:50:00,17.0,1537.3
15373.0,2011-08-16 08:52:00,149.6,1686.9
15373.0,2011-11-16 11:09:00,21.0,1707.9
15373.0,2011-11-21 09:55:00,362.48,2070.38
15373.0,2011-12-01 15:05:00,345.53,2415.91
15374.0,2011-08-03 09:59:00,168.0,168.0
15376.0,2011-05-01 13:45:00,654.17,654.17
15376.0,2011-08-14 15:39:00,334.85,989.02
15376.0,2011-10-30 15:04:00,244.34,1233.36
15379.0,2010-12-16 13:02:00,1491.46,1491.46
15379.0,2011-01-06 14:07:00,660.15,2151.61
15379.0,2011-01-20 14:01:00,530.48,2682.09
15379.0,2011-03-09 13:50:00,371.84,3053.93
15379.0,2011-05-15 12:55:00,209.18,3263.11
15379.0,2011-06-06 15:06:00,309.38,3572.49
15379.0,2011-06-23 13:13:00,130.8,3703.29
15380.0,2010-12-09 15:01:00,230.1,230.1
15380.0,2011-07-21 16:33:00,352.46,582.56
15380.0,2011-09-14 15:41:00,422.0,1004.56
15380.0,2011-10-24 10:30:00,300.4,1304.96
15380.0,2011-12-01 12:13:00,385.3,1690.26
15381.0,2011-03-16 13:44:00,282.3,282.3
15381.0,2011-05-10 11:55:00,314.55,596.85
15382.0,2011-02-17 12:01:00,1019.42,1019.42
15382.0,2011-05-13 12:50:00,568.6,1588.02
15382.0,2011-06-08 11:56:00,512.7,2100.72
15382.0,2011-06-08 11:57:00,26.4,2127.12
15382.0,2011-09-16 09:27:00,2582.78,4709.9
15382.0,2011-11-25 10:58:00,1245.81,5955.71
15384.0,2010-12-15 11:34:00,303.57,303.57
15384.0,2011-06-23 10:57:00,338.84,642.41
15385.0,2011-10-30 15:11:00,316.88,316.88
15386.0,2011-06-06 13:47:00,394.14,394.14
15388.0,2011-03-14 13:53:00,140.54,140.54
15389.0,2011-06-20 16:18:00,500.0,500.0
15392.0,2010-12-14 15:50:00,338.98,338.98
15392.0,2011-09-12 10:01:00,326.48,665.46
15392.0,2011-11-09 13:37:00,565.66,1231.12
15392.0,2011-12-05 11:01:00,304.41,1535.53
15393.0,2011-03-03 16:58:00,124.1,124.1
15393.0,2011-11-23 16:48:00,107.76,231.86
15394.0,2010-12-16 12:46:00,587.66,587.66
15394.0,2011-05-19 14:27:00,848.78,1436.44
15394.0,2011-09-22 15:51:00,417.7,1854.14
15394.0,2011-11-30 11:49:00,329.4,2183.54
15395.0,2011-01-18 12:40:00,107.45,107.45
15396.0,2011-08-19 10:56:00,288.18,288.18
15397.0,2011-02-23 09:25:00,94.0,94.0
15398.0,2011-09-22 14:56:00,634.85,634.85
15398.0,2011-11-23 16:47:00,710.68,1345.53
15399.0,2011-09-21 15:57:00,305.17,305.17
15399.0,2011-11-17 15:04:00,243.96,549.13
15399.0,2011-12-08 13:04:00,266.64,815.77
15400.0,2011-03-06 11:27:00,346.1,346.1
15400.0,2011-06-08 13:15:00,112.7,458.8
15400.0,2011-08-03 15:34:00,85.2,544.0
15400.0,2011-08-18 09:48:00,67.2,611.2
15400.0,2011-09-08 13:57:00,105.0,716.2
15402.0,2011-05-27 13:32:00,440.99,440.99
15402.0,2011-07-14 12:17:00,185.78,626.77
15405.0,2011-06-03 14:44:00,349.1,349.1
15406.0,2011-02-11 16:19:00,9.25,9.25
15406.0,2011-02-11 16:20:00,243.04,252.29
15406.0,2011-11-08 13:22:00,258.42,510.71
15407.0,2011-02-07 13:18:00,165.0,165.0
15407.0,2011-05-01 14:58:00,164.86,329.86
15407.0,2011-06-09 11:32:00,410.87,740.73
15407.0,2011-11-06 11:55:00,315.71,1056.44
15408.0,2011-03-20 15:02:00,267.18,267.18
15410.0,2011-03-23 10:15:00,382.6,382.6
15410.0,2011-04-17 14:05:00,258.85,641.45
15410.0,2011-04-17 14:06:00,197.35,838.8
15410.0,2011-05-18 13:13:00,152.17,990.97
15410.0,2011-05-20 13:43:00,809.92,1800.89
15410.0,2011-06-20 11:34:00,561.04,2361.93
15410.0,2011-08-02 08:49:00,340.74,2702.67
15410.0,2011-09-01 19:08:00,386.74,3089.41
15410.0,2011-09-16 14:47:00,361.43,3450.84
15411.0,2011-06-10 12:30:00,156.4,156.4
15411.0,2011-08-07 12:54:00,225.81,382.21
15411.0,2011-09-30 14:07:00,609.05,991.26
15411.0,2011-11-13 15:19:00,367.62,1358.88
15412.0,2011-06-21 15:24:00,190.53,190.53
15414.0,2011-04-11 13:45:00,36.2,36.2
15414.0,2011-11-02 14:58:00,385.3,421.5
15414.0,2011-11-30 09:50:00,353.4,774.9
15415.0,2011-01-30 14:13:00,572.81,572.81
15416.0,2011-03-02 08:41:00,1375.24,1375.24
15416.0,2011-04-14 10:54:00,899.19,2274.43
15416.0,2011-07-07 18:29:00,869.9,3144.33
15416.0,2011-10-06 09:38:00,839.99,3984.32
15417.0,2011-09-15 15:26:00,508.8,508.8
15419.0,2011-11-15 09:23:00,135.86,135.86
15421.0,2011-02-02 14:36:00,295.06,295.06
15421.0,2011-05-08 14:00:00,406.1,701.16
15421.0,2011-05-08 14:02:00,38.2,739.36
15421.0,2011-10-12 09:20:00,211.0,950.36
15422.0,2011-01-20 14:17:00,55.5,55.5
15422.0,2011-01-20 16:17:00,42.2,97.7
15423.0,2011-11-01 14:01:00,43.5,43.5
15424.0,2011-03-30 13:00:00,193.5,193.5
15424.0,2011-03-30 13:02:00,189.84,383.34
15426.0,2010-12-05 13:55:00,411.42,411.42
15426.0,2011-03-27 16:05:00,251.56,662.98
15426.0,2011-11-06 13:54:00,293.86,956.84
15426.0,2011-11-06 13:59:00,44.39,1001.23
15426.0,2011-11-20 15:36:00,446.16,1447.39
15427.0,2011-10-23 14:47:00,371.03,371.03
15427.0,2011-11-06 14:17:00,506.51,877.54
15427.0,2011-11-06 14:29:00,605.6,1483.14
15428.0,2011-11-24 16:54:00,93.78,93.78
15429.0,2011-09-25 13:42:00,243.06,243.06
15429.0,2011-11-13 12:28:00,154.29,397.35
15432.0,2011-11-16 16:30:00,171.19,171.19
15433.0,2011-03-17 14:12:00,372.64,372.64
15433.0,2011-05-10 10:45:00,160.66,533.3
15434.0,2011-05-23 14:18:00,306.96,306.96
15434.0,2011-08-24 16:23:00,247.5,554.46
15434.0,2011-08-24 16:24:00,32.82,587.28
15434.0,2011-11-08 08:18:00,303.3,890.58
15434.0,2011-12-01 13:33:00,150.9,1041.48
15435.0,2011-11-17 16:39:00,149.29,149.29
15436.0,2011-04-19 16:52:00,489.05,489.05
15436.0,2011-10-23 16:19:00,370.27,859.32
15436.0,2011-11-27 16:05:00,263.21,1122.53
15437.0,2011-03-22 13:11:00,200.16,200.16
15438.0,2011-07-31 14:19:00,156.58,156.58
15440.0,2011-05-15 11:30:00,125.8,125.8
15440.0,2011-07-26 14:27:00,111.86,237.66
15440.0,2011-10-16 12:16:00,146.02,383.68
15442.0,2011-04-05 12:24:00,594.0,594.0
15443.0,2011-01-23 13:25:00,437.71,437.71
15443.0,2011-08-22 12:52:00,247.09,684.8
15443.0,2011-09-27 11:58:00,369.54,1054.34
15443.0,2011-10-25 12:54:00,622.69,1677.03
15443.0,2011-11-17 11:12:00,492.51,2169.54
15443.0,2011-11-27 12:29:00,687.86,2857.4
15443.0,2011-12-08 10:40:00,379.51,3236.91
15444.0,2011-10-30 16:12:00,342.9,342.9
15444.0,2011-11-30 17:37:00,1075.36,1418.26
15445.0,2011-03-20 15:06:00,113.5,113.5
15447.0,2011-01-13 11:26:00,155.17,155.17
15448.0,2011-01-31 10:42:00,494.64,494.64
15449.0,2011-03-23 10:43:00,345.92,345.92
15449.0,2011-06-07 16:42:00,301.78,647.7
15449.0,2011-11-13 15:02:00,326.82,974.52
15450.0,2011-11-09 17:11:00,429.84,429.84
15452.0,2011-03-20 15:21:00,247.25,247.25
15452.0,2011-09-29 14:08:00,166.08,413.33
15452.0,2011-11-10 12:13:00,125.4,538.73
15453.0,2011-06-05 12:37:00,197.09,197.09
15453.0,2011-06-23 19:46:00,147.94,345.03
15453.0,2011-07-31 13:07:00,139.98,485.01
15453.0,2011-09-08 15:05:00,227.79,712.8
15453.0,2011-10-14 14:04:00,189.86,902.66
15453.0,2011-11-04 12:21:00,350.43,1253.09
15453.0,2011-12-08 10:59:00,135.28,1388.37
15454.0,2010-12-12 14:21:00,179.1,179.1
15456.0,2010-12-15 15:34:00,243.22,243.22
15456.0,2011-03-01 13:45:00,17.67,260.89
15456.0,2011-03-01 13:51:00,186.33,447.22
15457.0,2011-03-22 15:31:00,237.07,237.07
15458.0,2011-11-14 13:08:00,161.64,161.64
15460.0,2010-12-20 16:08:00,216.76,216.76
15462.0,2011-06-05 15:36:00,105.0,105.0
15462.0,2011-07-19 11:56:00,64.8,169.8
15462.0,2011-09-06 13:11:00,64.8,234.6
15463.0,2011-11-10 12:57:00,126.14,126.14
15464.0,2011-01-05 15:56:00,1048.85,1048.85
15465.0,2010-12-05 10:12:00,535.75,535.75
15465.0,2010-12-15 12:06:00,332.1,867.85
15465.0,2011-01-09 10:26:00,390.3,1258.15
15465.0,2011-01-23 10:29:00,394.05,1652.2
15465.0,2011-02-13 10:24:00,278.65,1930.85
15465.0,2011-02-20 10:28:00,645.56,2576.41
15465.0,2011-03-06 10:07:00,292.75,2869.16
15465.0,2011-03-20 10:17:00,405.0,3274.16
15465.0,2011-03-27 10:18:00,485.45,3759.61
15465.0,2011-04-10 10:10:00,292.8,4052.41
15465.0,2011-04-13 11:29:00,514.05,4566.46
15465.0,2011-04-20 11:57:00,597.0,5163.46
15465.0,2011-06-12 11:07:00,189.05,5352.51
15465.0,2011-07-03 10:11:00,318.91,5671.42
15465.0,2011-07-24 10:03:00,320.71,5992.13
15465.0,2011-09-18 10:19:00,426.95,6419.08
15465.0,2011-10-09 10:13:00,149.1,6568.18
15465.0,2011-11-20 10:11:00,786.44,7354.62
15466.0,2011-09-15 14:08:00,334.53,334.53
15467.0,2011-07-10 14:42:00,288.42,288.42
15467.0,2011-07-17 15:24:00,114.14,402.56
15467.0,2011-11-30 14:17:00,122.32,524.88
15468.0,2011-10-19 13:38:00,447.61,447.61
15468.0,2011-10-19 13:49:00,19.9,467.51
15469.0,2011-08-11 16:54:00,304.3,304.3
15469.0,2011-10-20 16:21:00,234.25,538.55
15471.0,2011-12-07 14:12:00,469.48,469.48
15472.0,2011-08-18 15:17:00,371.56,371.56
15473.0,2011-10-10 11:12:00,547.2,547.2
15473.0,2011-10-10 14:37:00,102.0,649.2
15473.0,2011-10-12 14:28:00,102.0,751.2
15473.0,2011-10-12 14:42:00,102.0,853.2
15473.0,2011-10-12 14:43:00,204.0,1057.2
15473.0,2011-11-11 17:01:00,306.0,1363.2
15473.0,2011-11-25 15:15:00,408.0,1771.2
15475.0,2011-09-23 15:20:00,454.11,454.11
15478.0,2011-10-14 11:09:00,826.83,826.83
15478.0,2011-10-30 14:19:00,614.59,1441.42
15480.0,2011-08-15 14:32:00,905.5,905.5
15482.0,2010-12-16 10:08:00,527.04,527.04
15482.0,2010-12-16 10:10:00,196.6,723.64
15482.0,2011-04-03 10:49:00,713.8,1437.44
15482.0,2011-06-27 10:29:00,666.06,2103.5
15482.0,2011-10-14 10:42:00,40.0,2143.5
15482.0,2011-10-24 11:21:00,360.0,2503.5
15482.0,2011-10-25 17:32:00,360.0,2863.5
15482.0,2011-11-03 19:15:00,1915.6,4779.1
15482.0,2011-11-14 10:45:00,1617.56,6396.66
15482.0,2011-11-14 11:00:00,1355.56,7752.22
15482.0,2011-11-24 10:35:00,2210.64,9962.86
15482.0,2011-11-24 10:46:00,1092.1,11054.96
15483.0,2011-03-18 12:26:00,114.85,114.85
15483.0,2011-07-01 13:04:00,31.11,145.96
15483.0,2011-07-01 13:05:00,18.83,164.79
15483.0,2011-07-01 13:07:00,69.02,233.81
15484.0,2011-09-22 13:31:00,1636.52,1636.52
15484.0,2011-10-14 11:56:00,394.16,2030.68
15484.0,2011-11-21 17:00:00,889.38,2920.06
15484.0,2011-12-08 15:03:00,674.25,3594.31
15485.0,2010-12-01 13:23:00,950.09,950.09
15485.0,2011-01-07 17:18:00,328.54,1278.63
15485.0,2011-11-09 14:31:00,1296.37,2575.0
15488.0,2011-09-08 10:11:00,91.32,91.32
15489.0,2011-05-12 12:54:00,348.26,348.26
15489.0,2011-10-13 10:55:00,442.64,790.9
15489.0,2011-11-17 08:53:00,343.38,1134.28
15491.0,2011-04-18 10:04:00,837.97,837.97
15491.0,2011-04-18 10:20:00,184.48,1022.45
15491.0,2011-05-05 16:34:00,622.47,1644.92
15491.0,2011-06-13 11:49:00,765.03,2409.95
15491.0,2011-08-31 10:30:00,390.98,2800.93
15491.0,2011-09-05 15:56:00,299.16,3100.09
15492.0,2011-09-26 14:02:00,487.74,487.74
15492.0,2011-11-11 14:53:00,171.72,659.46
15493.0,2011-03-14 11:44:00,538.76,538.76
15493.0,2011-04-04 11:28:00,412.49,951.25
15493.0,2011-07-13 11:19:00,367.5,1318.75
15493.0,2011-11-07 11:40:00,419.9,1738.65
15493.0,2011-11-07 12:04:00,263.15,2001.8
15494.0,2011-08-10 15:29:00,1127.38,1127.38
15494.0,2011-11-18 14:51:00,171.85,1299.23
15497.0,2011-01-24 10:01:00,970.6,970.6
15497.0,2011-11-22 11:51:00,291.6,1262.2
15498.0,2010-12-08 12:29:00,450.92,450.92
15498.0,2010-12-08 14:46:00,525.8,976.72
15498.0,2011-01-05 09:44:00,243.4,1220.12
15498.0,2011-01-20 15:22:00,1761.18,2981.3
15498.0,2011-01-24 12:13:00,523.34,3504.64
15498.0,2011-03-07 13:37:00,557.0,4061.64
15498.0,2011-03-07 14:10:00,593.92,4655.56
15498.0,2011-04-15 12:23:00,344.4,4999.96
15498.0,2011-05-12 12:49:00,463.2,5463.16
15498.0,2011-05-13 10:09:00,344.15,5807.31
15498.0,2011-05-13 10:11:00,19.5,5826.81
15498.0,2011-06-03 10:19:00,1299.04,7125.85
15498.0,2011-06-03 10:20:00,17.0,7142.85
15498.0,2011-06-21 13:24:00,648.6,7791.45
15498.0,2011-06-21 14:15:00,47.0,7838.45
15498.0,2011-06-24 09:27:00,272.26,8110.71
15498.0,2011-08-11 08:37:00,660.76,8771.47
15498.0,2011-08-11 08:38:00,337.5,9108.97
15498.0,2011-08-11 08:39:00,17.4,9126.37
15498.0,2011-09-16 09:56:00,683.28,9809.65
15498.0,2011-09-16 10:02:00,373.9,10183.55
15498.0,2011-10-14 10:47:00,1135.89,11319.44
15498.0,2011-10-14 10:48:00,70.8,11390.24
15498.0,2011-10-27 16:21:00,377.76,11768.0
15498.0,2011-10-27 16:22:00,20.8,11788.8
15498.0,2011-11-22 13:40:00,662.66,12451.46
15498.0,2011-12-07 12:48:00,864.94,13316.4
15500.0,2011-09-19 13:47:00,406.02,406.02
15500.0,2011-11-13 13:41:00,312.24,718.26
15500.0,2011-11-21 08:40:00,147.04,865.3
15500.0,2011-12-01 13:47:00,266.26,1131.56
15502.0,2010-12-05 15:40:00,736.7,736.7
15502.0,2010-12-06 14:55:00,192.7,929.4
15502.0,2011-03-09 11:59:00,1711.06,2640.46
15502.0,2011-08-08 11:45:00,3315.07,5955.53
15502.0,2011-09-11 11:56:00,160.6,6116.13
15502.0,2011-09-11 11:57:00,33.9,6150.03
15502.0,2011-09-11 11:58:00,126.0,6276.03
15502.0,2011-10-03 16:44:00,3155.95,9431.98
15502.0,2011-10-03 16:51:00,305.0,9736.98
15502.0,2011-11-13 15:37:00,330.45,10067.43
15502.0,2011-11-24 12:48:00,317.5,10384.93
15503.0,2010-12-12 10:57:00,147.09,147.09
15504.0,2011-09-19 13:45:00,52.83,52.83
15505.0,2011-07-07 13:33:00,944.16,944.16
15505.0,2011-08-05 15:07:00,502.02,1446.18
15505.0,2011-08-18 10:57:00,644.96,2091.14
15505.0,2011-09-16 12:27:00,639.24,2730.38
15505.0,2011-10-18 07:56:00,880.58,3610.96
15506.0,2011-07-24 11:45:00,209.35,209.35
15506.0,2011-10-25 12:00:00,305.06,514.41
15506.0,2011-11-17 12:11:00,464.85,979.26
15507.0,2011-06-21 11:19:00,492.36,492.36
15508.0,2011-04-18 15:31:00,311.42,311.42
15508.0,2011-04-28 13:31:00,207.05,518.47
15508.0,2011-05-04 15:41:00,110.64,629.11
15508.0,2011-06-03 15:32:00,114.68,743.79
15508.0,2011-06-03 15:37:00,241.48,985.27
15508.0,2011-06-03 15:43:00,15.0,1000.27
15510.0,2011-01-13 12:10:00,250.0,250.0
15511.0,2011-09-15 15:05:00,202.9,202.9
15511.0,2011-10-13 12:58:00,192.35,395.25
15511.0,2011-10-20 15:15:00,119.25,514.5
15511.0,2011-11-01 15:55:00,229.8,744.3
15511.0,2011-11-28 09:43:00,164.93,909.23
15512.0,2010-12-15 12:01:00,101.2,101.2
15512.0,2011-07-07 10:20:00,19.8,121.0
15513.0,2010-12-01 11:22:00,357.0,357.0
15513.0,2010-12-09 09:23:00,956.5,1313.5
15513.0,2011-01-13 12:41:00,692.82,2006.32
15513.0,2011-01-18 08:43:00,79.2,2085.52
15513.0,2011-01-27 12:10:00,328.74,2414.26
15513.0,2011-03-11 11:38:00,1726.6,4140.86
15513.0,2011-03-11 11:41:00,67.5,4208.36
15513.0,2011-03-24 14:49:00,310.4,4518.76
15513.0,2011-05-12 08:36:00,1105.0,5623.76
15513.0,2011-05-12 08:39:00,5.04,5628.8
15513.0,2011-05-12 08:42:00,123.5,5752.3
15513.0,2011-05-24 15:29:00,317.16,6069.46
15513.0,2011-06-17 11:49:00,1025.34,7094.8
15513.0,2011-07-26 12:03:00,1611.11,8705.91
15513.0,2011-08-25 14:34:00,222.96,8928.87
15513.0,2011-09-06 09:51:00,2184.59,11113.46
15513.0,2011-09-06 09:53:00,238.68,11352.14
15513.0,2011-10-30 10:29:00,2520.28,13872.42
15513.0,2011-11-06 14:36:00,885.8,14758.22
15514.0,2010-12-10 13:50:00,1136.32,1136.32
15514.0,2010-12-10 13:58:00,401.92,1538.24
15514.0,2010-12-10 14:04:00,39.95,1578.19
15514.0,2010-12-14 12:17:00,306.52,1884.71
15514.0,2011-03-04 12:16:00,292.03,2176.74
15514.0,2011-04-28 12:06:00,385.2,2561.94
15514.0,2011-11-06 12:12:00,585.09,3147.03
15514.0,2011-11-15 13:49:00,355.23,3502.26
15514.0,2011-11-24 17:10:00,137.97,3640.23
15514.0,2011-11-27 14:40:00,499.23,4139.46
15516.0,2011-10-24 11:33:00,47.4,47.4
15516.0,2011-10-24 11:38:00,6.36,53.76
15516.0,2011-10-26 10:51:00,8.67,62.43
15517.0,2011-04-20 14:02:00,267.03,267.03
15518.0,2011-01-11 12:55:00,364.91,364.91
15518.0,2011-01-11 13:06:00,23.85,388.76
15518.0,2011-01-25 12:39:00,241.89,630.65
15518.0,2011-05-08 14:09:00,356.92,987.57
15518.0,2011-07-03 12:10:00,406.66,1394.23
15518.0,2011-07-28 19:34:00,1.95,1396.18
15518.0,2011-08-07 13:08:00,228.58,1624.76
15518.0,2011-10-06 13:05:00,317.69,1942.45
15520.0,2011-12-08 10:58:00,343.5,343.5
15521.0,2011-03-30 09:15:00,475.69,475.69
15521.0,2011-04-05 08:25:00,505.0,980.69
15521.0,2011-05-11 12:47:00,258.4,1239.09
15521.0,2011-05-11 12:59:00,428.69,1667.78
15521.0,2011-07-14 16:12:00,449.2,2116.98
15521.0,2011-09-06 10:04:00,209.8,2326.78
15521.0,2011-10-30 13:42:00,673.42,3000.2
15522.0,2011-09-13 12:26:00,259.9,259.9
15522.0,2011-11-07 11:26:00,138.94,398.84
15523.0,2011-09-16 16:29:00,412.01,412.01
15524.0,2011-11-15 12:09:00,440.0,440.0
15525.0,2010-12-01 13:17:00,313.93,313.93
15525.0,2011-11-22 12:07:00,197.3,511.23
15525.0,2011-12-07 14:43:00,314.69,825.92
15526.0,2011-11-06 15:01:00,128.54,128.54
15526.0,2011-11-06 15:04:00,19.9,148.44
15527.0,2010-12-20 14:15:00,221.4,221.4
15527.0,2011-01-28 12:07:00,358.9,580.3
15527.0,2011-05-04 11:39:00,319.74,900.04
15527.0,2011-06-10 12:19:00,247.25,1147.29
15527.0,2011-07-18 11:42:00,183.5,1330.79
15527.0,2011-09-11 12:56:00,277.55,1608.34
15527.0,2011-11-01 11:33:00,641.1,2249.44
15527.0,2011-11-21 12:17:00,180.34,2429.78
15528.0,2011-03-30 16:14:00,229.33,229.33
15529.0,2010-12-08 12:24:00,295.66,295.66
15529.0,2010-12-10 13:44:00,25.8,321.46
15529.0,2011-01-20 12:16:00,249.43,570.89
15529.0,2011-03-09 12:35:00,382.86,953.75
15529.0,2011-03-25 10:52:00,366.18,1319.93
15529.0,2011-04-06 10:46:00,198.91,1518.84
15529.0,2011-05-13 11:45:00,413.37,1932.21
15529.0,2011-07-20 11:38:00,466.87,2399.08
15529.0,2011-09-13 11:14:00,817.04,3216.12
15529.0,2011-10-04 10:49:00,427.57,3643.69
15529.0,2011-11-17 11:29:00,351.54,3995.23
15530.0,2011-04-07 11:16:00,553.13,553.13
15530.0,2011-06-23 17:20:00,437.75,990.88
15530.0,2011-07-13 12:15:00,177.85,1168.73
15530.0,2011-11-18 12:25:00,333.62,1502.35
15531.0,2011-11-09 17:47:00,1522.31,1522.31
15531.0,2011-12-01 18:43:00,485.13,2007.44
15532.0,2010-12-16 16:45:00,356.35,356.35
15532.0,2011-06-26 13:24:00,545.34,901.69
15532.0,2011-07-31 13:13:00,324.1,1225.79
15532.0,2011-11-14 14:51:00,355.14,1580.93
15533.0,2011-09-11 15:41:00,449.66,449.66
15533.0,2011-09-18 13:40:00,105.08,554.74
15533.0,2011-11-20 15:35:00,252.83,807.57
15535.0,2011-01-16 12:35:00,270.34,270.34
15535.0,2011-01-16 12:41:00,22.2,292.54
15535.0,2011-04-17 14:36:00,118.85,411.39
15535.0,2011-06-19 16:02:00,125.01,536.4
15537.0,2011-06-29 13:10:00,110.92,110.92
15539.0,2011-12-02 13:36:00,538.46,538.46
15540.0,2011-11-28 13:51:00,213.3,213.3
15541.0,2011-08-17 14:58:00,85.13,85.13
15543.0,2011-02-24 15:26:00,127.86,127.86
15544.0,2010-12-02 12:47:00,354.54,354.54
15544.0,2011-02-11 10:15:00,479.48,834.02
15544.0,2011-02-25 10:29:00,365.1,1199.12
15544.0,2011-05-12 16:45:00,560.35,1759.47
15544.0,2011-06-19 11:45:00,318.02,2077.49
15544.0,2011-07-12 15:49:00,370.16,2447.65
15544.0,2011-08-12 09:10:00,324.72,2772.37
15544.0,2011-11-11 15:20:00,446.02,3218.39
15544.0,2011-11-30 16:43:00,328.32,3546.71
15545.0,2010-12-03 17:28:00,135.33,135.33
15545.0,2011-10-16 13:24:00,157.39,292.72
15547.0,2010-12-12 13:26:00,767.37,767.37
15547.0,2011-01-28 12:21:00,238.67,1006.04
15547.0,2011-02-27 13:47:00,406.74,1412.78
15547.0,2011-02-27 13:52:00,14.95,1427.73
15547.0,2011-03-13 11:38:00,288.71,1716.44
15547.0,2011-04-10 15:15:00,280.66,1997.1
15547.0,2011-05-29 15:44:00,407.43,2404.53
15547.0,2011-08-21 16:24:00,366.18,2770.71
15547.0,2011-09-11 15:44:00,458.43,3229.14
15547.0,2011-09-18 12:21:00,282.7,3511.84
15547.0,2011-09-18 14:27:00,217.93,3729.77
15547.0,2011-10-02 14:47:00,469.89,4199.66
15547.0,2011-10-30 15:19:00,232.77,4432.43
15547.0,2011-12-02 12:52:00,522.41,4954.84
15549.0,2011-01-27 15:38:00,942.1,942.1
15549.0,2011-07-05 12:47:00,689.58,1631.68
15549.0,2011-09-23 16:22:00,61.58,1693.26
15550.0,2011-02-11 12:49:00,137.9,137.9
15550.0,2011-06-22 16:01:00,141.14,279.04
15550.0,2011-08-25 15:18:00,154.24,433.28
15550.0,2011-12-05 15:38:00,142.35,575.63
15551.0,2011-11-03 12:37:00,436.06,436.06
15552.0,2011-05-06 14:47:00,90.12,90.12
15553.0,2011-10-10 14:02:00,437.23,437.23
15554.0,2011-03-07 09:00:00,217.2,217.2
15555.0,2010-12-05 14:45:00,198.43,198.43
15555.0,2010-12-09 16:53:00,620.35,818.78
15555.0,2010-12-13 12:26:00,171.04,989.82
15555.0,2011-04-17 13:43:00,290.52,1280.34
15555.0,2011-05-22 13:51:00,379.41,1659.75
15555.0,2011-06-02 17:41:00,123.75,1783.5
15555.0,2011-06-16 17:56:00,164.22,1947.72
15555.0,2011-06-17 11:02:00,174.27,2121.99
15555.0,2011-07-04 16:35:00,433.22,2555.21
15555.0,2011-08-28 12:16:00,264.73,2819.94
15555.0,2011-09-22 17:07:00,353.2,3173.14
15555.0,2011-10-02 12:41:00,261.12,3434.26
15555.0,2011-10-12 15:06:00,167.47,3601.73
15555.0,2011-11-06 12:26:00,420.42,4022.15
15555.0,2011-11-09 14:29:00,312.12,4334.27
15555.0,2011-11-27 16:19:00,470.9,4805.17
15556.0,2011-11-15 16:08:00,279.77,279.77
15557.0,2011-11-11 12:46:00,473.65,473.65
15561.0,2011-05-08 11:38:00,265.75,265.75
15561.0,2011-07-13 11:17:00,178.82,444.57
15561.0,2011-07-13 11:20:00,5.1,449.67
15561.0,2011-11-28 11:07:00,350.92,800.59
15562.0,2010-12-23 09:55:00,134.55,134.55
15563.0,2010-12-16 11:27:00,270.19,270.19
15563.0,2011-05-23 11:44:00,465.43,735.62
15563.0,2011-11-17 12:59:00,655.82,1391.44
15563.0,2011-11-17 14:50:00,9.0,1400.44
15565.0,2011-09-30 10:44:00,88.8,88.8
15565.0,2011-10-20 14:33:00,84.36,173.16
15567.0,2011-11-21 10:48:00,186.01,186.01
15568.0,2011-09-27 14:37:00,228.31,228.31
15568.0,2011-10-26 11:51:00,194.21,422.52
15568.0,2011-12-07 11:27:00,335.77,758.29
15569.0,2011-01-11 13:26:00,288.5,288.5
15569.0,2011-07-31 10:38:00,352.81,641.31
15569.0,2011-07-31 10:47:00,244.8,886.11
15569.0,2011-08-23 12:47:00,244.8,1130.91
15569.0,2011-08-28 10:15:00,244.8,1375.71
15570.0,2010-12-05 12:57:00,517.65,517.65
15570.0,2010-12-12 11:07:00,350.24,867.89
15570.0,2010-12-17 16:53:00,196.75,1064.64
15570.0,2011-01-14 13:41:00,487.7,1552.34
15570.0,2011-02-10 13:34:00,116.85,1669.19
15570.0,2011-02-28 14:59:00,314.9,1984.09
15570.0,2011-04-14 10:17:00,294.04,2278.13
15570.0,2011-05-17 14:46:00,247.29,2525.42
15570.0,2011-07-21 12:29:00,301.26,2826.68
15570.0,2011-11-03 14:27:00,958.82,3785.5
15570.0,2011-11-29 15:24:00,344.62,4130.12
15570.0,2011-12-02 14:47:00,35.4,4165.52
15571.0,2011-09-22 13:15:00,202.35,202.35
15571.0,2011-11-06 11:32:00,196.43,398.78
15571.0,2011-11-15 17:20:00,121.6,520.38
15571.0,2011-11-28 10:02:00,130.05,650.43
15572.0,2011-03-06 14:44:00,225.14,225.14
15572.0,2011-03-06 14:50:00,220.77,445.91
15572.0,2011-04-05 10:46:00,430.13,876.04
15572.0,2011-08-22 10:44:00,679.25,1555.29
15572.0,2011-11-14 11:19:00,545.83,2101.12
15572.0,2011-11-14 12:14:00,256.76,2357.88
15572.0,2011-12-05 10:09:00,194.98,2552.86
15573.0,2011-09-15 12:16:00,410.7,410.7
15573.0,2011-11-08 11:38:00,196.75,607.45
15574.0,2010-12-02 15:46:00,375.65,375.65
15574.0,2010-12-16 12:42:00,210.75,586.4
15574.0,2010-12-16 12:48:00,3.75,590.15
15574.0,2011-06-15 12:01:00,112.1,702.25
15576.0,2011-11-02 12:03:00,940.67,940.67
15577.0,2011-02-07 13:32:00,29.65,29.65
15577.0,2011-07-11 16:59:00,156.85,186.5
15577.0,2011-07-11 17:03:00,72.38,258.88
15578.0,2011-06-30 13:03:00,127.1,127.1
15579.0,2011-01-30 12:09:00,199.6,199.6
15579.0,2011-10-02 12:45:00,149.0,348.6
15581.0,2010-12-08 14:38:00,272.34,272.34
15581.0,2010-12-19 14:23:00,31.62,303.96
15581.0,2010-12-19 14:27:00,12.8,316.76
15581.0,2010-12-21 09:48:00,9.2,325.96
15581.0,2011-03-09 14:32:00,91.54,417.5
15581.0,2011-04-15 10:14:00,39.6,457.1
15581.0,2011-04-26 13:05:00,172.75,629.85
15581.0,2011-04-27 17:03:00,5.11,634.96
15581.0,2011-06-20 14:48:00,18.88,653.84
15581.0,2011-07-06 14:04:00,67.79,721.63
15581.0,2011-08-01 11:44:00,250.0,971.63
15581.0,2011-08-09 13:44:00,208.34,1179.97
15581.0,2011-08-11 09:38:00,2500.0,3679.97
15582.0,2011-05-03 13:36:00,303.61,303.61
15582.0,2011-08-31 14:52:00,237.9,541.51
15582.0,2011-11-15 09:55:00,141.4,682.91
15584.0,2011-06-30 16:39:00,154.65,154.65
15584.0,2011-09-28 10:09:00,138.03,292.68
15584.0,2011-10-23 12:26:00,288.37,581.05
15584.0,2011-11-16 10:55:00,144.06,725.11
15585.0,2011-06-16 08:38:00,455.3,455.3
15587.0,2010-12-23 09:59:00,344.88,344.88
15587.0,2011-07-20 11:00:00,111.96,456.84
15587.0,2011-09-11 12:10:00,344.88,801.72
15587.0,2011-10-20 13:37:00,111.96,913.68
15589.0,2011-02-02 10:46:00,184.95,184.95
15589.0,2011-03-29 09:53:00,263.58,448.53
15589.0,2011-03-29 09:54:00,30.0,478.53
15592.0,2011-10-24 08:59:00,388.58,388.58
15593.0,2011-09-30 11:46:00,199.8,199.8
15594.0,2011-04-19 10:08:00,267.91,267.91
15594.0,2011-09-07 10:51:00,520.31,788.22
15594.0,2011-09-19 12:27:00,718.21,1506.43
15594.0,2011-11-09 16:26:00,182.55,1688.98
15594.0,2011-11-24 08:53:00,82.8,1771.78
15596.0,2010-12-09 16:10:00,402.32,402.32
15596.0,2011-01-17 13:30:00,375.15,777.47
15596.0,2011-03-03 12:35:00,303.03,1080.5
15596.0,2011-05-09 10:02:00,309.19,1389.69
15596.0,2011-08-31 10:55:00,16.9,1406.59
15597.0,2011-11-04 13:26:00,324.57,324.57
15598.0,2011-10-17 16:04:00,240.68,240.68
15599.0,2011-05-19 13:05:00,448.83,448.83
15599.0,2011-11-13 11:44:00,312.91,761.74
15601.0,2010-12-02 10:39:00,768.38,768.38
15601.0,2010-12-16 14:27:00,468.07,1236.45
15601.0,2011-01-07 14:21:00,688.45,1924.9
15601.0,2011-01-25 11:59:00,461.64,2386.54
15601.0,2011-01-27 16:17:00,283.74,2670.28
15601.0,2011-02-15 09:35:00,549.04,3219.32
15601.0,2011-02-17 12:42:00,570.88,3790.2
15601.0,2011-04-01 12:29:00,266.85,4057.05
15601.0,2011-05-20 10:48:00,691.54,4748.59
15601.0,2011-06-22 14:43:00,374.81,5123.4
15601.0,2011-08-09 09:26:00,462.06,5585.46
15601.0,2011-09-11 15:20:00,231.56,5817.02
15601.0,2011-10-14 13:35:00,781.14,6598.16
15601.0,2011-11-28 15:15:00,178.4,6776.56
15602.0,2010-12-06 15:35:00,92.55,92.55
15602.0,2010-12-14 11:10:00,60.0,152.55
15602.0,2011-01-11 16:16:00,60.0,212.55
15602.0,2011-01-31 14:13:00,192.2,404.75
15602.0,2011-05-23 12:35:00,138.2,542.95
15602.0,2011-09-30 09:38:00,402.24,945.19
15602.0,2011-11-11 14:09:00,125.04,1070.23
15602.0,2011-11-17 19:52:00,46.8,1117.03
15602.0,2011-12-01 14:14:00,180.84,1297.87
15603.0,2011-09-22 10:04:00,48.48,48.48
15604.0,2011-10-18 14:47:00,216.39,216.39
15605.0,2010-12-01 13:38:00,194.85,194.85
15605.0,2011-02-23 10:46:00,182.75,377.6
15605.0,2011-04-01 13:47:00,312.58,690.18
15605.0,2011-09-11 10:39:00,204.6,894.78
15605.0,2011-11-03 14:17:00,303.45,1198.23
15606.0,2011-01-19 12:07:00,305.6,305.6
15606.0,2011-02-15 15:51:00,303.57,609.17
15606.0,2011-02-24 09:32:00,305.7,914.87
15606.0,2011-03-06 11:52:00,279.8,1194.67
15606.0,2011-03-23 13:42:00,310.8,1505.47
15606.0,2011-05-01 10:51:00,320.88,1826.35
15606.0,2011-06-22 08:30:00,309.81,2136.16
15606.0,2011-08-12 15:00:00,303.22,2439.38
15606.0,2011-10-09 15:47:00,480.78,2920.16
15607.0,2011-01-07 12:44:00,104.76,104.76
15608.0,2011-08-11 09:56:00,285.68,285.68
15608.0,2011-10-10 13:30:00,660.64,946.32
15608.0,2011-10-10 13:33:00,24.96,971.28
15608.0,2011-11-11 13:20:00,122.4,1093.68
15609.0,2011-06-08 13:00:00,298.48,298.48
15610.0,2011-10-19 10:36:00,112.46,112.46
15611.0,2011-01-09 11:32:00,104.25,104.25
15611.0,2011-03-03 18:46:00,99.75,204.0
15611.0,2011-03-28 14:42:00,127.5,331.5
15611.0,2011-06-01 16:12:00,100.6,432.1
15611.0,2011-06-15 15:12:00,53.91,486.01
15611.0,2011-06-29 11:47:00,60.66,546.67
15611.0,2011-08-26 14:13:00,15.0,561.67
15611.0,2011-08-28 10:40:00,385.47,947.14
15611.0,2011-09-30 10:40:00,6.0,953.14
15611.0,2011-09-30 13:21:00,142.7,1095.84
15611.0,2011-10-28 09:01:00,244.5,1340.34
15611.0,2011-11-23 10:44:00,104.2,1444.54
15611.0,2011-11-30 12:36:00,146.91,1591.45
15612.0,2011-10-09 12:49:00,69.65,69.65
15612.0,2011-11-03 14:52:00,125.5,195.15
15615.0,2010-12-15 16:21:00,1048.64,1048.64
15615.0,2010-12-15 16:24:00,14.85,1063.49
15615.0,2010-12-15 16:26:00,17.7,1081.19
15615.0,2011-01-14 10:20:00,643.6,1724.79
15615.0,2011-02-14 15:35:00,710.31,2435.1
15615.0,2011-03-21 10:31:00,536.78,2971.88
15615.0,2011-04-11 16:47:00,758.92,3730.8
15615.0,2011-04-18 12:47:00,90.0,3820.8
15615.0,2011-05-10 09:39:00,521.49,4342.29
15615.0,2011-05-11 12:32:00,396.77,4739.06
15615.0,2011-06-09 11:57:00,400.7,5139.76
15615.0,2011-06-09 12:02:00,82.2,5221.96
15615.0,2011-06-30 18:04:00,32.4,5254.36
15615.0,2011-06-30 18:07:00,646.82,5901.18
15615.0,2011-08-10 13:51:00,520.54,6421.72
15615.0,2011-08-10 13:52:00,15.0,6436.72
15615.0,2011-08-18 10:48:00,325.9,6762.62
15615.0,2011-08-18 10:49:00,54.2,6816.82
15615.0,2011-08-26 12:41:00,551.03,7367.85
15615.0,2011-10-07 14:04:00,824.41,8192.26
15615.0,2011-10-25 12:27:00,381.1,8573.36
15615.0,2011-11-08 15:35:00,787.29,9360.65
15615.0,2011-11-29 14:42:00,1039.09,10399.74
15618.0,2011-07-26 10:13:00,222.83,222.83
15618.0,2011-09-08 12:56:00,74.4,297.23
15618.0,2011-09-08 12:57:00,121.81,419.04
15618.0,2011-11-07 08:34:00,357.81,776.85
15619.0,2011-11-29 08:14:00,336.4,336.4
15620.0,2010-12-16 14:34:00,424.49,424.49
15620.0,2011-05-03 11:22:00,450.52,875.01
15620.0,2011-10-14 12:41:00,678.17,1553.18
15621.0,2011-11-18 11:49:00,563.28,563.28
15621.0,2011-11-28 15:16:00,481.68,1044.96
15621.0,2011-12-05 13:40:00,235.57,1280.53
15621.0,2011-12-05 14:01:00,12.5,1293.03
15622.0,2011-03-02 13:42:00,576.0,576.0
15622.0,2011-04-28 13:35:00,1537.2,2113.2
15622.0,2011-04-28 13:36:00,78.6,2191.8
15622.0,2011-05-26 14:08:00,302.8,2494.6
15622.0,2011-05-26 14:09:00,107.4,2602.0
15622.0,2011-09-14 10:32:00,613.77,3215.77
15622.0,2011-09-14 10:34:00,42.24,3258.01
15622.0,2011-09-14 10:35:00,69.6,3327.61
15622.0,2011-10-27 16:44:00,381.95,3709.56
15623.0,2011-07-21 17:26:00,301.03,301.03
15624.0,2011-03-28 13:32:00,183.9,183.9
15624.0,2011-05-17 12:44:00,127.5,311.4
15624.0,2011-07-27 15:02:00,208.63,520.03
15624.0,2011-08-15 11:38:00,68.1,588.13
15625.0,2011-04-18 14:01:00,695.33,695.33
15625.0,2011-06-13 12:05:00,249.94,945.27
15625.0,2011-08-01 10:23:00,301.14,1246.41
15625.0,2011-08-28 10:21:00,287.85,1534.26
15626.0,2011-01-14 10:10:00,281.88,281.88
15626.0,2011-09-26 10:03:00,393.92,675.8
15628.0,2010-12-08 09:51:00,319.18,319.18
15628.0,2011-03-29 14:58:00,371.83,691.01
15628.0,2011-06-10 08:50:00,314.11,1005.12
15628.0,2011-08-03 12:06:00,308.43,1313.55
15628.0,2011-09-02 12:52:00,311.85,1625.4
15628.0,2011-10-05 12:51:00,416.46,2041.86
15628.0,2011-10-24 11:56:00,321.5,2363.36
15628.0,2011-11-15 09:15:00,303.93,2667.29
15628.0,2011-12-05 10:24:00,202.95,2870.24
15630.0,2011-05-19 10:16:00,396.86,396.86
15630.0,2011-10-25 15:36:00,789.49,1186.35
15632.0,2011-03-10 08:29:00,394.63,394.63
15632.0,2011-03-31 11:53:00,300.6,695.23
15632.0,2011-04-28 13:41:00,547.27,1242.5
15632.0,2011-06-10 15:37:00,314.16,1556.66
15632.0,2011-07-20 11:50:00,385.57,1942.23
15632.0,2011-08-10 10:57:00,409.61,2351.84
15632.0,2011-10-07 11:47:00,627.12,2978.96
15632.0,2011-11-24 09:51:00,306.35,3285.31
15634.0,2011-11-22 16:28:00,243.55,243.55
15636.0,2011-03-02 14:50:00,306.7,306.7
15636.0,2011-09-11 11:17:00,418.06,724.76
15637.0,2011-10-18 08:28:00,223.36,223.36
15639.0,2011-07-28 14:30:00,425.32,425.32
15640.0,2010-12-02 15:40:00,333.72,333.72
15640.0,2010-12-13 14:36:00,1485.78,1819.5
15640.0,2010-12-19 15:44:00,947.19,2766.69
15640.0,2011-01-11 09:48:00,602.44,3369.13
15640.0,2011-02-13 15:17:00,981.9,4351.03
15640.0,2011-04-13 15:58:00,1103.73,5454.76
15640.0,2011-04-27 11:56:00,316.85,5771.61
15640.0,2011-06-07 16:04:00,1008.61,6780.22
15640.0,2011-07-22 15:21:00,649.46,7429.68
15640.0,2011-08-07 14:34:00,1444.66,8874.34
15640.0,2011-08-10 10:45:00,45.0,8919.34
15640.0,2011-09-22 14:59:00,524.26,9443.6
15640.0,2011-11-03 16:56:00,998.72,10442.32
15640.0,2011-11-23 14:36:00,886.86,11329.18
15640.0,2011-12-05 14:35:00,1186.48,12515.66
15641.0,2010-12-15 14:45:00,308.37,308.37
15641.0,2011-03-02 13:03:00,453.79,762.16
15641.0,2011-03-24 11:29:00,543.22,1305.38
15641.0,2011-08-26 14:04:00,581.82,1887.2
15643.0,2011-03-02 14:34:00,337.1,337.1
15643.0,2011-06-01 07:37:00,39.45,376.55
15643.0,2011-06-01 07:38:00,287.45,664.0
15644.0,2011-03-23 15:37:00,202.22,202.22
15644.0,2011-03-23 16:00:00,36.4,238.62
15644.0,2011-03-28 15:27:00,184.57,423.19
15644.0,2011-06-26 14:54:00,389.81,813.0
15645.0,2011-11-21 11:55:00,612.01,612.01
15646.0,2010-12-02 16:59:00,189.8,189.8
15646.0,2011-04-07 09:12:00,150.24,340.04
15646.0,2011-07-05 09:53:00,107.6,447.64
15648.0,2011-03-17 18:59:00,316.85,316.85
15648.0,2011-05-19 15:53:00,340.5,657.35
15649.0,2010-12-07 10:06:00,510.0,510.0
15649.0,2011-01-07 13:34:00,306.0,816.0
15651.0,2011-03-24 08:56:00,227.32,227.32
15651.0,2011-11-03 08:39:00,304.78,532.1
15651.0,2011-11-03 08:41:00,114.2,646.3
15652.0,2011-09-09 14:22:00,337.74,337.74
15653.0,2011-08-16 09:50:00,48.0,48.0
15653.0,2011-09-08 10:49:00,829.44,877.44
15654.0,2011-11-13 15:15:00,595.02,595.02
15654.0,2011-11-30 13:08:00,327.51,922.53
15655.0,2011-04-10 15:25:00,560.67,560.67
15656.0,2011-02-28 15:32:00,242.95,242.95
15656.0,2011-05-03 12:17:00,63.91,306.86
15656.0,2011-06-14 13:48:00,256.77,563.63
15656.0,2011-10-25 14:56:00,184.87,748.5
15657.0,2011-11-17 12:19:00,30.0,30.0
15658.0,2010-12-02 10:53:00,306.2,306.2
15658.0,2011-02-03 12:12:00,270.2,576.4
15658.0,2011-03-23 08:54:00,21.25,597.65
15658.0,2011-05-26 10:09:00,418.95,1016.6
15658.0,2011-06-02 15:22:00,7.5,1024.1
15659.0,2011-10-27 09:23:00,306.45,306.45
15660.0,2010-12-09 09:49:00,209.3,209.3
15660.0,2011-03-01 13:45:00,155.0,364.3
15660.0,2011-05-19 10:16:00,358.22,722.52
15660.0,2011-05-19 14:44:00,16.5,739.02
15660.0,2011-07-27 09:13:00,135.36,874.38
15660.0,2011-07-27 09:14:00,9.96,884.34
15660.0,2011-09-15 13:57:00,372.16,1256.5
15660.0,2011-11-14 16:57:00,327.02,1583.52
15660.0,2011-11-14 16:58:00,17.34,1600.86
15661.0,2011-01-05 12:32:00,116.0,116.0
15661.0,2011-01-26 13:56:00,193.8,309.8
15663.0,2011-08-25 15:50:00,138.14,138.14
15664.0,2011-10-20 10:57:00,386.43,386.43
15665.0,2011-04-10 15:09:00,1476.22,1476.22
15665.0,2011-06-24 14:57:00,765.79,2242.01
15667.0,2011-10-31 10:56:00,301.32,301.32
15668.0,2011-05-06 10:39:00,76.32,76.32
15669.0,2011-03-21 09:13:00,198.8,198.8
15669.0,2011-06-16 17:12:00,235.94,434.74
15669.0,2011-08-28 11:19:00,130.8,565.54
15669.0,2011-10-30 16:03:00,118.8,684.34
15670.0,2011-02-16 10:50:00,173.05,173.05
15671.0,2011-03-14 09:37:00,356.19,356.19
15671.0,2011-03-16 14:31:00,300.98,657.17
15671.0,2011-04-11 11:45:00,375.96,1033.13
15671.0,2011-08-05 16:37:00,301.36,1334.49
15671.0,2011-09-06 10:53:00,638.4,1972.89
15671.0,2011-11-14 10:50:00,321.48,2294.37
15671.0,2011-11-21 12:43:00,362.76,2657.13
15673.0,2011-01-16 16:25:00,969.95,969.95
15673.0,2011-05-09 12:20:00,815.78,1785.73
15673.0,2011-07-06 10:15:00,318.66,2104.39
15673.0,2011-09-12 16:12:00,776.63,2881.02
15674.0,2011-03-30 09:19:00,355.12,355.12
15674.0,2011-04-05 11:44:00,355.12,710.24
15674.0,2011-05-08 16:11:00,334.71,1044.95
15674.0,2011-05-10 10:39:00,334.71,1379.66
15674.0,2011-09-27 15:17:00,1066.94,2446.6
15675.0,2011-03-04 14:21:00,45.0,45.0
15675.0,2011-07-07 19:14:00,180.39,225.39
15675.0,2011-09-19 13:48:00,98.3,323.69
15676.0,2011-03-01 10:19:00,897.8,897.8
15676.0,2011-11-04 14:19:00,2370.04,3267.84
15676.0,2011-11-21 12:40:00,167.92,3435.76
15677.0,2011-10-21 15:36:00,657.23,657.23
15678.0,2011-10-18 09:25:00,352.7,352.7
15679.0,2011-06-10 08:24:00,178.22,178.22
15679.0,2011-07-08 13:31:00,82.04,260.26
15679.0,2011-11-09 16:28:00,474.4,734.66
15679.0,2011-11-15 16:19:00,46.62,781.28
15680.0,2010-12-08 14:43:00,478.89,478.89
15680.0,2011-10-30 14:03:00,542.82,1021.71
15680.0,2011-11-30 13:46:00,311.97,1333.68
15681.0,2011-03-04 13:46:00,345.68,345.68
15681.0,2011-06-09 16:33:00,332.64,678.32
15681.0,2011-06-09 16:34:00,24.9,703.22
15681.0,2011-11-11 17:10:00,479.8,1183.02
15681.0,2011-11-14 16:30:00,243.14,1426.16
15683.0,2011-08-14 12:56:00,193.75,193.75
15687.0,2011-01-13 15:13:00,353.5,353.5
15687.0,2011-02-01 13:15:00,379.1,732.6
15687.0,2011-02-23 13:45:00,299.95,1032.55
15687.0,2011-03-16 09:52:00,369.9,1402.45
15687.0,2011-06-06 09:13:00,277.0,1679.45
15687.0,2011-10-05 14:03:00,561.73,2241.18
15687.0,2011-11-16 10:55:00,470.33,2711.51
15687.0,2011-11-16 10:57:00,30.0,2741.51
15687.0,2011-12-01 08:33:00,251.59,2993.1
15689.0,2010-12-13 09:57:00,103.5,103.5
15689.0,2011-08-12 09:37:00,150.6,254.1
15690.0,2011-08-31 11:40:00,111.0,111.0
15690.0,2011-12-05 15:59:00,128.76,239.76
15691.0,2011-04-01 15:13:00,136.8,136.8
15692.0,2011-11-11 14:12:00,191.04,191.04
15694.0,2010-12-02 07:49:00,306.4,306.4
15694.0,2010-12-09 09:30:00,525.93,832.33
15694.0,2010-12-14 09:39:00,15.0,847.33
15694.0,2011-01-13 11:54:00,397.79,1245.12
15694.0,2011-03-16 14:54:00,584.76,1829.88
15694.0,2011-04-07 13:37:00,365.4,2195.28
15694.0,2011-05-20 11:07:00,481.7,2676.98
15694.0,2011-06-05 11:44:00,324.72,3001.7
15694.0,2011-06-16 16:06:00,304.08,3305.78
15694.0,2011-10-04 09:12:00,1410.26,4716.04
15694.0,2011-11-10 15:57:00,600.18,5316.22
15694.0,2011-11-14 13:33:00,291.5,5607.72
15694.0,2011-12-01 18:16:00,464.88,6072.6
15694.0,2011-12-09 09:44:00,406.8,6479.4
15695.0,2011-03-18 08:31:00,359.73,359.73
15695.0,2011-03-18 08:32:00,50.25,409.98
15696.0,2011-01-17 11:24:00,493.45,493.45
15696.0,2011-01-27 13:40:00,264.26,757.71
15696.0,2011-01-28 14:45:00,19.8,777.51
15696.0,2011-03-06 14:21:00,230.0,1007.51
15696.0,2011-03-29 12:03:00,317.9,1325.41
15696.0,2011-05-03 11:34:00,312.49,1637.9
15696.0,2011-09-21 08:55:00,378.95,2016.85
15696.0,2011-11-06 14:02:00,719.61,2736.46
15699.0,2011-11-22 08:26:00,309.65,309.65
15700.0,2011-06-19 15:36:00,692.78,692.78
15700.0,2011-06-20 16:53:00,3.9,696.68
15701.0,2011-08-21 12:36:00,857.0,857.0
15701.0,2011-09-27 10:41:00,111.07,968.07
15701.0,2011-10-02 14:00:00,255.13,1223.2
15701.0,2011-12-07 14:39:00,318.94,1542.14
15703.0,2011-03-20 10:51:00,211.5,211.5
15704.0,2011-05-08 12:42:00,938.85,938.85
15704.0,2011-06-05 14:04:00,568.47,1507.32
15704.0,2011-07-22 13:20:00,748.14,2255.46
15704.0,2011-07-22 13:35:00,38.16,2293.62
15705.0,2011-05-22 15:37:00,143.1,143.1
15706.0,2011-08-15 14:32:00,450.05,450.05
15706.0,2011-09-25 12:45:00,428.71,878.76
15706.0,2011-10-06 12:13:00,79.8,958.56
15706.0,2011-10-07 10:09:00,102.0,1060.56
15707.0,2011-09-14 14:19:00,166.78,166.78
15707.0,2011-10-06 15:53:00,188.22,355.0
15707.0,2011-10-27 14:39:00,282.63,637.63
15707.0,2011-11-04 14:35:00,307.95,945.58
15708.0,2010-12-05 11:12:00,350.68,350.68
15708.0,2011-01-09 11:43:00,431.77,782.45
15708.0,2011-01-30 14:37:00,197.25,979.7
15708.0,2011-02-27 11:40:00,644.75,1624.45
15708.0,2011-05-01 11:36:00,443.85,2068.3
15708.0,2011-07-24 12:20:00,632.13,2700.43
15708.0,2011-10-30 10:54:00,663.81,3364.24
15709.0,2011-03-01 10:38:00,133.25,133.25
15712.0,2011-02-25 11:32:00,299.8,299.8
15712.0,2011-06-09 15:48:00,158.85,458.65
15712.0,2011-08-22 11:44:00,307.66,766.31
15712.0,2011-09-29 13:03:00,99.6,865.91
15712.0,2011-11-30 14:09:00,206.45,1072.36
15713.0,2010-12-08 15:16:00,171.15,171.15
15713.0,2011-07-19 13:34:00,185.55,356.7
15714.0,2011-09-23 11:25:00,132.48,132.48
15714.0,2011-11-28 11:26:00,198.4,330.88
15716.0,2010-12-05 12:26:00,547.1,547.1
15716.0,2011-03-27 13:10:00,115.26,662.36
15716.0,2011-05-22 12:49:00,240.08,902.44
15716.0,2011-07-17 11:59:00,216.37,1118.81
15717.0,2011-04-19 13:21:00,150.3,150.3
15719.0,2011-01-06 12:31:00,433.04,433.04
15719.0,2011-02-03 12:44:00,428.11,861.15
15719.0,2011-03-03 11:34:00,183.65,1044.8
15719.0,2011-03-22 12:27:00,326.8,1371.6
15719.0,2011-04-07 11:40:00,336.38,1707.98
15719.0,2011-05-04 11:32:00,231.27,1939.25
15719.0,2011-05-24 11:31:00,491.72,2430.97
15719.0,2011-06-14 11:36:00,342.15,2773.12
15719.0,2011-07-07 12:22:00,433.25,3206.37
15719.0,2011-08-05 12:27:00,347.13,3553.5
15719.0,2011-09-01 12:41:00,515.17,4068.67
15719.0,2011-10-07 12:18:00,360.11,4428.78
15719.0,2011-11-07 12:29:00,616.83,5045.61
15720.0,2011-11-15 14:48:00,598.73,598.73
15721.0,2011-11-28 12:14:00,507.08,507.08
15722.0,2011-02-22 12:24:00,324.05,324.05
15722.0,2011-06-05 12:12:00,446.6,770.65
15722.0,2011-08-23 11:30:00,654.15,1424.8
15722.0,2011-11-04 11:41:00,713.76,2138.56
15722.0,2011-11-04 11:43:00,84.0,2222.56
15723.0,2010-12-10 11:12:00,203.1,203.1
15724.0,2011-02-28 10:40:00,103.65,103.65
15724.0,2011-05-22 14:40:00,114.6,218.25
15725.0,2011-11-24 14:51:00,415.25,415.25
15727.0,2010-12-15 15:47:00,1536.85,1536.85
15727.0,2011-01-12 15:06:00,554.75,2091.6
15727.0,2011-04-05 12:08:00,784.45,2876.05
15727.0,2011-05-25 15:18:00,374.82,3250.87
15727.0,2011-07-19 11:57:00,470.95,3721.82
15727.0,2011-08-24 14:54:00,887.47,4609.29
15727.0,2011-11-23 12:36:00,569.67,5178.96
15729.0,2011-05-11 12:36:00,85.0,85.0
15730.0,2011-05-17 12:43:00,467.43,467.43
15730.0,2011-09-08 14:28:00,309.79,777.22
15730.0,2011-10-05 12:31:00,343.66,1120.88
15732.0,2010-12-02 15:00:00,138.1,138.1
15732.0,2011-05-11 14:24:00,156.02,294.12
15733.0,2011-03-02 09:05:00,162.3,162.3
15734.0,2011-05-23 14:59:00,578.65,578.65
15734.0,2011-08-17 10:50:00,760.8,1339.45
15737.0,2011-04-11 10:01:00,475.88,475.88
15737.0,2011-06-03 14:33:00,204.85,680.73
15737.0,2011-06-06 16:22:00,15.0,695.73
15737.0,2011-06-06 16:23:00,34.0,729.73
15737.0,2011-07-15 12:33:00,168.2,897.93
15737.0,2011-09-21 13:24:00,183.58,1081.51
15737.0,2011-11-17 08:20:00,67.01,1148.52
15737.0,2011-11-25 11:21:00,56.6,1205.12
15738.0,2010-12-02 12:50:00,329.65,329.65
15738.0,2011-01-17 15:42:00,316.5,646.15
15738.0,2011-01-31 12:09:00,305.07,951.22
15738.0,2011-02-27 11:31:00,333.92,1285.14
15738.0,2011-03-14 13:35:00,391.8,1676.94
15738.0,2011-03-29 14:13:00,328.15,2005.09
15738.0,2011-04-26 12:47:00,291.9,2296.99
15738.0,2011-05-19 12:40:00,299.45,2596.44
15738.0,2011-05-19 12:41:00,16.6,2613.04
15738.0,2011-06-09 10:48:00,316.02,2929.06
15738.0,2011-07-06 10:00:00,302.2,3231.26
15738.0,2011-08-22 09:51:00,327.15,3558.41
15738.0,2011-09-04 12:04:00,295.04,3853.45
15738.0,2011-10-07 11:17:00,306.52,4159.97
15738.0,2011-10-27 16:32:00,335.55,4495.52
15738.0,2011-11-21 08:26:00,316.9,4812.42
15739.0,2011-10-04 13:42:00,449.12,449.12
15740.0,2011-10-21 14:29:00,154.88,154.88
15743.0,2011-06-08 10:14:00,322.55,322.55
15743.0,2011-08-18 12:43:00,111.5,434.05
15743.0,2011-11-02 13:19:00,137.56,571.61
15743.0,2011-11-23 17:19:00,212.85,784.46
15744.0,2011-09-23 09:52:00,34.8,34.8
15745.0,2011-04-17 13:04:00,302.85,302.85
15745.0,2011-09-27 10:24:00,304.9,607.75
15745.0,2011-11-06 10:47:00,309.53,917.28
15745.0,2011-11-20 13:45:00,177.31,1094.59
15746.0,2011-07-28 15:21:00,196.88,196.88
15747.0,2011-06-20 11:30:00,242.65,242.65
15747.0,2011-08-11 14:04:00,306.82,549.47
15747.0,2011-11-27 12:26:00,424.57,974.04
15748.0,2011-10-30 12:51:00,149.31,149.31
15749.0,2011-01-11 12:55:00,15160.9,15160.9
15749.0,2011-01-11 12:57:00,7837.5,22998.4
15749.0,2011-04-18 13:20:00,21535.9,44534.3
15750.0,2010-12-08 10:36:00,301.52,301.52
15750.0,2010-12-08 12:11:00,39.0,340.52
15750.0,2011-03-01 16:34:00,272.05,612.57
15750.0,2011-06-22 12:16:00,497.26,1109.83
15750.0,2011-09-28 13:00:00,508.07,1617.9
15750.0,2011-11-02 11:49:00,320.05,1937.95
15750.0,2011-11-24 19:30:00,187.14,2125.09
15750.0,2011-12-07 12:34:00,340.39,2465.48
15752.0,2010-12-02 09:43:00,259.65,259.65
15752.0,2011-03-07 14:51:00,381.75,641.4
15752.0,2011-04-04 12:42:00,403.78,1045.18
15752.0,2011-07-13 11:09:00,243.25,1288.43
15752.0,2011-08-16 10:36:00,335.2,1623.63
15752.0,2011-09-07 15:52:00,480.52,2104.15
15752.0,2011-10-31 11:37:00,533.23,2637.38
15753.0,2011-02-08 12:41:00,79.2,79.2
15754.0,2011-04-07 12:24:00,91.8,91.8
15754.0,2011-09-27 10:12:00,211.62,303.42
15754.0,2011-10-19 14:40:00,155.15,458.57
15755.0,2011-02-18 11:53:00,314.68,314.68
15755.0,2011-04-18 14:01:00,306.05,620.73
15755.0,2011-08-23 15:20:00,524.1,1144.83
15755.0,2011-09-12 15:19:00,330.92,1475.75
15755.0,2011-09-26 15:51:00,600.99,2076.74
15755.0,2011-11-29 14:57:00,287.51,2364.25
15756.0,2011-04-04 14:00:00,123.59,123.59
15756.0,2011-05-10 14:20:00,125.53,249.12
15756.0,2011-07-10 11:19:00,115.72,364.84
15756.0,2011-10-09 13:30:00,168.12,532.96
15757.0,2011-05-06 11:40:00,261.36,261.36
15757.0,2011-10-05 12:14:00,453.06,714.42
15758.0,2011-11-15 10:48:00,205.25,205.25
15759.0,2010-12-16 15:29:00,97.24,97.24
15759.0,2011-02-16 11:58:00,87.8,185.04
15759.0,2011-05-05 15:13:00,68.0,253.04
15762.0,2011-09-23 15:17:00,315.31,315.31
15762.0,2011-10-05 16:15:00,268.44,583.75
15763.0,2011-09-23 12:10:00,522.49,522.49
15763.0,2011-11-08 09:44:00,564.43,1086.92
15764.0,2011-03-08 09:23:00,1120.93,1120.93
15764.0,2011-06-08 12:50:00,165.55,1286.48
15764.0,2011-06-08 12:54:00,408.04,1694.52
15764.0,2011-08-24 15:08:00,1564.7,3259.22
15764.0,2011-08-24 15:09:00,17.4,3276.62
15764.0,2011-09-12 17:58:00,3.35,3279.97
15766.0,2011-10-06 17:03:00,315.06,315.06
15768.0,2011-04-28 09:20:00,354.35,354.35
15768.0,2011-05-20 10:29:00,124.8,479.15
15768.0,2011-08-16 10:48:00,142.68,621.83
15769.0,2010-12-03 15:16:00,91.8,91.8
15769.0,2011-01-05 11:50:00,2574.48,2666.28
15769.0,2011-01-07 14:53:00,2970.0,5636.28
15769.0,2011-02-14 09:57:00,3257.4,8893.68
15769.0,2011-02-25 09:37:00,1295.4,10189.08
15769.0,2011-03-07 14:17:00,2597.4,12786.48
15769.0,2011-03-09 12:44:00,330.0,13116.48
15769.0,2011-03-17 10:17:00,10065.0,23181.48
15769.0,2011-04-14 13:52:00,1220.4,24401.88
15769.0,2011-04-18 14:00:00,122.04,24523.92
15769.0,2011-05-23 14:01:00,1742.8,26266.72
15769.0,2011-05-26 10:35:00,1086.0,27352.72
15769.0,2011-05-26 10:37:00,537.0,27889.72
15769.0,2011-06-20 14:38:00,2876.0,30765.72
15769.0,2011-07-07 14:46:00,2609.0,33374.72
15769.0,2011-08-24 12:51:00,2597.0,35971.72
15769.0,2011-08-24 12:52:00,5355.0,41326.72
15769.0,2011-08-30 11:37:00,537.0,41863.72
15769.0,2011-09-13 09:33:00,1253.0,43116.72
15769.0,2011-10-06 10:52:00,2924.0,46040.72
15769.0,2011-10-06 13:21:00,2327.0,48367.72
15769.0,2011-10-17 08:14:00,2327.0,50694.72
15769.0,2011-10-30 10:44:00,179.0,50873.72
15769.0,2011-11-09 11:55:00,1975.0,52848.72
15769.0,2011-12-02 13:52:00,3404.0,56252.72
15773.0,2011-12-04 12:48:00,635.68,635.68
15774.0,2011-10-02 12:04:00,270.8,270.8
15775.0,2011-04-08 12:56:00,104.9,104.9
15776.0,2011-07-29 13:46:00,241.62,241.62
15777.0,2010-12-13 16:38:00,365.55,365.55
15777.0,2011-01-26 10:49:00,102.0,467.55
15777.0,2011-01-26 10:51:00,285.6,753.15
15777.0,2011-04-12 16:43:00,293.96,1047.11
15780.0,2010-12-17 11:43:00,177.15,177.15
15780.0,2011-04-11 09:18:00,225.61,402.76
15780.0,2011-06-09 12:01:00,72.52,475.28
15781.0,2011-02-07 09:15:00,83.35,83.35
15781.0,2011-07-25 12:25:00,127.95,211.3
15781.0,2011-11-14 14:57:00,134.16,345.46
15782.0,2011-09-11 14:29:00,1638.34,1638.34
15782.0,2011-10-21 09:23:00,526.0,2164.34
15782.0,2011-11-30 10:49:00,450.4,2614.74
15783.0,2011-11-29 09:50:00,246.3,246.3
15785.0,2011-02-17 14:17:00,928.58,928.58
15785.0,2011-05-26 14:21:00,401.82,1330.4
15785.0,2011-07-05 10:07:00,318.03,1648.43
15785.0,2011-07-05 10:08:00,17.4,1665.83
15785.0,2011-11-07 11:33:00,663.14,2328.97
15786.0,2011-08-17 13:33:00,3160.84,3160.84
15786.0,2011-10-24 14:10:00,1687.46,4848.3
15786.0,2011-10-24 14:13:00,83.9,4932.2
15787.0,2011-10-09 13:11:00,492.05,492.05
15787.0,2011-11-13 14:48:00,368.79,860.84
15787.0,2011-11-13 14:55:00,87.21,948.05
15789.0,2010-12-16 14:35:00,351.3,351.3
15790.0,2011-11-29 14:53:00,220.85,220.85
15791.0,2011-05-19 15:15:00,1223.24,1223.24
15791.0,2011-10-27 10:14:00,389.45,1612.69
15793.0,2011-03-16 10:45:00,306.64,306.64
15793.0,2011-10-31 11:32:00,305.36,612.0
15793.0,2011-11-25 09:31:00,353.61,965.61
15795.0,2011-07-13 10:43:00,610.01,610.01
15796.0,2011-02-10 15:40:00,343.92,343.92
15796.0,2011-05-08 11:13:00,253.47,597.39
15796.0,2011-05-23 16:52:00,379.4,976.79
15796.0,2011-06-05 11:29:00,273.13,1249.92
15796.0,2011-08-22 14:35:00,325.8,1575.72
15796.0,2011-09-28 16:38:00,311.99,1887.71
15796.0,2011-11-22 13:41:00,376.2,2263.91
15796.0,2011-12-08 19:55:00,447.65,2711.56
15797.0,2011-01-24 15:47:00,15.0,15.0
15797.0,2011-02-08 10:17:00,1495.2,1510.2
15797.0,2011-05-09 16:38:00,330.0,1840.2
15797.0,2011-08-18 17:04:00,367.2,2207.4
15799.0,2011-01-09 15:13:00,320.22,320.22
15799.0,2011-06-07 15:28:00,161.02,481.24
15799.0,2011-09-25 12:46:00,402.9,884.14
15800.0,2011-04-07 12:39:00,244.5,244.5
15800.0,2011-08-24 14:23:00,454.58,699.08
15801.0,2011-08-22 09:53:00,137.22,137.22
15801.0,2011-10-10 15:42:00,869.98,1007.2
15801.0,2011-10-24 13:52:00,56.75,1063.95
15802.0,2011-07-20 11:38:00,451.42,451.42
15803.0,2011-10-19 14:56:00,415.82,415.82
15804.0,2011-05-25 10:12:00,525.36,525.36
15804.0,2011-06-22 10:28:00,600.03,1125.39
15804.0,2011-07-31 13:37:00,519.04,1644.43
15804.0,2011-08-23 09:57:00,432.48,2076.91
15804.0,2011-09-06 15:14:00,477.93,2554.84
15804.0,2011-09-14 13:02:00,233.39,2788.23
15804.0,2011-09-15 16:39:00,19.8,2808.03
15804.0,2011-09-22 19:03:00,142.27,2950.3
15804.0,2011-10-06 08:17:00,223.22,3173.52
15804.0,2011-11-02 16:37:00,362.43,3535.95
15804.0,2011-11-21 12:02:00,135.06,3671.01
15804.0,2011-11-28 15:50:00,206.33,3877.34
15804.0,2011-12-09 12:31:00,329.05,4206.39
15805.0,2010-12-10 09:33:00,370.8,370.8
15805.0,2011-02-24 12:09:00,553.76,924.56
15805.0,2011-04-20 13:18:00,1052.56,1977.12
15805.0,2011-04-20 13:19:00,140.85,2117.97
15805.0,2011-05-26 09:45:00,385.81,2503.78
15805.0,2011-06-06 11:57:00,130.44,2634.22
15805.0,2011-06-07 12:46:00,70.2,2704.42
15805.0,2011-06-17 13:39:00,252.63,2957.05
15805.0,2011-06-17 13:40:00,23.0,2980.05
15805.0,2011-06-17 13:42:00,17.7,2997.75
15805.0,2011-08-25 14:50:00,570.25,3568.0
15805.0,2011-10-06 12:23:00,270.25,3838.25
15805.0,2011-10-25 12:11:00,1062.43,4900.68
15805.0,2011-10-25 12:12:00,45.48,4946.16
15805.0,2011-11-02 13:05:00,19.92,4966.08
15805.0,2011-11-08 09:07:00,192.0,5158.08
15805.0,2011-11-16 16:32:00,370.4,5528.48
15806.0,2011-03-08 09:24:00,300.36,300.36
15806.0,2011-07-05 12:15:00,221.52,521.88
15806.0,2011-10-24 14:35:00,262.7,784.58
15807.0,2011-09-23 14:43:00,635.6,635.6
15807.0,2011-10-20 14:09:00,251.8,887.4
15807.0,2011-10-20 14:10:00,16.5,903.9
15808.0,2010-12-05 13:05:00,1021.45,1021.45
15808.0,2010-12-13 15:37:00,1228.4,2249.85
15808.0,2011-01-04 16:41:00,733.92,2983.77
15808.0,2011-02-06 14:33:00,751.2,3734.97
15809.0,2011-02-10 11:16:00,198.8,198.8
15809.0,2011-03-28 15:47:00,63.42,262.22
15809.0,2011-05-19 18:02:00,121.09,383.31
15809.0,2011-06-08 15:31:00,15.9,399.21
15809.0,2011-11-03 16:40:00,116.56,515.77
15810.0,2011-02-16 09:11:00,377.32,377.32
15810.0,2011-04-21 19:51:00,476.8,854.12
15810.0,2011-06-22 14:01:00,507.07,1361.19
15810.0,2011-09-22 09:38:00,30.79,1391.98
15811.0,2010-12-09 15:29:00,289.85,289.85
15811.0,2010-12-17 14:24:00,148.95,438.8
15811.0,2011-02-15 10:46:00,458.53,897.33
15811.0,2011-05-18 12:44:00,397.51,1294.84
15811.0,2011-08-26 09:37:00,478.96,1773.8
15811.0,2011-11-17 15:31:00,444.82,2218.62
15812.0,2011-01-26 12:12:00,244.8,244.8
15812.0,2011-03-30 14:39:00,519.96,764.76
15812.0,2011-06-03 15:31:00,289.46,1054.22
15812.0,2011-07-11 12:30:00,533.02,1587.24
15812.0,2011-08-24 14:19:00,213.9,1801.14
15813.0,2011-04-14 09:09:00,770.65,770.65
15813.0,2011-05-16 08:13:00,533.26,1303.91
15814.0,2011-10-20 09:04:00,599.42,599.42
15814.0,2011-10-20 18:08:00,521.53,1120.95
15814.0,2011-11-03 14:42:00,456.24,1577.19
15814.0,2011-11-23 08:17:00,368.14,1945.33
15815.0,2011-03-25 08:43:00,427.0,427.0
15815.0,2011-04-08 12:01:00,453.0,880.0
15815.0,2011-05-11 15:17:00,514.08,1394.08
15815.0,2011-07-22 12:20:00,480.62,1874.7
15815.0,2011-10-07 12:42:00,225.9,2100.6
15819.0,2011-03-08 09:45:00,639.64,639.64
15819.0,2011-05-24 14:38:00,537.5,1177.14
15819.0,2011-07-31 15:22:00,408.33,1585.47
15819.0,2011-10-21 14:50:00,319.98,1905.45
15820.0,2011-01-24 12:00:00,206.98,206.98
15821.0,2011-10-09 13:28:00,254.18,254.18
15821.0,2011-10-26 15:48:00,316.78,570.96
15822.0,2010-12-15 13:38:00,440.2,440.2
15822.0,2011-12-06 14:50:00,445.27,885.47
15823.0,2010-12-02 15:08:00,15.0,15.0
15825.0,2011-06-20 13:27:00,532.94,532.94
15826.0,2011-05-13 10:44:00,720.0,720.0
15826.0,2011-10-14 16:04:00,878.46,1598.46
15826.0,2011-10-14 16:05:00,55.85,1654.31
15827.0,2010-12-02 13:06:00,98.18,98.18
15827.0,2010-12-02 13:08:00,92.75,190.93
15827.0,2011-01-27 14:31:00,177.35,368.28
15827.0,2011-02-08 12:01:00,146.2,514.48
15827.0,2011-02-09 11:43:00,29.7,544.18
15827.0,2011-03-04 11:49:00,190.1,734.28
15827.0,2011-04-17 13:27:00,63.36,797.64
15827.0,2011-05-08 14:44:00,114.05,911.69
15827.0,2011-06-09 13:37:00,203.98,1115.67
15827.0,2011-07-21 17:55:00,173.8,1289.47
15827.0,2011-07-21 17:56:00,86.24,1375.71
15827.0,2011-08-17 15:05:00,222.45,1598.16
15827.0,2011-09-27 15:35:00,237.93,1836.09
15829.0,2011-07-22 10:23:00,325.44,325.44
15829.0,2011-09-01 16:45:00,310.7,636.14
15830.0,2011-11-02 10:40:00,576.0,576.0
15831.0,2011-01-19 14:52:00,309.94,309.94
15831.0,2011-08-07 13:54:00,141.17,451.11
15831.0,2011-10-12 13:14:00,350.65,801.76
15832.0,2011-03-30 15:29:00,836.79,836.79
15834.0,2011-03-07 17:52:00,1031.37,1031.37
15834.0,2011-03-07 17:55:00,250.0,1281.37
15834.0,2011-06-27 10:16:00,510.45,1791.82
15834.0,2011-09-30 14:41:00,441.93,2233.75
15835.0,2011-01-13 10:35:00,301.11,301.11
15835.0,2011-03-24 13:59:00,187.2,488.31
15835.0,2011-07-25 12:50:00,187.2,675.51
15835.0,2011-10-26 15:47:00,278.58,954.09
15836.0,2011-10-20 17:13:00,137.37,137.37
15837.0,2011-10-06 09:01:00,391.98,391.98
15838.0,2010-12-07 11:26:00,957.5,957.5
15838.0,2011-02-02 07:58:00,277.5,1235.0
15838.0,2011-03-10 09:49:00,3277.24,4512.24
15838.0,2011-04-04 16:31:00,825.96,5338.2
15838.0,2011-04-07 09:39:00,270.0,5608.2
15838.0,2011-05-05 11:47:00,494.7,6102.9
15838.0,2011-06-02 12:46:00,2105.98,8208.88
15838.0,2011-06-13 16:25:00,254.12,8463.0
15838.0,2011-06-13 16:29:00,786.36,9249.36
15838.0,2011-06-27 13:12:00,318.2,9567.56
15838.0,2011-08-10 10:53:00,4105.94,13673.5
15838.0,2011-08-23 12:18:00,480.0,14153.5
15838.0,2011-09-23 09:19:00,3187.12,17340.62
15838.0,2011-10-06 11:53:00,10992.96,28333.58
15838.0,2011-11-14 12:58:00,3134.96,31468.54
15838.0,2011-11-14 13:00:00,1023.42,32491.96
15838.0,2011-11-14 13:01:00,179.0,32670.96
15838.0,2011-11-28 13:59:00,730.08,33401.04
15838.0,2011-11-28 14:00:00,242.04,33643.08
15839.0,2011-07-14 16:35:00,299.18,299.18
15839.0,2011-09-20 12:12:00,491.18,790.36
15839.0,2011-11-06 13:54:00,258.13,1048.49
15840.0,2011-06-20 11:42:00,241.74,241.74
15840.0,2011-10-12 09:08:00,113.82,355.56
15841.0,2011-01-05 11:25:00,331.6,331.6
15841.0,2011-05-05 14:37:00,281.66,613.26
15841.0,2011-09-14 13:15:00,303.48,916.74
15841.0,2011-09-28 12:15:00,307.32,1224.06
15843.0,2011-02-09 10:19:00,118.95,118.95
15844.0,2011-10-24 15:19:00,130.74,130.74
15845.0,2011-01-06 17:19:00,303.36,303.36
15845.0,2011-02-25 10:39:00,929.22,1232.58
15845.0,2011-05-13 09:01:00,304.58,1537.16
15845.0,2011-06-13 12:42:00,426.18,1963.34
15845.0,2011-07-18 10:05:00,563.42,2526.76
15845.0,2011-09-14 09:22:00,543.24,3070.0
15845.0,2011-11-04 10:18:00,340.48,3410.48
15845.0,2011-11-22 09:42:00,301.29,3711.77
15847.0,2011-02-24 16:46:00,180.68,180.68
15847.0,2011-11-01 14:41:00,208.59,389.27
15850.0,2011-06-24 14:16:00,118.88,118.88
15850.0,2011-11-20 14:14:00,119.97,238.85
15852.0,2011-05-26 13:26:00,103.21,103.21
15852.0,2011-06-06 11:22:00,57.5,160.71
15853.0,2011-10-19 10:38:00,110.8,110.8
15854.0,2010-12-13 11:47:00,230.1,230.1
15854.0,2011-01-14 15:04:00,214.2,444.3
15854.0,2011-02-01 13:55:00,303.0,747.3
15854.0,2011-03-18 09:19:00,309.4,1056.7
15854.0,2011-05-15 16:02:00,217.19,1273.89
15854.0,2011-05-19 13:16:00,310.5,1584.39
15854.0,2011-06-20 08:50:00,453.3,2037.69
15854.0,2011-07-22 13:17:00,356.0,2393.69
15854.0,2011-09-14 12:25:00,446.25,2839.94
15854.0,2011-12-05 13:37:00,112.66,2952.6
15854.0,2011-12-05 13:39:00,22.05,2974.65
15855.0,2011-03-21 12:32:00,95.8,95.8
15855.0,2011-04-13 14:39:00,106.4,202.2
15855.0,2011-05-17 15:26:00,140.31,342.51
15855.0,2011-06-09 10:09:00,132.18,474.69
15855.0,2011-07-26 10:20:00,237.55,712.24
15856.0,2010-12-09 13:34:00,1571.32,1571.32
15856.0,2010-12-17 17:06:00,741.22,2312.54
15856.0,2010-12-23 15:16:00,968.77,3281.31
15856.0,2011-02-11 15:56:00,1078.9,4360.21
15856.0,2011-03-31 11:20:00,516.29,4876.5
15856.0,2011-04-01 16:49:00,785.5,5662.0
15856.0,2011-04-21 16:48:00,504.9,6166.9
15856.0,2011-05-20 10:32:00,772.57,6939.47
15856.0,2011-06-10 16:46:00,734.44,7673.91
15856.0,2011-07-11 14:16:00,351.7,8025.61
15856.0,2011-07-22 16:03:00,489.6,8515.21
15856.0,2011-08-16 17:25:00,423.84,8939.05
15856.0,2011-08-16 17:27:00,20.3,8959.35
15856.0,2011-08-28 13:35:00,627.64,9586.99
15856.0,2011-08-31 17:16:00,511.46,10098.45
15856.0,2011-09-02 16:50:00,855.28,10953.73
15856.0,2011-09-05 17:44:00,488.21,11441.94
15856.0,2011-10-05 17:29:00,503.64,11945.58
15856.0,2011-10-14 14:22:00,992.0,12937.58
15856.0,2011-10-14 14:28:00,47.04,12984.62
15856.0,2011-10-25 17:29:00,292.25,13276.87
15856.0,2011-12-02 13:32:00,844.78,14121.65
15856.0,2011-12-02 13:37:00,264.99,14386.64
15856.0,2011-12-02 16:07:00,945.13,15331.77
15856.0,2011-12-05 13:58:00,479.58,15811.35
15856.0,2011-12-05 14:06:00,81.6,15892.95
15856.0,2011-12-05 17:09:00,494.62,16387.57
15857.0,2011-11-21 12:18:00,297.0,297.0
15858.0,2010-12-07 14:31:00,383.93,383.93
15858.0,2011-02-23 13:21:00,432.29,816.22
15858.0,2011-09-23 09:39:00,153.9,970.12
15858.0,2011-10-11 09:19:00,277.72,1247.84
15858.0,2011-11-24 12:48:00,191.01,1438.85
15860.0,2010-12-06 11:38:00,102.66,102.66
15860.0,2011-04-01 11:28:00,292.85,395.51
15860.0,2011-04-21 10:48:00,24.75,420.26
15860.0,2011-07-18 16:59:00,120.23,540.49
15860.0,2011-08-07 13:43:00,113.79,654.28
15860.0,2011-09-02 10:34:00,112.86,767.14
15860.0,2011-09-25 12:31:00,108.06,875.2
15860.0,2011-10-30 11:25:00,102.01,977.21
15861.0,2011-03-17 20:12:00,474.19,474.19
15861.0,2011-03-17 20:18:00,248.29,722.48
15861.0,2011-07-28 11:29:00,407.52,1130.0
15861.0,2011-10-25 12:12:00,563.74,1693.74
15861.0,2011-11-13 15:05:00,144.94,1838.68
15861.0,2011-11-13 15:06:00,74.85,1913.53
15861.0,2011-11-13 16:16:00,487.21,2400.74
15861.0,2011-11-17 19:58:00,165.0,2565.74
15861.0,2011-11-27 15:59:00,599.62,3165.36
15862.0,2010-12-01 11:21:00,354.23,354.23
15862.0,2011-05-19 14:08:00,136.78,491.01
15862.0,2011-08-19 16:34:00,168.72,659.73
15862.0,2011-12-01 13:28:00,173.15,832.88
15863.0,2011-05-31 11:36:00,9.2,9.2
15863.0,2011-11-14 12:49:00,59.64,68.84
15864.0,2011-01-27 16:43:00,242.42,242.42
15864.0,2011-06-15 15:35:00,171.84,414.26
15864.0,2011-09-02 10:31:00,543.6,957.86
15864.0,2011-10-04 10:31:00,520.54,1478.4
15864.0,2011-11-13 11:48:00,305.28,1783.68
15864.0,2011-11-17 13:32:00,152.64,1936.32
15865.0,2011-05-10 11:44:00,313.93,313.93
15865.0,2011-09-12 09:38:00,289.92,603.85
15865.0,2011-10-30 12:43:00,291.28,895.13
15866.0,2011-08-30 14:09:00,230.53,230.53
15867.0,2010-12-05 14:17:00,112.9,112.9
15867.0,2010-12-13 15:26:00,201.4,314.3
15867.0,2010-12-20 15:35:00,242.92,557.22
15867.0,2011-01-10 17:18:00,237.19,794.41
15867.0,2011-01-26 17:27:00,142.71,937.12
15867.0,2011-02-16 16:40:00,133.0,1070.12
15867.0,2011-03-15 15:06:00,215.49,1285.61
15867.0,2011-04-11 16:35:00,217.14,1502.75
15867.0,2011-05-27 15:57:00,252.3,1755.05
15867.0,2011-06-09 16:08:00,302.72,2057.77
15867.0,2011-07-19 15:13:00,566.13,2623.9
15867.0,2011-08-18 16:24:00,326.01,2949.91
15867.0,2011-09-30 15:04:00,357.71,3307.62
15867.0,2011-11-17 16:39:00,219.44,3527.06
15867.0,2011-12-04 13:32:00,285.58,3812.64
15869.0,2011-03-07 17:19:00,61.59,61.59
15869.0,2011-03-07 17:23:00,88.05,149.64
15870.0,2011-11-07 10:58:00,354.09,354.09
15872.0,2011-11-25 11:54:00,358.83,358.83
15872.0,2011-11-25 11:55:00,2.1,360.93
15874.0,2011-02-28 13:28:00,584.35,584.35
15874.0,2011-03-28 14:19:00,240.35,824.7
15874.0,2011-03-28 14:23:00,56.05,880.75
15874.0,2011-04-08 12:17:00,1163.75,2044.5
15874.0,2011-05-06 11:05:00,118.3,2162.8
15874.0,2011-06-15 11:01:00,44.95,2207.75
15874.0,2011-10-07 12:31:00,2198.13,4405.88
15877.0,2011-11-22 11:18:00,242.26,242.26
15877.0,2011-12-08 11:53:00,251.02,493.28
15880.0,2010-12-05 13:00:00,343.28,343.28
15881.0,2010-12-10 13:32:00,114.45,114.45
15881.0,2010-12-13 10:36:00,40.8,155.25
15881.0,2011-01-31 16:47:00,339.29,494.54
15881.0,2011-01-31 16:48:00,1.9,496.44
15881.0,2011-01-31 16:59:00,4.95,501.39
15882.0,2010-12-06 13:01:00,270.52,270.52
15882.0,2010-12-06 13:12:00,100.8,371.32
15882.0,2011-05-25 11:34:00,135.14,506.46
15882.0,2011-05-25 11:35:00,9.9,516.36
15883.0,2011-11-06 14:50:00,143.76,143.76
15883.0,2011-12-07 17:05:00,252.72,396.48
15885.0,2011-02-03 15:28:00,15.0,15.0
15885.0,2011-09-07 14:56:00,349.35,364.35
15885.0,2011-09-08 10:43:00,15.0,379.35
15886.0,2011-10-10 14:25:00,181.09,181.09
15888.0,2011-09-20 12:30:00,168.31,168.31
15889.0,2010-12-05 15:12:00,297.92,297.92
15889.0,2011-07-06 11:10:00,148.95,446.87
15891.0,2011-04-27 12:35:00,524.52,524.52
15894.0,2010-12-05 14:06:00,156.74,156.74
15894.0,2011-03-31 13:50:00,106.81,263.55
15895.0,2011-07-13 10:27:00,179.17,179.17
15897.0,2011-05-29 13:32:00,119.71,119.71
15897.0,2011-05-29 13:50:00,102.34,222.05
15898.0,2010-12-06 11:01:00,382.69,382.69
15898.0,2010-12-07 13:30:00,139.0,521.69
15898.0,2011-03-20 10:28:00,168.7,690.39
15898.0,2011-04-27 10:03:00,312.6,1002.99
15898.0,2011-12-08 15:23:00,385.89,1388.88
15899.0,2010-12-06 10:36:00,56.25,56.25
15900.0,2011-11-16 12:19:00,351.11,351.11
15901.0,2011-07-08 12:18:00,110.49,110.49
15901.0,2011-09-23 12:38:00,122.86,233.35
15901.0,2011-11-23 12:43:00,130.53,363.88
15903.0,2011-02-17 14:04:00,161.28,161.28
15903.0,2011-04-26 11:51:00,480.36,641.64
15903.0,2011-09-23 14:38:00,310.32,951.96
15903.0,2011-09-30 13:31:00,1568.4,2520.36
15903.0,2011-11-11 16:33:00,1405.2,3925.56
15903.0,2011-11-13 13:27:00,471.6,4397.16
15903.0,2011-11-30 08:08:00,729.6,5126.76
15904.0,2011-12-01 14:50:00,164.68,164.68
15906.0,2011-03-29 13:28:00,341.93,341.93
15906.0,2011-03-29 13:32:00,69.4,411.33
15906.0,2011-05-04 11:50:00,271.83,683.16
15906.0,2011-07-18 11:37:00,114.55,797.71
15906.0,2011-10-02 13:46:00,590.49,1388.2
15906.0,2011-11-20 12:22:00,155.38,1543.58
15906.0,2011-11-20 12:24:00,24.11,1567.69
15907.0,2011-05-13 13:01:00,251.18,251.18
15907.0,2011-06-16 12:45:00,278.34,529.52
15907.0,2011-12-06 12:21:00,437.93,967.45
15909.0,2011-06-19 10:38:00,191.94,191.94
15910.0,2011-01-27 11:55:00,149.49,149.49
15910.0,2011-02-24 10:29:00,161.41,310.9
15910.0,2011-04-07 11:37:00,118.89,429.79
15910.0,2011-05-16 16:36:00,120.82,550.61
15910.0,2011-09-01 16:59:00,112.75,663.36
15910.0,2011-10-06 11:42:00,188.41,851.77
15910.0,2011-11-24 16:59:00,247.06,1098.83
15910.0,2011-12-09 10:51:00,133.35,1232.18
15912.0,2011-04-20 17:10:00,141.49,141.49
15912.0,2011-06-14 14:29:00,123.13,264.62
15916.0,2010-12-08 13:07:00,142.95,142.95
15916.0,2010-12-08 13:14:00,89.5,232.45
15916.0,2011-01-13 15:11:00,342.61,575.06
15916.0,2011-04-07 13:09:00,160.12,735.18
15916.0,2011-06-01 11:52:00,113.35,848.53
15916.0,2011-09-23 15:18:00,118.9,967.43
15916.0,2011-11-09 16:33:00,372.28,1339.71
15916.0,2011-11-23 13:46:00,188.38,1528.09
15917.0,2011-04-06 10:40:00,123.1,123.1
15918.0,2011-03-13 15:55:00,142.0,142.0
15918.0,2011-06-02 11:42:00,192.23,334.23
15919.0,2010-12-06 11:26:00,270.72,270.72
15919.0,2011-11-20 11:28:00,369.17,639.89
15920.0,2011-07-08 15:16:00,35.33,35.33
15920.0,2011-07-08 15:22:00,98.06,133.39
15920.0,2011-07-08 15:25:00,31.74,165.13
15920.0,2011-07-08 15:31:00,2.37,167.5
15921.0,2011-06-20 11:03:00,336.03,336.03
15922.0,2010-12-01 13:51:00,369.5,369.5
15923.0,2010-12-02 12:16:00,127.08,127.08
15925.0,2011-05-29 15:35:00,207.15,207.15
15930.0,2011-10-03 14:52:00,426.63,426.63
15932.0,2011-02-23 14:50:00,317.73,317.73
15932.0,2011-03-15 13:28:00,339.34,657.07
15932.0,2011-04-12 15:30:00,311.16,968.23
15932.0,2011-05-09 12:39:00,305.02,1273.25
15932.0,2011-06-27 15:28:00,310.12,1583.37
15932.0,2011-08-24 12:00:00,302.58,1885.95
15932.0,2011-09-12 14:24:00,309.7,2195.65
15932.0,2011-12-05 17:13:00,300.22,2495.87
15933.0,2011-09-14 12:05:00,411.81,411.81
15933.0,2011-09-29 16:42:00,316.46,728.27
15933.0,2011-11-18 13:14:00,379.19,1107.46
15935.0,2011-04-12 09:35:00,308.82,308.82
15935.0,2011-04-14 13:27:00,108.04,416.86
15937.0,2011-10-06 15:48:00,145.35,145.35
15938.0,2011-01-20 10:11:00,74.9,74.9
15938.0,2011-03-20 10:53:00,62.7,137.6
15938.0,2011-04-05 10:40:00,105.0,242.6
15938.0,2011-05-22 15:03:00,92.7,335.3
15938.0,2011-08-19 12:56:00,69.28,404.58
15939.0,2011-01-12 12:43:00,747.06,747.06
15939.0,2011-01-18 15:58:00,15.0,762.06
15939.0,2011-02-01 12:42:00,354.24,1116.3
15939.0,2011-02-25 14:51:00,247.8,1364.1
15939.0,2011-03-10 10:04:00,547.35,1911.45
15939.0,2011-03-27 16:01:00,131.3,2042.75
15939.0,2011-04-07 12:02:00,1072.2,3114.95
15939.0,2011-04-26 14:12:00,1265.4,4380.35
15939.0,2011-05-27 13:17:00,252.0,4632.35
15939.0,2011-06-12 14:48:00,587.52,5219.87
15939.0,2011-07-28 15:03:00,212.18,5432.05
15939.0,2011-07-28 15:04:00,178.8,5610.85
15939.0,2011-08-15 09:18:00,47.4,5658.25
15939.0,2011-08-24 14:46:00,202.0,5860.25
15939.0,2011-09-11 11:30:00,254.76,6115.01
15940.0,2011-02-01 16:18:00,35.8,35.8
15942.0,2011-07-29 09:01:00,337.44,337.44
15944.0,2011-03-08 10:33:00,325.1,325.1
15945.0,2010-12-09 13:14:00,181.0,181.0
15947.0,2011-09-18 10:46:00,1708.24,1708.24
15948.0,2011-10-27 08:35:00,644.24,644.24
15948.0,2011-12-01 15:32:00,311.0,955.24
15949.0,2011-09-29 17:34:00,237.04,237.04
15949.0,2011-11-23 09:09:00,127.68,364.72
15950.0,2010-12-15 11:56:00,428.82,428.82
15950.0,2011-08-25 14:13:00,662.56,1091.38
15950.0,2011-09-22 11:17:00,255.84,1347.22
15950.0,2011-11-08 11:09:00,418.29,1765.51
15951.0,2011-02-27 11:57:00,375.17,375.17
15951.0,2011-12-01 08:34:00,333.05,708.22
15952.0,2011-04-28 12:55:00,232.65,232.65
15952.0,2011-07-03 13:33:00,95.15,327.8
15952.0,2011-10-02 12:47:00,253.6,581.4
15952.0,2011-11-06 11:18:00,225.17,806.57
15953.0,2010-12-05 15:15:00,209.84,209.84
15953.0,2011-01-12 11:18:00,202.35,412.19
15953.0,2011-03-01 13:55:00,242.03,654.22
15953.0,2011-05-12 11:44:00,171.92,826.14
15953.0,2011-10-05 14:39:00,251.69,1077.83
15953.0,2011-10-23 14:30:00,161.81,1239.64
15953.0,2011-11-14 14:09:00,261.32,1500.96
15953.0,2011-11-24 15:32:00,158.42,1659.38
15955.0,2010-12-02 11:22:00,572.38,572.38
15955.0,2011-04-10 11:48:00,491.79,1064.17
15955.0,2011-05-20 08:57:00,381.45,1445.62
15955.0,2011-08-11 16:30:00,480.65,1926.27
15955.0,2011-08-11 16:31:00,17.7,1943.97
15955.0,2011-08-11 16:32:00,37.14,1981.11
15955.0,2011-08-25 11:36:00,482.54,2463.65
15955.0,2011-09-29 14:11:00,477.14,2940.79
15955.0,2011-09-29 14:12:00,25.2,2965.99
15955.0,2011-10-04 17:32:00,8.5,2974.49
15955.0,2011-10-11 14:37:00,454.33,3428.82
15955.0,2011-10-27 17:34:00,416.46,3845.28
15955.0,2011-11-15 14:15:00,570.98,4416.26
15957.0,2011-11-08 12:14:00,428.89,428.89
15958.0,2011-09-26 13:41:00,104.35,104.35
15963.0,2011-10-25 13:05:00,280.04,280.04
15963.0,2011-11-20 11:33:00,190.72,470.76
15965.0,2010-12-07 13:18:00,156.19,156.19
15965.0,2011-11-11 10:50:00,506.4,662.59
15965.0,2011-11-11 11:02:00,32.5,695.09
15965.0,2011-11-22 16:44:00,150.55,845.64
15967.0,2011-01-25 11:57:00,173.8,173.8
15967.0,2011-11-16 15:41:00,245.03,418.83
15969.0,2011-06-07 12:19:00,308.7,308.7
15969.0,2011-10-21 08:24:00,222.4,531.1
15969.0,2011-12-07 11:06:00,135.0,666.1
15970.0,2011-02-09 12:08:00,314.1,314.1
15971.0,2011-02-01 16:47:00,762.0,762.0
15971.0,2011-03-01 11:42:00,117.0,879.0
15971.0,2011-03-14 12:11:00,184.5,1063.5
15971.0,2011-04-11 13:40:00,22.65,1086.15
15971.0,2011-07-06 12:33:00,301.9,1388.05
15971.0,2011-07-21 18:31:00,430.0,1818.05
15971.0,2011-08-23 09:53:00,291.4,2109.45
15971.0,2011-09-12 10:47:00,217.3,2326.75
15971.0,2011-10-03 15:29:00,260.1,2586.85
15971.0,2011-10-18 10:51:00,708.0,3294.85
15971.0,2011-10-18 10:52:00,701.0,3995.85
15971.0,2011-11-22 12:50:00,204.0,4199.85
15973.0,2010-12-08 11:42:00,307.82,307.82
15974.0,2011-02-24 10:10:00,769.24,769.24
15974.0,2011-03-07 15:40:00,147.95,917.19
15974.0,2011-05-12 11:10:00,656.3,1573.49
15974.0,2011-06-08 14:52:00,481.36,2054.85
15974.0,2011-07-29 10:21:00,492.28,2547.13
15974.0,2011-09-05 15:40:00,347.88,2895.01
15974.0,2011-10-31 13:13:00,547.14,3442.15
15975.0,2011-09-16 13:33:00,371.01,371.01
15976.0,2011-05-03 17:12:00,209.99,209.99
15976.0,2011-06-27 13:00:00,220.95,430.94
15977.0,2011-10-31 16:24:00,355.63,355.63
15977.0,2011-11-22 13:29:00,699.1,1054.73
15978.0,2011-09-23 15:21:00,1098.78,1098.78
15980.0,2011-03-30 15:05:00,760.18,760.18
15980.0,2011-09-12 09:39:00,1468.58,2228.76
15980.0,2011-09-12 09:41:00,170.1,2398.86
15981.0,2011-02-01 13:50:00,270.0,270.0
15981.0,2011-03-30 15:06:00,600.0,870.0
15981.0,2011-04-12 09:49:00,520.8,1390.8
15981.0,2011-05-13 08:58:00,231.4,1622.2
15981.0,2011-06-24 10:33:00,438.8,2061.0
15981.0,2011-07-25 10:47:00,397.2,2458.2
15981.0,2011-09-23 13:24:00,391.68,2849.88
15981.0,2011-11-15 08:00:00,558.6,3408.48
15983.0,2010-12-01 12:15:00,440.89,440.89
15983.0,2010-12-09 10:45:00,382.66,823.55
15983.0,2010-12-14 12:30:00,324.72,1148.27
15983.0,2011-11-17 17:34:00,326.75,1475.02
15984.0,2010-12-06 13:21:00,122.7,122.7
15984.0,2011-01-05 13:05:00,107.89,230.59
15984.0,2011-02-23 16:23:00,104.95,335.54
15984.0,2011-03-01 17:28:00,234.35,569.89
15984.0,2011-04-20 12:56:00,212.19,782.08
15984.0,2011-08-21 14:32:00,683.28,1465.36
15984.0,2011-08-31 12:11:00,383.4,1848.76
15984.0,2011-09-29 19:30:00,243.2,2091.96
15984.0,2011-12-05 16:05:00,541.33,2633.29
15984.0,2011-12-07 12:16:00,204.38,2837.67
15985.0,2011-04-17 11:04:00,899.58,899.58
15985.0,2011-08-08 16:31:00,242.84,1142.42
15986.0,2011-11-09 15:17:00,168.12,168.12
15987.0,2010-12-06 08:34:00,113.48,113.48
15987.0,2011-05-04 13:11:00,9.36,122.84
15987.0,2011-05-24 09:12:00,39.9,162.74
15987.0,2011-05-24 09:26:00,353.34,516.08
15987.0,2011-07-14 12:52:00,287.29,803.37
15987.0,2011-08-11 09:45:00,403.05,1206.42
15987.0,2011-11-27 15:38:00,244.86,1451.28
15988.0,2011-11-20 13:23:00,158.03,158.03
15990.0,2011-02-25 15:35:00,401.37,401.37
15990.0,2011-10-26 15:58:00,390.74,792.11
15992.0,2011-12-06 11:00:00,41.99,41.99
15993.0,2011-10-26 16:21:00,863.89,863.89
15993.0,2011-10-26 16:57:00,421.59,1285.48
15993.0,2011-11-06 16:13:00,439.88,1725.36
15993.0,2011-11-14 14:09:00,419.72,2145.08
15993.0,2011-11-23 12:45:00,417.05,2562.13
15993.0,2011-12-01 10:44:00,218.94,2781.07
15993.0,2011-12-01 10:45:00,16.5,2797.57
15994.0,2011-10-16 12:28:00,427.07,427.07
15996.0,2010-12-08 15:59:00,263.25,263.25
15996.0,2011-02-27 15:59:00,222.29,485.54
15996.0,2011-03-21 11:57:00,169.73,655.27
15996.0,2011-06-27 12:13:00,141.03,796.3
15996.0,2011-08-15 13:09:00,111.56,907.86
15996.0,2011-09-12 15:14:00,152.82,1060.68
15998.0,2010-12-12 13:32:00,863.39,863.39
15998.0,2011-03-22 12:25:00,918.83,1782.22
15998.0,2011-06-21 10:48:00,329.84,2112.06
15998.0,2011-09-13 15:37:00,398.7,2510.76
15998.0,2011-11-03 12:45:00,579.21,3089.97
16000.0,2011-12-07 12:14:00,8345.2,8345.2
16000.0,2011-12-07 12:15:00,2046.0,10391.2
16000.0,2011-12-07 12:17:00,2002.5,12393.7
16003.0,2010-12-15 12:09:00,1181.0,1181.0
16003.0,2011-06-27 08:50:00,573.7,1754.7
16003.0,2011-07-28 11:20:00,39.2,1793.9
16003.0,2011-11-10 09:56:00,525.92,2319.82
16003.0,2011-11-10 09:57:00,415.55,2735.37
16005.0,2011-03-14 11:46:00,177.59,177.59
16005.0,2011-06-10 12:01:00,120.49,298.08
16005.0,2011-11-27 13:41:00,171.48,469.56
16005.0,2011-11-27 13:47:00,145.83,615.39
16006.0,2011-05-12 13:12:00,101.4,101.4
16007.0,2011-05-08 13:32:00,369.75,369.75
16007.0,2011-06-12 12:01:00,363.7,733.45
16007.0,2011-10-02 13:26:00,751.74,1485.19
16007.0,2011-10-23 11:05:00,216.75,1701.94
16008.0,2011-05-19 10:54:00,139.15,139.15
16008.0,2011-09-25 14:38:00,191.56,330.71
16008.0,2011-11-16 10:32:00,148.07,478.78
16009.0,2011-07-03 11:26:00,462.19,462.19
16009.0,2011-10-27 12:22:00,388.76,850.95
16009.0,2011-11-07 15:37:00,82.76,933.71
16009.0,2011-11-17 16:51:00,59.0,992.71
16010.0,2010-12-12 12:18:00,110.1,110.1
16010.0,2011-04-03 11:37:00,178.65,288.75
16010.0,2011-04-08 10:14:00,118.75,407.5
16011.0,2010-12-08 16:34:00,237.95,237.95
16011.0,2010-12-12 13:01:00,168.15,406.1
16011.0,2011-02-01 14:43:00,231.0,637.1
16011.0,2011-02-22 15:59:00,116.09,753.19
16011.0,2011-03-29 15:44:00,118.55,871.74
16011.0,2011-04-20 16:04:00,119.1,990.84
16011.0,2011-06-08 16:18:00,237.57,1228.41
16011.0,2011-06-16 13:46:00,141.3,1369.71
16011.0,2011-07-18 14:56:00,147.18,1516.89
16011.0,2011-08-12 14:12:00,208.39,1725.28
16011.0,2011-09-01 10:28:00,299.25,2024.53
16011.0,2011-09-08 15:41:00,170.88,2195.41
16011.0,2011-09-29 09:55:00,271.88,2467.29
16011.0,2011-10-27 12:42:00,245.3,2712.59
16011.0,2011-11-10 12:32:00,256.2,2968.79
16011.0,2011-12-01 16:31:00,393.92,3362.71
16012.0,2011-07-07 18:02:00,365.05,365.05
16012.0,2011-08-03 11:44:00,767.07,1132.12
16012.0,2011-11-04 13:25:00,283.17,1415.29
16013.0,2010-12-03 13:09:00,534.0,534.0
16013.0,2010-12-03 13:10:00,528.0,1062.0
16013.0,2010-12-16 11:03:00,204.0,1266.0
16013.0,2010-12-16 11:07:00,1491.0,2757.0
16013.0,2010-12-17 09:39:00,216.0,2973.0
16013.0,2011-01-07 09:31:00,797.6,3770.6
16013.0,2011-01-07 09:55:00,637.5,4408.1
16013.0,2011-02-11 11:23:00,468.0,4876.1
16013.0,2011-02-11 11:25:00,306.0,5182.1
16013.0,2011-02-11 11:28:00,1806.6,6988.7
16013.0,2011-02-11 11:31:00,382.5,7371.2
16013.0,2011-03-07 11:06:00,475.2,7846.4
16013.0,2011-03-11 09:20:00,255.0,8101.4
16013.0,2011-03-14 12:34:00,679.5,8780.9
16013.0,2011-03-16 11:52:00,414.72,9195.62
16013.0,2011-04-08 13:00:00,375.0,9570.62
16013.0,2011-04-27 13:19:00,172.8,9743.42
16013.0,2011-05-03 11:41:00,489.6,10233.02
16013.0,2011-05-03 11:42:00,626.1,10859.12
16013.0,2011-05-12 11:07:00,1177.0,12036.12
16013.0,2011-05-31 12:05:00,382.5,12418.62
16013.0,2011-06-08 13:00:00,382.7,12801.32
16013.0,2011-06-14 11:02:00,2145.0,14946.32
16013.0,2011-06-20 12:27:00,375.0,15321.32
16013.0,2011-07-12 09:10:00,2002.32,17323.64
16013.0,2011-07-25 11:05:00,241.92,17565.56
16013.0,2011-08-12 12:15:00,339.26,17904.82
16013.0,2011-08-12 12:16:00,1069.2,18974.02
16013.0,2011-08-12 12:18:00,505.8,19479.82
16013.0,2011-08-22 12:59:00,2067.12,21546.94
16013.0,2011-08-22 13:20:00,40.8,21587.74
16013.0,2011-09-02 11:34:00,1821.6,23409.34
16013.0,2011-09-30 12:40:00,669.6,24078.94
16013.0,2011-10-03 14:18:00,339.26,24418.2
16013.0,2011-10-03 14:20:00,1441.2,25859.4
16013.0,2011-10-26 10:02:00,2251.2,28110.6
16013.0,2011-10-26 10:03:00,1603.06,29713.66
16013.0,2011-10-26 12:11:00,864.0,30577.66
16013.0,2011-10-26 12:22:00,476.1,31053.76
16013.0,2011-11-21 12:19:00,523.2,31576.96
16013.0,2011-11-21 12:20:00,1100.22,32677.18
16013.0,2011-11-21 12:21:00,1809.7,34486.88
16013.0,2011-12-02 11:53:00,1852.68,36339.56
16013.0,2011-12-06 10:36:00,791.04,37130.6
16014.0,2011-02-21 17:42:00,262.93,262.93
16014.0,2011-07-10 16:29:00,267.0,529.93
16014.0,2011-11-02 12:04:00,132.45,662.38
16015.0,2011-10-21 12:56:00,300.77,300.77
16015.0,2011-11-13 11:55:00,201.52,502.29
16015.0,2011-12-06 10:58:00,203.1,705.39
16016.0,2010-12-08 12:36:00,382.27,382.27
16016.0,2011-04-27 13:06:00,219.01,601.28
16016.0,2011-04-27 13:31:00,89.1,690.38
16016.0,2011-05-27 13:53:00,127.19,817.57
16016.0,2011-09-21 12:46:00,108.92,926.49
16016.0,2011-11-03 19:28:00,287.19,1213.68
16016.0,2011-11-24 19:07:00,154.48,1368.16
16016.0,2011-12-06 14:35:00,140.6,1508.76
16017.0,2011-10-23 12:56:00,211.88,211.88
16018.0,2011-06-12 13:52:00,161.9,161.9
16018.0,2011-10-31 14:13:00,247.0,408.9
16019.0,2010-12-10 12:29:00,219.1,219.1
16019.0,2011-01-07 10:00:00,504.25,723.35
16019.0,2011-01-28 13:18:00,100.8,824.15
16019.0,2011-02-16 10:04:00,1129.35,1953.5
16019.0,2011-03-30 12:34:00,303.32,2256.82
16019.0,2011-04-21 15:16:00,232.68,2489.5
16019.0,2011-07-26 14:03:00,462.75,2952.25
16019.0,2011-10-18 10:16:00,417.29,3369.54
16019.0,2011-10-24 11:51:00,416.7,3786.24
16020.0,2011-10-05 13:54:00,518.8,518.8
16020.0,2011-11-23 11:18:00,332.21,851.01
16022.0,2011-03-24 13:16:00,628.28,628.28
16023.0,2011-03-18 13:32:00,177.84,177.84
16023.0,2011-05-31 14:19:00,322.85,500.69
16023.0,2011-10-24 16:34:00,219.12,719.81
16024.0,2011-11-27 13:26:00,251.24,251.24
16025.0,2011-11-10 11:45:00,439.66,439.66
16026.0,2011-10-27 13:53:00,236.09,236.09
16027.0,2011-02-10 12:19:00,320.52,320.52
16027.0,2011-02-28 15:04:00,79.2,399.72
16027.0,2011-05-05 10:51:00,116.95,516.67
16027.0,2011-06-16 15:47:00,108.7,625.37
16027.0,2011-07-25 13:16:00,150.85,776.22
16027.0,2011-09-09 10:47:00,158.4,934.62
16029.0,2010-12-01 09:57:00,508.2,508.2
16029.0,2010-12-01 09:58:00,3193.92,3702.12
16029.0,2010-12-02 17:40:00,569.4,4271.52
16029.0,2010-12-16 10:35:00,6930.0,11201.52
16029.0,2010-12-16 10:37:00,1431.6,12633.12
16029.0,2010-12-21 10:41:00,479.4,13112.52
16029.0,2011-01-04 13:47:00,90.0,13202.52
16029.0,2011-01-13 14:34:00,660.0,13862.52
16029.0,2011-01-20 10:18:00,957.63,14820.15
16029.0,2011-01-25 09:31:00,431.76,15251.91
16029.0,2011-02-04 14:23:00,585.0,15836.91
16029.0,2011-02-04 14:25:00,791.52,16628.43
16029.0,2011-02-11 11:22:00,2256.0,18884.43
16029.0,2011-02-21 10:07:00,567.84,19452.27
16029.0,2011-03-16 11:47:00,705.6,20157.87
16029.0,2011-03-16 11:49:00,705.6,20863.47
16029.0,2011-03-21 10:34:00,585.0,21448.47
16029.0,2011-03-25 10:49:00,465.84,21914.31
16029.0,2011-03-25 10:50:00,878.16,22792.47
16029.0,2011-03-25 10:51:00,146.88,22939.35
16029.0,2011-04-11 10:25:00,470.4,23409.75
16029.0,2011-04-27 10:04:00,870.0,24279.75
16029.0,2011-05-03 13:46:00,8142.75,32422.5
16029.0,2011-05-11 12:14:00,1024.8,33447.3
16029.0,2011-05-11 12:15:00,237.6,33684.9
16029.0,2011-05-17 11:14:00,921.6,34606.5
16029.0,2011-05-17 11:15:00,905.76,35512.26
16029.0,2011-05-24 10:21:00,264.0,35776.26
16029.0,2011-06-06 09:12:00,612.0,36388.26
16029.0,2011-06-10 11:52:00,358.0,36746.26
16029.0,2011-06-27 12:23:00,348.0,37094.26
16029.0,2011-06-27 12:25:00,768.0,37862.26
16029.0,2011-06-28 15:14:00,1353.2,39215.46
16029.0,2011-06-28 15:15:00,530.4,39745.86
16029.0,2011-07-06 11:02:00,605.76,40351.62
16029.0,2011-07-08 11:41:00,438.0,40789.62
16029.0,2011-07-28 15:15:00,648.72,41438.34
16029.0,2011-07-28 15:19:00,477.6,41915.94
16029.0,2011-08-05 11:16:00,480.0,42395.94
16029.0,2011-08-05 11:17:00,757.2,43153.14
16029.0,2011-08-05 11:19:00,260.62,43413.76
16029.0,2011-08-05 11:21:00,520.1,43933.86
16029.0,2011-08-17 14:02:00,697.6,44631.46
16029.0,2011-08-17 14:03:00,6578.08,51209.54
16029.0,2011-08-24 13:33:00,1177.7,52387.24
16029.0,2011-09-05 13:53:00,324.5,52711.74
16029.0,2011-09-05 13:54:00,657.6,53369.34
16029.0,2011-09-07 09:33:00,189.6,53558.94
16029.0,2011-09-07 09:40:00,177.6,53736.54
16029.0,2011-09-07 09:45:00,567.6,54304.14
16029.0,2011-09-20 12:14:00,552.6,54856.74
16029.0,2011-09-20 12:16:00,703.0,55559.74
16029.0,2011-10-05 12:42:00,612.0,56171.74
16029.0,2011-10-07 11:51:00,1728.0,57899.74
16029.0,2011-10-07 11:56:00,4186.08,62085.82
16029.0,2011-10-07 12:05:00,7630.56,69716.38
16029.0,2011-10-10 12:25:00,358.0,70074.38
16029.0,2011-10-11 10:46:00,2076.0,72150.38
16029.0,2011-10-11 11:15:00,7810.56,79960.94
16029.0,2011-10-26 13:34:00,431.6,80392.54
16029.0,2011-11-01 10:27:00,632.3,81024.84
16030.0,2011-02-03 11:28:00,331.24,331.24
16031.0,2011-04-06 14:23:00,305.63,305.63
16031.0,2011-09-08 13:07:00,243.31,548.94
16033.0,2010-12-05 10:36:00,155.64,155.64
16033.0,2010-12-14 13:18:00,154.05,309.69
16033.0,2011-01-05 12:54:00,481.14,790.83
16033.0,2011-01-17 16:23:00,262.96,1053.79
16033.0,2011-02-07 13:50:00,208.76,1262.55
16033.0,2011-03-06 12:42:00,635.17,1897.72
16033.0,2011-04-18 12:36:00,393.33,2291.05
16033.0,2011-04-18 14:12:00,42.4,2333.45
16033.0,2011-04-18 14:37:00,19.8,2353.25
16033.0,2011-05-12 12:01:00,667.44,3020.69
16033.0,2011-05-23 12:32:00,256.98,3277.67
16033.0,2011-06-27 12:38:00,626.41,3904.08
16033.0,2011-07-11 14:43:00,214.25,4118.33
16033.0,2011-07-25 13:45:00,441.14,4559.47
16033.0,2011-08-16 13:50:00,687.08,5246.55
16033.0,2011-08-23 14:19:00,631.75,5878.3
16033.0,2011-09-18 15:41:00,954.51,6832.81
16033.0,2011-10-04 14:41:00,368.38,7201.19
16033.0,2011-11-06 13:53:00,1193.34,8394.53
16033.0,2011-12-04 12:44:00,421.87,8816.4
16034.0,2011-01-11 11:54:00,153.6,153.6
16034.0,2011-05-15 15:14:00,137.7,291.3
16034.0,2011-05-27 16:17:00,146.4,437.7
16036.0,2011-03-21 13:01:00,188.73,188.73
16036.0,2011-09-13 14:53:00,570.19,758.92
16037.0,2010-12-16 10:18:00,300.46,300.46
16037.0,2011-02-08 12:14:00,303.0,603.46
16037.0,2011-03-15 09:13:00,251.56,855.02
16038.0,2011-05-22 11:29:00,316.95,316.95
16038.0,2011-06-15 13:50:00,76.38,393.33
16038.0,2011-12-02 12:40:00,78.45,471.78
16040.0,2011-03-16 09:58:00,422.43,422.43
16040.0,2011-07-14 16:12:00,453.75,876.18
16040.0,2011-10-05 13:47:00,437.37,1313.55
16041.0,2011-07-21 16:27:00,675.0,675.0
16041.0,2011-07-21 16:28:00,2064.8,2739.8
16041.0,2011-11-09 12:25:00,426.6,3166.4
16042.0,2011-01-11 13:25:00,24.95,24.95
16042.0,2011-08-24 12:04:00,435.33,460.28
16042.0,2011-10-13 13:42:00,388.72,849.0
16042.0,2011-10-13 13:43:00,43.8,892.8
16042.0,2011-11-17 17:50:00,304.47,1197.27
16043.0,2011-01-26 11:14:00,307.85,307.85
16043.0,2011-04-07 11:47:00,144.1,451.95
16043.0,2011-05-12 13:43:00,224.54,676.49
16043.0,2011-11-02 12:50:00,97.5,773.99
16045.0,2011-02-22 14:55:00,664.45,664.45
16045.0,2011-04-08 10:32:00,196.8,861.25
16045.0,2011-06-30 16:22:00,269.4,1130.65
16045.0,2011-08-12 12:41:00,210.05,1340.7
16048.0,2010-12-01 15:27:00,251.4,251.4
16048.0,2010-12-01 15:28:00,5.04,256.44
16049.0,2011-09-25 14:33:00,488.26,488.26
16049.0,2011-10-28 16:10:00,508.77,997.03
16049.0,2011-10-30 13:19:00,114.76,1111.79
16050.0,2011-06-19 11:44:00,137.9,137.9
16052.0,2011-10-16 15:13:00,362.06,362.06
16053.0,2011-08-09 14:57:00,1124.19,1124.19
16053.0,2011-11-07 11:21:00,387.76,1511.95
16054.0,2011-07-17 13:08:00,783.9,783.9
16055.0,2011-05-03 09:26:00,134.8,134.8
16056.0,2011-10-25 15:19:00,664.85,664.85
16057.0,2011-02-28 10:35:00,683.98,683.98
16057.0,2011-05-12 13:05:00,305.21,989.19
16057.0,2011-05-12 13:10:00,70.35,1059.54
16057.0,2011-09-04 15:19:00,400.24,1459.78
16057.0,2011-09-04 15:21:00,84.45,1544.23
16057.0,2011-11-23 15:23:00,718.89,2263.12
16059.0,2010-12-07 10:36:00,118.25,118.25
16059.0,2011-01-16 15:44:00,145.0,263.25
16059.0,2011-03-30 12:12:00,384.45,647.7
16059.0,2011-06-29 10:50:00,303.6,951.3
16059.0,2011-09-29 11:35:00,403.26,1354.56
16059.0,2011-10-05 09:56:00,105.3,1459.86
16062.0,2010-12-10 12:00:00,247.56,247.56
16062.0,2011-04-12 15:08:00,330.62,578.18
16062.0,2011-07-29 12:50:00,199.96,778.14
16062.0,2011-11-30 12:15:00,375.48,1153.62
16063.0,2011-03-24 14:55:00,149.2,149.2
16063.0,2011-03-24 14:56:00,186.12,335.32
16065.0,2010-12-09 13:03:00,372.09,372.09
16066.0,2011-08-07 14:33:00,316.38,316.38
16066.0,2011-10-09 11:53:00,364.59,680.97
16066.0,2011-10-23 10:56:00,176.7,857.67
16066.0,2011-11-08 11:51:00,390.85,1248.52
16066.0,2011-11-23 11:54:00,273.35,1521.87
16070.0,2011-11-07 16:36:00,686.85,686.85
16070.0,2011-11-17 15:50:00,165.3,852.15
16071.0,2011-10-26 11:14:00,326.24,326.24
16072.0,2011-02-24 14:32:00,584.32,584.32
16073.0,2011-02-15 15:41:00,122.4,122.4
16076.0,2011-05-15 12:31:00,305.45,305.45
16076.0,2011-07-28 12:28:00,325.47,630.92
16076.0,2011-08-11 14:39:00,256.88,887.8
16076.0,2011-09-08 11:48:00,418.34,1306.14
16076.0,2011-09-08 12:04:00,51.84,1357.98
16076.0,2011-09-21 11:40:00,97.83,1455.81
16076.0,2011-10-11 12:05:00,304.26,1760.07
16076.0,2011-10-17 13:23:00,127.5,1887.57
16076.0,2011-11-17 17:16:00,186.18,2073.75
16076.0,2011-12-06 14:59:00,160.98,2234.73
16078.0,2011-03-01 09:47:00,79.2,79.2
16079.0,2011-10-30 13:06:00,508.22,508.22
16079.0,2011-11-16 09:34:00,313.62,821.84
16079.0,2011-11-23 12:48:00,530.16,1352.0
16080.0,2011-03-10 14:44:00,130.26,130.26
16080.0,2011-09-19 10:42:00,86.9,217.16
16081.0,2010-12-08 11:16:00,157.6,157.6
16081.0,2011-03-25 15:24:00,410.53,568.13
16081.0,2011-06-07 13:31:00,424.24,992.37
16081.0,2011-09-13 13:47:00,1599.55,2591.92
16081.0,2011-10-14 13:06:00,214.98,2806.9
16083.0,2010-12-14 11:51:00,337.98,337.98
16083.0,2011-08-31 10:47:00,979.64,1317.62
16084.0,2011-02-13 16:05:00,436.18,436.18
16085.0,2011-01-23 12:07:00,181.35,181.35
16085.0,2011-04-17 12:25:00,143.69,325.04
16085.0,2011-09-21 15:39:00,294.61,619.65
16085.0,2011-10-12 17:19:00,120.33,739.98
16085.0,2011-11-16 13:24:00,241.53,981.51
16086.0,2010-12-07 13:45:00,177.26,177.26
16086.0,2011-02-24 11:15:00,101.19,278.45
16086.0,2011-05-23 15:29:00,308.61,587.06
16086.0,2011-09-02 13:22:00,312.64,899.7
16086.0,2011-10-11 13:09:00,221.69,1121.39
16091.0,2011-05-25 09:18:00,157.25,157.25
16091.0,2011-07-08 08:45:00,157.81,315.06
16092.0,2011-03-30 15:38:00,310.87,310.87
16092.0,2011-05-26 15:30:00,282.86,593.73
16092.0,2011-08-17 10:46:00,224.13,817.86
16093.0,2011-08-25 11:09:00,17.0,17.0
16094.0,2011-05-04 13:57:00,252.1,252.1
16094.0,2011-11-10 16:51:00,509.2,761.3
16094.0,2011-11-28 12:45:00,316.93,1078.23
16096.0,2011-03-20 13:38:00,320.62,320.62
16097.0,2011-04-13 13:47:00,185.05,185.05
16098.0,2010-12-01 09:45:00,430.6,430.6
16098.0,2011-02-14 09:33:00,421.8,852.4
16098.0,2011-04-19 16:30:00,11.25,863.65
16098.0,2011-04-19 16:31:00,146.65,1010.3
16098.0,2011-06-07 16:21:00,211.92,1222.22
16098.0,2011-07-05 10:39:00,289.95,1512.17
16098.0,2011-08-03 17:05:00,200.32,1712.49
16098.0,2011-09-13 09:59:00,293.14,2005.63
16099.0,2011-04-28 08:34:00,318.3,318.3
16099.0,2011-07-25 10:28:00,273.8,592.1
16099.0,2011-10-20 13:13:00,139.8,731.9
16101.0,2011-09-30 10:18:00,1290.7,1290.7
16102.0,2011-08-03 12:50:00,839.76,839.76
16102.0,2011-09-02 11:54:00,553.08,1392.84
16102.0,2011-10-28 13:19:00,449.3,1842.14
16103.0,2011-04-20 12:28:00,204.46,204.46
16103.0,2011-04-27 09:21:00,330.0,534.46
16103.0,2011-06-06 11:55:00,270.8,805.26
16103.0,2011-07-05 10:54:00,351.14,1156.4
16103.0,2011-09-21 11:55:00,256.74,1413.14
16103.0,2011-12-02 14:16:00,16.5,1429.64
16104.0,2011-10-09 10:23:00,302.36,302.36
16105.0,2011-04-05 10:13:00,336.96,336.96
16106.0,2011-10-05 10:37:00,108.38,108.38
16107.0,2011-06-09 18:42:00,532.9,532.9
16107.0,2011-07-22 12:41:00,318.8,851.7
16107.0,2011-08-28 14:53:00,642.42,1494.12
16107.0,2011-09-11 12:03:00,316.6,1810.72
16107.0,2011-10-28 13:22:00,496.8,2307.52
16107.0,2011-11-11 12:41:00,504.24,2811.76
16107.0,2011-11-22 09:40:00,392.4,3204.16
16108.0,2011-09-16 11:48:00,842.5,842.5
16109.0,2011-02-04 12:37:00,315.0,315.0
16109.0,2011-05-05 09:17:00,296.88,611.88
16110.0,2011-02-01 14:01:00,409.7,409.7
16110.0,2011-03-22 13:54:00,284.23,693.93
16110.0,2011-10-25 14:35:00,643.55,1337.48
16112.0,2011-01-05 11:47:00,72.0,72.0
16112.0,2011-01-10 16:29:00,64.14,136.14
16112.0,2011-07-07 15:47:00,23.04,159.18
16112.0,2011-07-19 14:28:00,36.56,195.74
16113.0,2011-06-09 16:16:00,161.38,161.38
16114.0,2011-06-22 10:13:00,135.75,135.75
16115.0,2011-02-20 12:14:00,138.83,138.83
16115.0,2011-03-20 13:58:00,205.13,343.96
16115.0,2011-05-11 12:23:00,166.94,510.9
16115.0,2011-06-12 13:00:00,147.76,658.66
16115.0,2011-08-14 12:55:00,273.02,931.68
16115.0,2011-09-28 14:26:00,361.34,1293.02
16115.0,2011-10-30 12:39:00,225.94,1518.96
16115.0,2011-11-30 11:32:00,149.01,1667.97
16116.0,2011-05-12 12:01:00,612.78,612.78
16117.0,2011-06-03 11:42:00,232.21,232.21
16119.0,2011-09-28 10:15:00,309.48,309.48
16119.0,2011-12-01 15:11:00,113.88,423.36
16120.0,2011-10-11 14:10:00,996.84,996.84
16120.0,2011-10-11 14:17:00,219.6,1216.44
16120.0,2011-10-11 14:19:00,75.6,1292.04
16120.0,2011-10-11 14:22:00,17.1,1309.14
16121.0,2011-05-08 11:52:00,287.89,287.89
16121.0,2011-10-13 12:59:00,579.22,867.11
16122.0,2010-12-08 11:41:00,105.72,105.72
16122.0,2011-01-11 10:19:00,144.12,249.84
16122.0,2011-08-19 10:18:00,300.42,550.26
16122.0,2011-09-27 15:34:00,134.16,684.42
16123.0,2011-10-19 09:18:00,307.78,307.78
16124.0,2011-01-26 14:45:00,249.0,249.0
16125.0,2010-12-07 15:48:00,289.35,289.35
16126.0,2011-02-16 11:18:00,891.35,891.35
16126.0,2011-06-08 14:57:00,952.65,1844.0
16126.0,2011-08-30 10:07:00,1862.7,3706.7
16126.0,2011-11-10 16:03:00,2581.07,6287.77
16127.0,2011-10-31 13:58:00,656.25,656.25
16128.0,2011-03-02 12:21:00,388.3,388.3
16128.0,2011-07-19 12:19:00,306.4,694.7
16128.0,2011-09-23 14:17:00,717.36,1412.06
16128.0,2011-11-03 10:27:00,278.52,1690.58
16128.0,2011-11-22 11:14:00,189.64,1880.22
16131.0,2011-04-14 08:32:00,1056.36,1056.36
16131.0,2011-05-16 16:44:00,608.16,1664.52
16131.0,2011-08-16 12:29:00,596.98,2261.5
16131.0,2011-08-16 12:32:00,17.0,2278.5
16131.0,2011-10-19 11:53:00,1228.04,3506.54
16133.0,2011-01-25 15:55:00,323.71,323.71
16133.0,2011-02-25 08:14:00,307.2,630.91
16133.0,2011-04-08 08:39:00,301.53,932.44
16133.0,2011-04-11 11:23:00,403.34,1335.78
16133.0,2011-04-21 09:36:00,2210.05,3545.83
16133.0,2011-05-03 10:42:00,612.16,4157.99
16133.0,2011-05-03 10:43:00,820.74,4978.73
16133.0,2011-05-19 09:38:00,310.5,5289.23
16133.0,2011-05-25 12:28:00,792.62,6081.85
16133.0,2011-05-25 12:46:00,79.2,6161.05
16133.0,2011-05-27 12:23:00,325.6,6486.65
16133.0,2011-06-07 12:01:00,304.72,6791.37
16133.0,2011-07-20 10:51:00,421.44,7212.81
16133.0,2011-07-26 15:37:00,375.0,7587.81
16133.0,2011-08-01 13:44:00,306.02,7893.83
16133.0,2011-08-02 12:55:00,457.86,8351.69
16133.0,2011-08-10 10:15:00,304.96,8656.65
16133.0,2011-08-11 10:53:00,424.08,9080.73
16133.0,2011-08-16 08:58:00,303.83,9384.56
16133.0,2011-08-17 10:27:00,308.08,9692.64
16133.0,2011-08-23 10:36:00,309.5,10002.14
16133.0,2011-08-23 14:00:00,308.66,10310.8
16133.0,2011-08-30 13:47:00,308.47,10619.27
16133.0,2011-09-25 12:22:00,1146.8,11766.07
16133.0,2011-09-30 12:30:00,312.2,12078.27
16133.0,2011-10-10 14:57:00,291.4,12369.67
16133.0,2011-10-17 15:19:00,301.08,12670.75
16133.0,2011-10-31 09:58:00,308.77,12979.52
16133.0,2011-11-11 15:13:00,359.9,13339.42
16133.0,2011-11-23 09:02:00,312.5,13651.92
16133.0,2011-12-02 13:15:00,318.06,13969.98
16133.0,2011-12-02 13:20:00,309.84,14279.82
16133.0,2011-12-06 11:24:00,309.22,14589.04
16134.0,2010-12-15 14:00:00,283.53,283.53
16134.0,2011-11-18 10:05:00,334.56,618.09
16135.0,2011-03-22 12:30:00,517.55,517.55
16136.0,2011-03-07 09:52:00,159.3,159.3
16136.0,2011-09-23 09:00:00,143.34,302.64
16136.0,2011-10-11 09:10:00,406.74,709.38
16139.0,2011-05-17 10:23:00,139.8,139.8
16139.0,2011-08-19 14:49:00,166.57,306.37
16139.0,2011-11-21 08:37:00,329.04,635.41
16140.0,2010-12-03 14:40:00,124.14,124.14
16140.0,2011-10-05 12:15:00,601.04,725.18
16141.0,2011-09-12 13:11:00,620.4,620.4
16142.0,2011-04-04 10:16:00,535.34,535.34
16143.0,2010-12-05 15:18:00,355.75,355.75
16143.0,2010-12-20 12:51:00,455.6,811.35
16143.0,2011-02-09 13:57:00,401.5,1212.85
16143.0,2011-05-11 08:32:00,361.32,1574.17
16143.0,2011-08-23 16:01:00,375.19,1949.36
16143.0,2011-12-06 14:13:00,475.58,2424.94
16144.0,2011-04-07 10:09:00,175.2,175.2
16145.0,2010-12-15 09:09:00,302.78,302.78
16145.0,2011-01-05 10:35:00,366.06,668.84
16145.0,2011-02-23 13:48:00,310.08,978.92
16145.0,2011-04-27 14:58:00,337.36,1316.28
16145.0,2011-06-16 09:46:00,331.44,1647.72
16145.0,2011-07-12 10:54:00,309.07,1956.79
16145.0,2011-08-08 09:22:00,325.51,2282.3
16145.0,2011-09-01 10:11:00,318.01,2600.31
16145.0,2011-09-27 10:26:00,341.62,2941.93
16145.0,2011-10-30 13:17:00,490.17,3432.1
16145.0,2011-12-01 10:33:00,367.39,3799.49
16146.0,2011-04-21 15:25:00,385.69,385.69
16146.0,2011-05-20 08:39:00,273.44,659.13
16146.0,2011-07-05 14:20:00,75.0,734.13
16147.0,2011-07-29 09:57:00,375.0,375.0
16148.0,2011-02-16 14:01:00,76.32,76.32
16149.0,2011-07-20 14:54:00,163.68,163.68
16149.0,2011-12-05 11:29:00,116.84,280.52
16150.0,2010-12-02 18:27:00,393.42,393.42
16150.0,2011-03-14 13:56:00,571.06,964.48
16150.0,2011-08-03 09:06:00,34.8,999.28
16150.0,2011-08-03 09:07:00,409.42,1408.7
16150.0,2011-09-12 09:43:00,339.83,1748.53
16150.0,2011-10-28 12:39:00,304.49,2053.02
16152.0,2011-03-16 09:47:00,1829.04,1829.04
16153.0,2010-12-20 09:22:00,215.01,215.01
16153.0,2011-05-06 10:16:00,186.9,401.91
16153.0,2011-06-07 09:19:00,298.19,700.1
16153.0,2011-08-16 09:34:00,323.44,1023.54
16153.0,2011-10-21 10:50:00,800.69,1824.23
16156.0,2011-02-02 12:02:00,303.84,303.84
16156.0,2011-03-15 09:32:00,309.02,612.86
16156.0,2011-05-17 16:32:00,447.71,1060.57
16156.0,2011-07-07 15:45:00,349.92,1410.49
16156.0,2011-07-11 10:24:00,34.68,1445.17
16156.0,2011-09-15 14:58:00,680.28,2125.45
16156.0,2011-10-21 08:57:00,284.98,2410.43
16156.0,2011-11-15 17:14:00,396.0,2806.43
16156.0,2011-12-01 12:42:00,315.61,3122.04
16157.0,2011-09-28 11:48:00,168.32,168.32
16157.0,2011-11-16 11:31:00,247.98,416.3
16157.0,2011-11-24 11:41:00,240.39,656.69
16159.0,2011-03-03 12:27:00,348.2,348.2
16160.0,2011-09-15 10:53:00,801.94,801.94
16160.0,2011-10-05 14:19:00,223.5,1025.44
16161.0,2010-12-06 10:03:00,164.2,164.2
16161.0,2010-12-14 17:22:00,202.45,366.65
16161.0,2010-12-15 14:29:00,209.65,576.3
16161.0,2011-01-13 10:39:00,200.25,776.55
16161.0,2011-02-01 16:03:00,272.4,1048.95
16161.0,2011-02-10 17:40:00,85.86,1134.81
16161.0,2011-02-22 15:22:00,181.13,1315.94
16161.0,2011-04-06 09:11:00,345.35,1661.29
16161.0,2011-05-13 10:41:00,407.35,2068.64
16161.0,2011-05-25 17:12:00,219.46,2288.1
16161.0,2011-06-23 19:27:00,305.7,2593.8
16161.0,2011-07-22 15:02:00,469.9,3063.7
16161.0,2011-09-13 12:37:00,303.65,3367.35
16161.0,2011-09-22 14:53:00,534.28,3901.63
16161.0,2011-10-11 16:50:00,399.25,4300.88
16161.0,2011-11-14 15:10:00,271.95,4572.83
16161.0,2011-11-17 12:54:00,363.62,4936.45
16161.0,2011-11-25 12:17:00,320.6,5257.05
16161.0,2011-12-08 12:10:00,318.51,5575.56
16162.0,2011-04-01 15:03:00,37.4,37.4
16163.0,2010-12-09 16:28:00,441.6,441.6
16163.0,2011-04-21 15:15:00,415.0,856.6
16164.0,2011-10-28 09:12:00,245.36,245.36
16164.0,2011-11-15 10:41:00,242.22,487.58
16164.0,2011-11-22 15:04:00,334.9,822.48
16168.0,2010-12-05 11:38:00,275.8,275.8
16168.0,2011-01-24 14:39:00,127.7,403.5
16168.0,2011-03-15 12:06:00,163.2,566.7
16168.0,2011-04-11 12:45:00,141.2,707.9
16168.0,2011-04-12 14:58:00,44.55,752.45
16168.0,2011-04-26 13:37:00,107.1,859.55
16168.0,2011-05-08 10:21:00,158.26,1017.81
16168.0,2011-05-15 11:43:00,159.0,1176.81
16168.0,2011-05-31 10:43:00,75.0,1251.81
16168.0,2011-06-06 14:32:00,143.5,1395.31
16168.0,2011-07-12 15:15:00,243.65,1638.96
16168.0,2011-07-17 14:32:00,148.16,1787.12
16168.0,2011-08-03 10:56:00,205.1,1992.22
16168.0,2011-08-16 14:55:00,199.6,2191.82
16168.0,2011-08-28 12:11:00,169.38,2361.2
16168.0,2011-09-01 15:08:00,85.92,2447.12
16168.0,2011-09-06 11:53:00,185.0,2632.12
16168.0,2011-09-26 09:28:00,163.02,2795.14
16168.0,2011-10-14 10:28:00,119.9,2915.04
16168.0,2011-11-06 12:09:00,156.54,3071.58
16168.0,2011-11-06 12:10:00,257.76,3329.34
16168.0,2011-11-09 15:51:00,207.5,3536.84
16168.0,2011-11-15 10:38:00,61.2,3598.04
16168.0,2011-11-21 15:42:00,41.6,3639.64
16168.0,2011-11-23 11:43:00,83.4,3723.04
16168.0,2011-11-29 12:45:00,64.56,3787.6
16169.0,2011-09-25 11:33:00,587.46,587.46
16169.0,2011-10-31 12:21:00,317.34,904.8
16169.0,2011-11-10 15:23:00,579.15,1483.95
16169.0,2011-12-01 15:28:00,339.02,1822.97
16170.0,2011-04-05 13:42:00,316.02,316.02
16170.0,2011-04-19 09:43:00,309.56,625.58
16170.0,2011-06-09 12:40:00,319.29,944.87
16170.0,2011-07-28 10:14:00,305.0,1249.87
16170.0,2011-08-19 10:06:00,310.79,1560.66
16170.0,2011-10-20 08:21:00,324.39,1885.05
16171.0,2011-10-11 14:51:00,73.2,73.2
16172.0,2011-04-12 12:02:00,199.38,199.38
16172.0,2011-06-17 11:38:00,351.97,551.35
16172.0,2011-08-01 15:37:00,249.0,800.35
16172.0,2011-09-05 13:22:00,339.86,1140.21
16173.0,2011-09-02 15:23:00,429.38,429.38
16173.0,2011-09-09 09:03:00,205.67,635.05
16173.0,2011-09-22 17:56:00,109.2,744.25
16173.0,2011-10-26 10:24:00,262.57,1006.82
16173.0,2011-11-01 13:39:00,112.65,1119.47
16173.0,2011-11-24 10:53:00,298.85,1418.32
16174.0,2011-07-11 09:23:00,322.15,322.15
16174.0,2011-07-28 09:21:00,383.2,705.35
16174.0,2011-08-05 13:26:00,304.2,1009.55
16175.0,2011-04-13 14:38:00,272.86,272.86
16175.0,2011-05-19 10:25:00,194.12,466.98
16175.0,2011-06-23 18:59:00,269.91,736.89
16175.0,2011-09-06 14:32:00,300.7,1037.59
16177.0,2011-10-20 12:57:00,331.95,331.95
16178.0,2011-07-24 16:05:00,197.9,197.9
16179.0,2011-10-10 09:41:00,215.83,215.83
16180.0,2011-04-01 10:23:00,413.88,413.88
16180.0,2011-04-19 12:26:00,767.0,1180.88
16180.0,2011-05-13 11:53:00,1147.15,2328.03
16180.0,2011-05-13 11:54:00,417.4,2745.43
16180.0,2011-06-22 10:15:00,1581.85,4327.28
16180.0,2011-07-17 11:21:00,1885.1,6212.38
16180.0,2011-08-04 13:15:00,2317.0,8529.38
16180.0,2011-08-31 16:28:00,1724.8,10254.18
16181.0,2011-09-27 13:38:00,305.54,305.54
16182.0,2011-02-18 10:11:00,825.0,825.0
16182.0,2011-05-20 11:03:00,1692.0,2517.0
16182.0,2011-08-01 16:41:00,2327.0,4844.0
16182.0,2011-09-28 13:23:00,1773.65,6617.65
16183.0,2011-10-03 14:59:00,338.71,338.71
16184.0,2011-05-12 13:33:00,148.22,148.22
16184.0,2011-06-10 13:59:00,299.67,447.89
16184.0,2011-07-29 15:46:00,116.93,564.82
16184.0,2011-08-19 12:13:00,315.98,880.8
16184.0,2011-08-26 09:55:00,105.0,985.8
16184.0,2011-10-06 17:43:00,172.99,1158.79
16185.0,2011-04-21 11:59:00,335.0,335.0
16185.0,2011-11-23 09:41:00,194.41,529.41
16186.0,2010-12-02 14:40:00,307.68,307.68
16186.0,2011-04-12 10:05:00,392.41,700.09
16186.0,2011-05-12 13:53:00,269.88,969.97
16186.0,2011-05-12 13:54:00,77.24,1047.21
16186.0,2011-06-03 16:39:00,300.14,1347.35
16186.0,2011-07-20 13:55:00,534.34,1881.69
16186.0,2011-07-20 13:56:00,59.7,1941.39
16186.0,2011-08-11 17:00:00,389.36,2330.75
16186.0,2011-08-28 12:57:00,365.78,2696.53
16186.0,2011-10-04 11:56:00,666.21,3362.74
16186.0,2011-10-25 11:14:00,231.4,3594.14
16186.0,2011-11-17 12:43:00,412.8,4006.94
16187.0,2011-02-28 13:34:00,195.0,195.0
16187.0,2011-02-28 13:35:00,480.9,675.9
16187.0,2011-04-14 11:48:00,713.08,1388.98
16187.0,2011-04-28 08:57:00,200.2,1589.18
16187.0,2011-04-28 09:02:00,433.7,2022.88
16187.0,2011-05-20 14:06:00,477.86,2500.74
16187.0,2011-05-20 14:07:00,63.9,2564.64
16187.0,2011-06-23 09:38:00,910.98,3475.62
16187.0,2011-08-04 12:14:00,422.82,3898.44
16187.0,2011-08-18 10:31:00,702.88,4601.32
16187.0,2011-09-01 09:19:00,334.46,4935.78
16187.0,2011-09-01 13:53:00,459.92,5395.7
16187.0,2011-09-25 13:16:00,886.49,6282.19
16187.0,2011-10-19 09:59:00,312.89,6595.08
16187.0,2011-11-08 09:50:00,316.36,6911.44
16188.0,2011-04-11 09:44:00,151.65,151.65
16188.0,2011-04-27 10:54:00,414.12,565.77
16188.0,2011-07-21 16:20:00,189.26,755.03
16188.0,2011-10-26 12:19:00,226.83,981.86
16189.0,2011-09-15 15:21:00,144.48,144.48
16189.0,2011-11-24 11:47:00,71.0,215.48
16190.0,2011-10-30 15:59:00,215.08,215.08
16191.0,2010-12-14 12:38:00,301.2,301.2
16191.0,2010-12-14 13:00:00,326.4,627.6
16191.0,2011-01-07 11:57:00,368.52,996.12
16191.0,2011-01-07 12:35:00,479.1,1475.22
16191.0,2011-01-31 15:05:00,14.75,1489.97
16191.0,2011-01-31 16:26:00,14.75,1504.72
16191.0,2011-02-11 12:32:00,514.56,2019.28
16191.0,2011-03-22 08:54:00,596.4,2615.68
16191.0,2011-10-18 12:49:00,539.18,3154.86
16191.0,2011-10-19 09:00:00,927.4,4082.26
16191.0,2011-11-16 15:14:00,462.28,4544.54
16191.0,2011-11-28 09:08:00,391.32,4935.86
16191.0,2011-12-07 11:26:00,244.66,5180.52
16193.0,2011-04-17 11:45:00,314.45,314.45
16198.0,2011-09-25 14:58:00,400.68,400.68
16200.0,2011-06-28 15:47:00,550.57,550.57
16200.0,2011-12-05 14:40:00,530.05,1080.62
16201.0,2011-08-22 10:47:00,303.8,303.8
16201.0,2011-10-25 15:07:00,479.03,782.83
16201.0,2011-11-18 17:20:00,571.24,1354.07
16201.0,2011-12-06 16:02:00,509.4,1863.47
16202.0,2010-12-14 10:43:00,365.27,365.27
16203.0,2010-12-02 15:39:00,170.7,170.7
16203.0,2011-04-26 15:02:00,147.6,318.3
16203.0,2011-07-15 12:45:00,60.0,378.3
16203.0,2011-10-12 12:31:00,214.6,592.9
16204.0,2011-11-16 13:40:00,405.71,405.71
16205.0,2011-06-13 11:33:00,112.35,112.35
16205.0,2011-10-03 12:04:00,323.15,435.5
16205.0,2011-11-02 16:37:00,111.08,546.58
16205.0,2011-11-09 09:32:00,214.8,761.38
16206.0,2011-01-16 11:07:00,161.3,161.3
16206.0,2011-05-15 11:04:00,127.45,288.75
16206.0,2011-08-07 10:45:00,121.11,409.86
16206.0,2011-10-16 10:41:00,127.2,537.06
16207.0,2011-11-14 13:51:00,394.38,394.38
16208.0,2011-02-23 13:37:00,497.59,497.59
16208.0,2011-10-26 11:36:00,166.67,664.26
16209.0,2011-04-07 12:23:00,305.95,305.95
16209.0,2011-06-06 11:36:00,262.11,568.06
16209.0,2011-06-13 13:41:00,1336.2,1904.26
16209.0,2011-08-12 14:25:00,212.64,2116.9
16209.0,2011-09-12 11:58:00,145.72,2262.62
16210.0,2010-12-01 12:27:00,2474.74,2474.74
16210.0,2010-12-06 11:06:00,2263.8,4738.54
16210.0,2010-12-13 09:09:00,539.2,5277.74
16210.0,2010-12-16 14:29:00,1722.9,7000.64
16210.0,2011-01-21 14:51:00,10.0,7010.64
16210.0,2011-02-03 09:42:00,1866.3,8876.94
16210.0,2011-05-03 10:55:00,1102.86,9979.8
16210.0,2011-05-03 12:24:00,311.13,10290.93
16210.0,2011-05-10 15:52:00,302.28,10593.21
16210.0,2011-08-15 14:44:00,310.87,10904.08
16210.0,2011-09-02 12:33:00,344.88,11248.96
16210.0,2011-09-14 16:29:00,358.06,11607.02
16210.0,2011-10-07 10:42:00,528.6,12135.62
16210.0,2011-11-02 13:14:00,843.6,12979.22
16210.0,2011-11-09 10:47:00,1809.6,14788.82
16210.0,2011-11-25 12:21:00,1909.62,16698.44
16210.0,2011-11-30 10:54:00,788.46,17486.9
16210.0,2011-12-08 12:36:00,3599.4,21086.3
16211.0,2011-09-12 12:11:00,547.02,547.02
16212.0,2011-03-01 12:51:00,498.15,498.15
16212.0,2011-11-20 13:00:00,192.19,690.34
16213.0,2011-09-22 10:03:00,159.0,159.0
16214.0,2011-03-15 13:23:00,542.97,542.97
16214.0,2011-04-01 10:08:00,206.7,749.67
16214.0,2011-06-22 11:30:00,313.08,1062.75
16215.0,2011-09-20 10:18:00,242.35,242.35
16216.0,2011-03-17 15:34:00,914.93,914.93
16217.0,2011-03-02 15:28:00,183.0,183.0
16217.0,2011-04-18 13:31:00,121.25,304.25
16218.0,2010-12-01 11:29:00,471.3,471.3
16218.0,2011-03-30 10:34:00,216.3,687.6
16218.0,2011-05-17 11:07:00,925.16,1612.76
16218.0,2011-05-17 11:09:00,116.0,1728.76
16218.0,2011-07-24 12:33:00,452.0,2180.76
16218.0,2011-08-17 09:16:00,454.72,2635.48
16218.0,2011-11-10 09:59:00,449.2,3084.68
16221.0,2010-12-07 13:13:00,166.74,166.74
16221.0,2011-03-09 10:51:00,148.63,315.37
16221.0,2011-11-03 11:43:00,549.49,864.86
16222.0,2011-01-25 13:38:00,846.72,846.72
16224.0,2011-04-04 12:00:00,167.47,167.47
16224.0,2011-04-13 14:17:00,375.74,543.21
16224.0,2011-07-21 19:17:00,322.67,865.88
16224.0,2011-10-13 17:51:00,429.42,1295.3
16225.0,2011-03-07 12:17:00,326.91,326.91
16225.0,2011-03-07 13:54:00,89.7,416.61
16225.0,2011-06-16 13:04:00,183.95,600.56
16225.0,2011-07-13 12:18:00,353.08,953.64
16225.0,2011-10-26 08:30:00,142.68,1096.32
16226.0,2011-04-18 12:58:00,130.8,130.8
16226.0,2011-05-16 11:31:00,109.32,240.12
16226.0,2011-05-20 14:41:00,15.0,255.12
16227.0,2011-04-28 13:33:00,314.22,314.22
16229.0,2011-05-11 10:18:00,358.2,358.2
16229.0,2011-09-13 17:16:00,652.4,1010.6
16230.0,2011-05-03 15:12:00,275.93,275.93
16230.0,2011-06-03 10:06:00,266.1,542.03
16232.0,2011-05-08 14:05:00,173.12,173.12
16232.0,2011-05-08 14:06:00,193.35,366.47
16232.0,2011-07-19 13:01:00,358.57,725.04
16232.0,2011-10-27 12:16:00,265.84,990.88
16233.0,2010-12-08 12:51:00,147.4,147.4
16233.0,2011-01-14 10:31:00,179.1,326.5
16233.0,2011-09-29 17:27:00,210.18,536.68
16235.0,2011-01-11 15:42:00,108.67,108.67
16235.0,2011-02-17 10:51:00,235.79,344.46
16235.0,2011-06-06 11:26:00,320.83,665.29
16235.0,2011-09-19 15:04:00,10.0,675.29
16235.0,2011-10-30 10:56:00,192.02,867.31
16236.0,2011-09-22 14:10:00,432.2,432.2
16239.0,2011-06-03 09:30:00,347.9,347.9
16239.0,2011-10-14 08:29:00,66.3,414.2
16240.0,2011-09-23 13:44:00,1824.79,1824.79
16240.0,2011-11-15 14:30:00,1894.01,3718.8
16241.0,2010-12-05 11:04:00,277.65,277.65
16241.0,2011-01-04 15:50:00,160.38,438.03
16241.0,2011-04-06 11:07:00,229.27,667.3
16241.0,2011-05-11 11:47:00,166.66,833.96
16241.0,2011-06-15 11:56:00,173.82,1007.78
16241.0,2011-07-24 10:37:00,196.28,1204.06
16241.0,2011-08-10 10:45:00,120.84,1324.9
16241.0,2011-08-17 11:14:00,182.97,1507.87
16241.0,2011-09-04 13:16:00,244.27,1752.14
16241.0,2011-09-04 13:38:00,34.0,1786.14
16241.0,2011-10-12 12:19:00,110.03,1896.17
16241.0,2011-11-07 16:33:00,102.3,1998.47
16241.0,2011-11-30 11:08:00,609.4,2607.87
16242.0,2011-03-07 17:04:00,211.36,211.36
16242.0,2011-05-09 15:17:00,181.54,392.9
16242.0,2011-06-27 14:41:00,453.69,846.59
16242.0,2011-10-04 14:53:00,825.29,1671.88
16242.0,2011-11-07 15:07:00,848.22,2520.1
16242.0,2011-11-21 14:26:00,534.2,3054.3
16242.0,2011-12-01 15:12:00,548.91,3603.21
16243.0,2011-10-16 12:09:00,214.95,214.95
16243.0,2011-11-06 12:32:00,194.15,409.1
16244.0,2010-12-02 11:41:00,1056.63,1056.63
16244.0,2011-05-12 10:18:00,466.12,1522.75
16245.0,2011-03-28 09:30:00,453.98,453.98
16245.0,2011-08-10 09:34:00,315.72,769.7
16245.0,2011-11-16 10:14:00,643.96,1413.66
16247.0,2011-06-22 14:23:00,114.56,114.56
16248.0,2011-10-09 11:32:00,152.94,152.94
16249.0,2011-04-14 13:50:00,814.83,814.83
16249.0,2011-05-22 14:09:00,205.7,1020.53
16249.0,2011-07-25 12:59:00,331.74,1352.27
16249.0,2011-08-19 11:47:00,88.5,1440.77
16249.0,2011-10-18 10:07:00,359.3,1800.07
16250.0,2010-12-01 09:59:00,226.14,226.14
16250.0,2011-03-23 15:07:00,163.3,389.44
16253.0,2011-03-29 13:33:00,1700.4,1700.4
16253.0,2011-10-04 09:09:00,1983.46,3683.86
16255.0,2010-12-09 14:25:00,374.25,374.25
16255.0,2011-01-04 11:30:00,299.6,673.85
16255.0,2011-02-07 14:49:00,219.36,893.21
16255.0,2011-04-07 13:16:00,168.46,1061.67
16255.0,2011-07-17 12:24:00,438.76,1500.43
16255.0,2011-07-31 12:02:00,297.32,1797.75
16255.0,2011-09-05 10:15:00,385.04,2182.79
16255.0,2011-11-23 12:40:00,437.12,2619.91
16256.0,2011-03-18 12:18:00,752.43,752.43
16257.0,2011-06-16 10:11:00,46.95,46.95
16258.0,2011-05-04 14:33:00,1032.46,1032.46
16258.0,2011-06-23 11:01:00,801.0,1833.46
16258.0,2011-07-26 11:05:00,1152.8,2986.26
16258.0,2011-08-04 14:33:00,754.8,3741.06
16258.0,2011-10-25 13:30:00,1462.45,5203.51
16260.0,2011-10-20 09:40:00,1035.45,1035.45
16261.0,2011-04-07 19:05:00,254.96,254.96
16261.0,2011-08-18 18:51:00,163.42,418.38
16261.0,2011-09-25 13:23:00,144.05,562.43
16261.0,2011-11-22 17:23:00,184.4,746.83
16265.0,2010-12-10 10:21:00,651.83,651.83
16265.0,2010-12-10 10:22:00,188.98,840.81
16265.0,2011-02-08 12:01:00,802.65,1643.46
16265.0,2011-02-18 13:32:00,799.38,2442.84
16265.0,2011-03-24 09:52:00,432.3,2875.14
16265.0,2011-07-04 11:35:00,750.9,3626.04
16265.0,2011-08-21 12:39:00,435.98,4062.02
16265.0,2011-10-27 14:03:00,595.08,4657.1
16265.0,2011-11-30 16:41:00,789.9,5447.0
16266.0,2011-05-17 14:50:00,127.29,127.29
16266.0,2011-05-17 14:54:00,131.0,258.29
16266.0,2011-05-23 13:12:00,113.55,371.84
16266.0,2011-06-16 16:39:00,117.0,488.84
16266.0,2011-07-26 12:36:00,161.9,650.74
16266.0,2011-08-16 12:00:00,110.38,761.12
16266.0,2011-09-27 12:08:00,100.77,861.89
16268.0,2011-09-29 18:30:00,667.65,667.65
16270.0,2010-12-21 14:26:00,1141.24,1141.24
16271.0,2010-12-16 16:36:00,133.22,133.22
16271.0,2011-07-20 11:22:00,460.39,593.61
16271.0,2011-08-05 17:43:00,299.42,893.03
16271.0,2011-11-24 12:12:00,521.21,1414.24
16271.0,2011-12-07 12:45:00,15.0,1429.24
16272.0,2011-08-15 10:53:00,409.9,409.9
16272.0,2011-08-15 10:54:00,1.8,411.7
16274.0,2010-12-01 15:35:00,357.95,357.95
16275.0,2011-05-27 12:41:00,559.87,559.87
16276.0,2011-06-16 09:34:00,810.6,810.6
16278.0,2011-08-31 17:12:00,566.38,566.38
16279.0,2011-06-16 11:50:00,359.08,359.08
16279.0,2011-09-13 16:26:00,371.9,730.98
16279.0,2011-11-18 15:00:00,778.6,1509.58
16281.0,2011-09-28 14:57:00,2062.06,2062.06
16282.0,2011-01-04 11:42:00,168.3,168.3
16283.0,2011-05-15 13:37:00,277.81,277.81
16283.0,2011-07-10 12:17:00,198.56,476.37
16283.0,2011-08-11 12:00:00,109.98,586.35
16283.0,2011-10-02 13:49:00,743.79,1330.14
16283.0,2011-12-04 12:08:00,240.67,1570.81
16284.0,2011-10-20 13:54:00,399.4,399.4
16284.0,2011-11-08 16:12:00,424.57,823.97
16287.0,2011-06-23 09:08:00,142.5,142.5
16292.0,2011-08-10 12:24:00,302.25,302.25
16293.0,2010-12-07 15:02:00,378.75,378.75
16293.0,2011-03-15 10:45:00,317.56,696.31
16293.0,2011-05-16 12:25:00,307.88,1004.19
16293.0,2011-05-16 12:26:00,125.55,1129.74
16293.0,2011-09-09 10:09:00,324.59,1454.33
16293.0,2011-10-21 14:41:00,369.33,1823.66
16293.0,2011-10-21 14:42:00,82.5,1906.16
16293.0,2011-11-18 09:58:00,342.83,2248.99
16295.0,2011-10-06 10:45:00,355.9,355.9
16295.0,2011-10-12 13:17:00,336.4,692.3
16295.0,2011-11-15 13:55:00,333.69,1025.99
16295.0,2011-11-30 08:17:00,302.56,1328.55
16297.0,2011-03-16 08:29:00,301.9,301.9
16298.0,2011-06-06 10:06:00,114.3,114.3
16298.0,2011-10-19 09:58:00,239.24,353.54
16298.0,2011-11-17 11:59:00,244.66,598.2
16302.0,2011-08-05 09:44:00,233.22,233.22
16303.0,2011-01-10 14:16:00,827.18,827.18
16303.0,2011-08-16 11:04:00,3209.15,4036.33
16303.0,2011-11-14 10:49:00,1324.3,5360.63
16305.0,2011-07-24 12:18:00,361.22,361.22
16306.0,2010-12-07 15:18:00,68.1,68.1
16306.0,2011-01-06 17:58:00,175.15,243.25
16306.0,2011-02-11 10:06:00,335.3,578.55
16306.0,2011-02-16 11:59:00,10.82,589.37
16306.0,2011-02-18 15:45:00,5.1,594.47
16306.0,2011-05-10 12:12:00,37.8,632.27
16308.0,2011-03-23 14:46:00,320.0,320.0
16308.0,2011-05-06 13:03:00,640.0,960.0
16308.0,2011-08-24 10:52:00,640.0,1600.0
16308.0,2011-11-02 11:24:00,960.0,2560.0
16309.0,2011-04-13 11:46:00,334.2,334.2
16309.0,2011-08-25 15:35:00,372.37,706.57
16311.0,2011-10-21 13:13:00,401.55,401.55
16311.0,2011-11-22 08:54:00,214.71,616.26
16313.0,2011-10-21 09:04:00,167.62,167.62
16313.0,2011-12-06 13:02:00,106.53,274.15
16315.0,2011-01-13 11:57:00,226.37,226.37
16316.0,2010-12-16 14:26:00,308.22,308.22
16316.0,2011-03-07 11:56:00,806.05,1114.27
16316.0,2011-03-07 12:12:00,17.0,1131.27
16316.0,2011-03-09 12:12:00,17.7,1148.97
16316.0,2011-05-17 10:57:00,680.14,1829.11
16316.0,2011-06-30 14:37:00,363.78,2192.89
16316.0,2011-07-05 14:42:00,19.92,2212.81
16316.0,2011-10-06 13:48:00,726.1,2938.91
16317.0,2011-02-15 14:30:00,570.76,570.76
16317.0,2011-07-01 08:16:00,462.58,1033.34
16317.0,2011-08-12 12:46:00,308.31,1341.65
16318.0,2011-11-04 13:05:00,328.15,328.15
16319.0,2011-05-06 11:27:00,404.4,404.4
16320.0,2011-05-10 15:31:00,852.68,852.68
16320.0,2011-06-20 15:25:00,185.78,1038.46
16321.0,2011-01-20 12:11:00,87.75,87.75
16321.0,2011-02-07 15:01:00,67.95,155.7
16321.0,2011-02-07 15:10:00,67.95,223.65
16321.0,2011-09-28 14:26:00,75.0,298.65
16321.0,2011-09-28 14:55:00,75.0,373.65
16322.0,2011-11-03 14:33:00,213.08,213.08
16322.0,2011-12-08 15:41:00,113.67,326.75
16323.0,2011-05-27 14:48:00,207.5,207.5
16324.0,2011-06-15 14:26:00,166.56,166.56
16324.0,2011-08-03 12:54:00,258.17,424.73
16324.0,2011-08-03 12:58:00,3.95,428.68
16325.0,2011-04-08 09:20:00,190.82,190.82
16325.0,2011-07-07 13:44:00,225.2,416.02
16325.0,2011-10-24 08:48:00,178.22,594.24
16326.0,2011-01-09 12:01:00,267.2,267.2
16326.0,2011-01-30 10:33:00,159.43,426.63
16326.0,2011-05-09 12:30:00,109.05,535.68
16326.0,2011-06-19 13:26:00,249.95,785.63
16326.0,2011-06-19 14:40:00,132.95,918.58
16326.0,2011-07-03 10:28:00,155.34,1073.92
16326.0,2011-08-14 10:38:00,151.0,1224.92
16326.0,2011-09-04 12:09:00,313.05,1537.97
16326.0,2011-09-25 11:21:00,200.99,1738.96
16326.0,2011-10-09 10:29:00,380.53,2119.49
16326.0,2011-10-23 10:46:00,211.1,2330.59
16326.0,2011-11-06 11:21:00,218.98,2549.57
16326.0,2011-11-24 11:57:00,277.85,2827.42
16326.0,2011-12-04 10:11:00,283.54,3110.96
16327.0,2010-12-05 12:43:00,535.6,535.6
16327.0,2011-01-28 11:58:00,622.62,1158.22
16327.0,2011-03-14 14:51:00,582.35,1740.57
16327.0,2011-05-24 14:00:00,729.07,2469.64
16327.0,2011-09-20 13:20:00,702.75,3172.39
16327.0,2011-11-25 13:23:00,671.83,3844.22
16330.0,2011-08-19 17:08:00,21.6,21.6
16330.0,2011-08-19 17:10:00,27.36,48.96
16330.0,2011-11-22 12:24:00,202.95,251.91
16332.0,2011-02-07 14:16:00,122.3,122.3
16332.0,2011-07-11 13:47:00,307.97,430.27
16332.0,2011-08-01 13:29:00,229.0,659.27
16332.0,2011-09-28 14:43:00,469.02,1128.29
16332.0,2011-10-09 15:01:00,129.93,1258.22
16332.0,2011-10-26 14:54:00,132.67,1390.89
16332.0,2011-11-11 14:22:00,202.31,1593.2
16333.0,2011-02-03 10:50:00,989.52,989.52
16333.0,2011-02-14 11:22:00,1119.36,2108.88
16333.0,2011-02-21 10:11:00,399.6,2508.48
16333.0,2011-03-04 12:37:00,1920.48,4428.96
16333.0,2011-04-01 12:19:00,1445.6,5874.56
16333.0,2011-04-01 12:21:00,355.2,6229.76
16333.0,2011-04-01 12:22:00,355.2,6584.96
16333.0,2011-04-01 12:25:00,915.84,7500.8
16333.0,2011-04-01 12:27:00,538.72,8039.52
16333.0,2011-04-01 12:56:00,577.2,8616.72
16333.0,2011-04-13 10:12:00,1119.36,9736.08
16333.0,2011-04-13 10:14:00,725.76,10461.84
16333.0,2011-04-27 15:07:00,1292.96,11754.8
16333.0,2011-05-31 13:38:00,177.6,11932.4
16333.0,2011-05-31 13:39:00,1154.8,13087.2
16333.0,2011-08-08 11:56:00,1282.0,14369.2
16333.0,2011-09-02 09:09:00,1250.4,15619.6
16333.0,2011-10-04 13:30:00,3733.0,19352.6
16333.0,2011-11-03 15:47:00,5727.0,25079.6
16333.0,2011-12-02 12:17:00,360.0,25439.6
16333.0,2011-12-02 12:19:00,1187.2,26626.8
16337.0,2011-11-03 10:03:00,151.05,151.05
16338.0,2011-07-05 13:56:00,214.8,214.8
16339.0,2011-02-28 13:41:00,109.95,109.95
16340.0,2011-08-24 14:53:00,549.07,549.07
16341.0,2011-05-22 13:20:00,797.65,797.65
16341.0,2011-09-15 12:03:00,734.24,1531.89
16341.0,2011-11-15 09:11:00,383.48,1915.37
16341.0,2011-11-15 09:12:00,56.5,1971.87
16342.0,2011-06-13 10:10:00,136.95,136.95
16342.0,2011-07-17 13:41:00,89.26,226.21
16342.0,2011-08-24 08:27:00,57.5,283.71
16342.0,2011-09-25 14:36:00,38.7,322.41
16343.0,2011-11-23 17:43:00,178.47,178.47
16343.0,2011-11-23 17:45:00,192.01,370.48
16344.0,2011-07-04 15:50:00,101.1,101.1
16345.0,2011-10-26 16:03:00,575.41,575.41
16347.0,2011-11-03 13:01:00,444.29,444.29
16347.0,2011-11-28 13:14:00,443.36,887.65
16348.0,2011-04-13 15:49:00,298.41,298.41
16348.0,2011-04-13 15:55:00,157.29,455.7
16348.0,2011-06-01 17:42:00,127.62,583.32
16348.0,2011-08-03 15:28:00,191.82,775.14
16348.0,2011-09-22 14:29:00,275.4,1050.54
16348.0,2011-11-02 16:29:00,212.19,1262.73
16348.0,2011-11-07 15:44:00,206.72,1469.45
16349.0,2011-02-22 12:40:00,53.5,53.5
16350.0,2011-01-10 09:44:00,376.7,376.7
16350.0,2011-09-15 18:49:00,189.7,566.4
16350.0,2011-10-06 09:43:00,435.47,1001.87
16350.0,2011-11-18 15:53:00,114.6,1116.47
16351.0,2011-01-11 10:26:00,153.9,153.9
16352.0,2011-11-02 08:44:00,204.92,204.92
16352.0,2011-11-22 10:32:00,289.52,494.44
16353.0,2010-12-05 12:09:00,204.0,204.0
16353.0,2010-12-15 12:29:00,102.0,306.0
16353.0,2010-12-17 13:17:00,102.0,408.0
16353.0,2010-12-20 14:06:00,102.0,510.0
16353.0,2011-01-05 12:35:00,102.0,612.0
16353.0,2011-01-12 10:14:00,445.6,1057.6
16353.0,2011-02-03 18:45:00,118.8,1176.4
16353.0,2011-02-17 19:16:00,118.8,1295.2
16353.0,2011-03-14 12:17:00,175.72,1470.92
16353.0,2011-05-06 10:32:00,327.96,1798.88
16353.0,2011-05-06 10:33:00,356.4,2155.28
16353.0,2011-07-20 12:29:00,664.83,2820.11
16353.0,2011-08-28 13:42:00,505.8,3325.91
16353.0,2011-09-09 12:41:00,141.9,3467.81
16353.0,2011-09-13 11:47:00,237.6,3705.41
16353.0,2011-10-02 10:32:00,262.6,3968.01
16353.0,2011-10-24 14:49:00,237.6,4205.61
16353.0,2011-11-07 14:21:00,637.5,4843.11
16353.0,2011-11-07 14:22:00,213.45,5056.56
16353.0,2011-11-22 10:39:00,1025.15,6081.71
16353.0,2011-12-02 12:02:00,237.6,6319.31
16353.0,2011-12-06 12:23:00,356.4,6675.71
16354.0,2011-09-27 16:28:00,366.1,366.1
16354.0,2011-10-07 14:28:00,29.7,395.8
16356.0,2011-03-07 12:31:00,102.0,102.0
16356.0,2011-04-26 12:12:00,2.1,104.1
16356.0,2011-05-26 11:51:00,107.67,211.77
16357.0,2011-05-10 10:35:00,137.9,137.9
16357.0,2011-06-30 16:51:00,120.05,257.95
16357.0,2011-11-06 16:04:00,400.93,658.88
16358.0,2011-06-08 15:05:00,462.15,462.15
16358.0,2011-09-21 13:48:00,672.4,1134.55
16358.0,2011-10-07 10:50:00,459.79,1594.34
16358.0,2011-12-08 15:09:00,433.16,2027.5
16359.0,2011-01-12 10:49:00,92.4,92.4
16359.0,2011-02-10 10:08:00,209.25,301.65
16359.0,2011-03-10 10:31:00,130.56,432.21
16359.0,2011-04-10 11:33:00,423.4,855.61
16359.0,2011-05-09 12:58:00,160.65,1016.26
16359.0,2011-06-16 18:19:00,230.57,1246.83
16359.0,2011-09-06 12:11:00,164.4,1411.23
16359.0,2011-10-05 13:00:00,228.96,1640.19
16359.0,2011-12-02 17:04:00,110.73,1750.92
16360.0,2011-09-12 13:50:00,211.01,211.01
16360.0,2011-09-20 13:11:00,263.92,474.93
16360.0,2011-10-04 12:22:00,1007.05,1481.98
16360.0,2011-11-01 12:48:00,530.37,2012.35
16360.0,2011-11-20 11:56:00,735.84,2748.19
16360.0,2011-12-05 12:16:00,764.34,3512.53
16361.0,2011-09-29 13:13:00,334.94,334.94
16361.0,2011-10-30 13:17:00,269.36,604.3
16361.0,2011-11-15 12:25:00,176.89,781.19
16361.0,2011-11-30 12:32:00,115.47,896.66
16362.0,2011-09-09 14:47:00,337.75,337.75
16362.0,2011-09-09 15:00:00,34.65,372.4
16362.0,2011-09-09 15:03:00,7.65,380.05
16362.0,2011-10-11 14:21:00,139.63,519.68
16362.0,2011-11-07 13:01:00,215.09,734.77
16363.0,2011-10-17 14:14:00,109.36,109.36
16364.0,2011-07-25 14:35:00,347.55,347.55
16364.0,2011-11-28 11:27:00,359.49,707.04
16365.0,2010-12-07 17:19:00,139.86,139.86
16365.0,2010-12-15 14:26:00,228.6,368.46
16365.0,2011-03-31 19:55:00,120.9,489.36
16365.0,2011-07-12 17:09:00,131.45,620.81
16365.0,2011-07-12 17:15:00,12.75,633.56
16365.0,2011-07-22 10:25:00,175.05,808.61
16365.0,2011-08-08 16:15:00,53.95,862.56
16365.0,2011-11-02 15:33:00,281.21,1143.77
16365.0,2011-11-22 11:24:00,396.65,1540.42
16366.0,2011-11-21 08:19:00,327.3,327.3
16367.0,2010-12-12 12:01:00,170.91,170.91
16367.0,2011-11-02 13:13:00,633.58,804.49
16368.0,2011-11-11 15:08:00,302.48,302.48
16368.0,2011-12-07 13:12:00,194.95,497.43
16369.0,2011-05-27 09:39:00,354.45,354.45
16369.0,2011-09-20 11:16:00,497.24,851.69
16369.0,2011-11-21 16:25:00,701.97,1553.66
16370.0,2011-04-28 16:40:00,275.54,275.54
16370.0,2011-06-10 11:44:00,271.04,546.58
16370.0,2011-08-14 12:56:00,406.53,953.11
16370.0,2011-09-18 15:55:00,367.45,1320.56
16372.0,2011-11-06 12:50:00,344.13,344.13
16372.0,2011-11-06 13:08:00,23.8,367.93
16374.0,2011-03-22 13:46:00,156.3,156.3
16374.0,2011-10-04 15:21:00,316.73,473.03
16376.0,2011-11-22 16:47:00,874.25,874.25
16376.0,2011-12-01 11:38:00,112.76,987.01
16377.0,2011-03-17 15:41:00,676.2,676.2
16378.0,2011-02-02 12:42:00,144.2,144.2
16378.0,2011-02-16 10:32:00,142.85,287.05
16378.0,2011-04-06 15:07:00,75.9,362.95
16379.0,2011-09-22 09:33:00,478.88,478.88
16379.0,2011-11-02 14:04:00,823.8,1302.68
16379.0,2011-11-21 15:27:00,453.08,1755.76
16379.0,2011-12-05 15:38:00,401.64,2157.4
16380.0,2011-10-09 15:40:00,1780.59,1780.59
16383.0,2011-03-16 13:00:00,309.46,309.46
16383.0,2011-09-26 12:45:00,358.9,668.36
16384.0,2011-03-21 10:13:00,409.1,409.1
16384.0,2011-09-11 11:19:00,175.4,584.5
16385.0,2010-12-08 12:56:00,148.23,148.23
16385.0,2011-07-04 13:53:00,126.62,274.85
16385.0,2011-10-10 13:12:00,281.04,555.89
16386.0,2011-03-31 12:19:00,61.1,61.1
16386.0,2011-11-11 12:28:00,256.1,317.2
16387.0,2011-01-21 11:34:00,94.36,94.36
16389.0,2011-03-01 15:47:00,119.65,119.65
16389.0,2011-05-18 13:55:00,550.52,670.17
16389.0,2011-09-22 15:54:00,408.54,1078.71
16389.0,2011-10-17 14:41:00,303.36,1382.07
16392.0,2011-03-15 12:11:00,221.19,221.19
16393.0,2010-12-05 13:10:00,184.8,184.8
16393.0,2010-12-12 11:54:00,106.75,291.55
16393.0,2011-02-18 11:56:00,214.05,505.6
16393.0,2011-04-14 15:26:00,128.25,633.85
16393.0,2011-05-08 13:07:00,205.37,839.22
16393.0,2011-06-07 14:03:00,133.62,972.84
16393.0,2011-07-06 12:18:00,380.45,1353.29
16393.0,2011-07-20 11:54:00,153.34,1506.63
16393.0,2011-09-06 12:56:00,258.64,1765.27
16393.0,2011-10-18 12:43:00,354.36,2119.63
16393.0,2011-11-16 12:03:00,319.86,2439.49
16393.0,2011-11-28 13:58:00,300.02,2739.51
16393.0,2011-12-07 12:51:00,306.7,3046.21
16394.0,2011-02-23 10:58:00,312.41,312.41
16394.0,2011-04-05 14:51:00,306.89,619.3
16394.0,2011-06-21 13:22:00,313.8,933.1
16394.0,2011-09-28 14:21:00,308.76,1241.86
16394.0,2011-10-14 09:48:00,313.48,1555.34
16395.0,2011-01-13 12:10:00,301.14,301.14
16395.0,2011-01-20 10:43:00,149.42,450.56
16395.0,2011-06-24 15:28:00,516.69,967.25
16395.0,2011-09-22 11:46:00,304.96,1272.21
16395.0,2011-10-10 12:50:00,214.69,1486.9
16398.0,2011-03-31 09:38:00,1169.95,1169.95
16398.0,2011-07-08 15:16:00,535.85,1705.8
16399.0,2011-04-18 13:46:00,178.41,178.41
16399.0,2011-11-20 16:12:00,230.16,408.57
16400.0,2011-09-06 12:27:00,303.93,303.93
16401.0,2011-01-16 10:56:00,487.9,487.9
16401.0,2011-02-18 12:56:00,177.9,665.8
16401.0,2011-03-31 10:07:00,306.6,972.4
16401.0,2011-05-01 12:35:00,477.09,1449.49
16401.0,2011-05-13 12:44:00,212.4,1661.89
16401.0,2011-06-30 13:28:00,309.9,1971.79
16401.0,2011-07-31 12:16:00,483.63,2455.42
16401.0,2011-09-14 11:50:00,318.24,2773.66
16401.0,2011-10-25 12:56:00,306.3,3079.96
16401.0,2011-11-14 09:12:00,309.48,3389.44
16401.0,2011-11-25 12:57:00,396.14,3785.58
16401.0,2011-12-08 18:15:00,312.74,4098.32
16402.0,2010-12-05 13:42:00,211.8,211.8
16402.0,2011-03-20 12:25:00,87.8,299.6
16403.0,2011-01-31 13:39:00,177.5,177.5
16404.0,2011-09-30 14:55:00,443.05,443.05
16405.0,2011-02-02 17:08:00,6.85,6.85
16405.0,2011-02-10 15:24:00,160.4,167.25
16406.0,2011-11-21 11:57:00,163.07,163.07
16407.0,2011-01-31 14:02:00,263.24,263.24
16407.0,2011-02-15 15:00:00,75.0,338.24
16407.0,2011-02-27 11:05:00,202.1,540.34
16407.0,2011-04-11 12:59:00,60.0,600.34
16407.0,2011-05-29 14:28:00,194.4,794.74
16407.0,2011-07-24 11:25:00,265.87,1060.61
16407.0,2011-08-21 14:00:00,469.01,1529.62
16407.0,2011-09-26 13:21:00,265.14,1794.76
16407.0,2011-11-27 11:05:00,332.17,2126.93
16409.0,2011-01-26 14:51:00,271.56,271.56
16409.0,2011-04-11 17:12:00,532.0,803.56
16409.0,2011-07-12 14:57:00,235.71,1039.27
16409.0,2011-09-13 14:06:00,380.76,1420.03
16409.0,2011-11-03 16:45:00,608.85,2028.88
16411.0,2010-12-05 13:26:00,131.5,131.5
16411.0,2011-11-20 13:23:00,83.15,214.65
16412.0,2011-10-17 12:35:00,151.83,151.83
16413.0,2011-10-14 12:08:00,262.2,262.2
16414.0,2011-03-04 13:27:00,50.8,50.8
16414.0,2011-11-18 09:42:00,75.45,126.25
16415.0,2011-10-26 13:35:00,210.35,210.35
16416.0,2011-10-14 13:35:00,333.89,333.89
16416.0,2011-10-27 15:33:00,344.83,678.72
16416.0,2011-11-13 12:50:00,372.68,1051.4
16418.0,2011-04-27 16:54:00,145.91,145.91
16418.0,2011-09-08 10:35:00,222.45,368.36
16418.0,2011-10-26 12:39:00,306.91,675.27
16419.0,2011-02-01 12:25:00,252.66,252.66
16419.0,2011-03-09 14:49:00,264.27,516.93
16419.0,2011-06-24 12:00:00,170.51,687.44
16419.0,2011-06-24 15:33:00,63.25,750.69
16419.0,2011-08-03 09:47:00,112.09,862.78
16419.0,2011-08-19 12:33:00,109.45,972.23
16422.0,2010-12-05 15:35:00,1668.2,1668.2
16422.0,2010-12-14 16:53:00,17.4,1685.6
16422.0,2010-12-20 11:41:00,339.72,2025.32
16422.0,2011-01-06 17:47:00,406.77,2432.09
16422.0,2011-01-10 10:44:00,102.0,2534.09
16422.0,2011-01-18 11:54:00,707.88,3241.97
16422.0,2011-01-26 11:34:00,396.72,3638.69
16422.0,2011-01-26 11:35:00,944.34,4583.03
16422.0,2011-02-01 13:20:00,241.2,4824.23
16422.0,2011-02-07 10:03:00,620.37,5444.6
16422.0,2011-02-14 12:28:00,405.3,5849.9
16422.0,2011-02-23 11:11:00,417.96,6267.86
16422.0,2011-02-28 11:46:00,513.45,6781.31
16422.0,2011-03-06 14:09:00,796.86,7578.17
16422.0,2011-03-06 14:10:00,120.0,7698.17
16422.0,2011-03-16 11:57:00,853.08,8551.25
16422.0,2011-03-18 15:54:00,833.1,9384.35
16422.0,2011-03-29 13:58:00,963.01,10347.36
16422.0,2011-04-04 12:54:00,2298.0,12645.36
16422.0,2011-04-05 12:46:00,105.0,12750.36
16422.0,2011-04-19 10:08:00,385.2,13135.56
16422.0,2011-04-28 16:53:00,354.72,13490.28
16422.0,2011-05-05 07:37:00,385.14,13875.42
16422.0,2011-05-13 08:21:00,600.63,14476.05
16422.0,2011-05-18 09:59:00,1373.46,15849.51
16422.0,2011-05-23 13:06:00,1733.85,17583.36
16422.0,2011-06-01 11:13:00,588.36,18171.72
16422.0,2011-06-07 11:32:00,1121.13,19292.85
16422.0,2011-06-22 10:19:00,1754.97,21047.82
16422.0,2011-06-27 10:20:00,1112.32,22160.14
16422.0,2011-06-28 10:18:00,62.4,22222.54
16422.0,2011-07-06 16:39:00,587.46,22810.0
16422.0,2011-07-11 15:52:00,850.46,23660.46
16422.0,2011-07-17 15:50:00,705.3,24365.76
16422.0,2011-07-25 11:49:00,734.0,25099.76
16422.0,2011-08-03 10:41:00,2353.0,27452.76
16422.0,2011-08-11 10:54:00,327.12,27779.88
16422.0,2011-08-24 09:30:00,786.84,28566.72
16422.0,2011-09-01 12:50:00,550.98,29117.7
16422.0,2011-09-13 10:03:00,358.2,29475.9
16422.0,2011-09-19 13:35:00,575.46,30051.36
16422.0,2011-09-27 12:26:00,614.16,30665.52
16422.0,2011-10-06 09:45:00,332.22,30997.74
16422.0,2011-10-11 09:05:00,459.06,31456.8
16422.0,2011-10-18 13:02:00,722.76,32179.56
16422.0,2011-10-27 18:10:00,401.1,32580.66
16422.0,2011-11-08 09:03:00,750.24,33330.9
16422.0,2011-11-14 14:02:00,933.14,34264.04
16422.0,2011-11-15 14:32:00,136.32,34400.36
16422.0,2011-11-22 14:00:00,284.04,34684.4
16423.0,2011-11-15 09:21:00,346.12,346.12
16424.0,2011-06-01 13:40:00,133.56,133.56
16425.0,2011-02-10 14:30:00,302.7,302.7
16426.0,2011-03-08 15:45:00,328.37,328.37
16426.0,2011-09-08 11:56:00,161.69,490.06
16426.0,2011-09-08 12:04:00,153.99,644.05
16426.0,2011-09-08 12:19:00,45.78,689.83
16426.0,2011-10-24 10:17:00,244.45,934.28
16426.0,2011-11-04 15:29:00,221.63,1155.91
16426.0,2011-11-18 13:33:00,197.74,1353.65
16426.0,2011-12-02 12:59:00,230.02,1583.67
16426.0,2011-12-02 13:38:00,79.56,1663.23
16426.0,2011-12-07 14:01:00,245.02,1908.25
16427.0,2011-02-28 15:18:00,109.8,109.8
16427.0,2011-03-21 17:10:00,131.26,241.06
16429.0,2011-08-25 13:54:00,284.55,284.55
16430.0,2011-10-13 14:47:00,300.85,300.85
16431.0,2011-02-15 14:02:00,269.59,269.59
16431.0,2011-02-15 14:08:00,74.34,343.93
16431.0,2011-05-10 14:09:00,298.88,642.81
16432.0,2011-10-06 13:59:00,287.4,287.4
16433.0,2011-11-11 14:09:00,184.26,184.26
16434.0,2011-02-13 12:17:00,401.0,401.0
16434.0,2011-03-27 11:51:00,121.95,522.95
16434.0,2011-05-31 14:37:00,201.27,724.22
16434.0,2011-09-04 12:54:00,182.12,906.34
16434.0,2011-10-23 12:18:00,196.93,1103.27
16434.0,2011-11-06 11:36:00,233.8,1337.07
16434.0,2011-11-10 14:28:00,185.18,1522.25
16438.0,2011-09-18 13:31:00,204.4,204.4
16438.0,2011-10-27 19:56:00,148.72,353.12
16438.0,2011-11-03 19:50:00,114.91,468.03
16438.0,2011-11-13 11:39:00,180.51,648.54
16438.0,2011-12-04 10:51:00,149.81,798.35
16440.0,2011-05-09 12:25:00,272.46,272.46
16440.0,2011-10-04 13:10:00,433.01,705.47
16440.0,2011-10-19 11:52:00,1103.36,1808.83
16440.0,2011-11-10 14:16:00,856.41,2665.24
16440.0,2011-12-02 12:02:00,975.43,3640.67
16441.0,2011-02-21 17:35:00,211.0,211.0
16441.0,2011-10-03 17:48:00,170.2,381.2
16442.0,2010-12-14 10:46:00,151.66,151.66
16442.0,2011-04-26 11:51:00,285.37,437.03
16442.0,2011-12-08 11:43:00,179.76,616.79
16444.0,2011-03-20 12:14:00,119.08,119.08
16444.0,2011-05-29 11:03:00,121.0,240.08
16444.0,2011-09-05 14:27:00,301.32,541.4
16444.0,2011-10-24 13:50:00,113.27,654.67
16445.0,2011-11-06 12:32:00,230.51,230.51
16446.0,2011-05-18 09:52:00,2.9,2.9
16446.0,2011-12-09 09:15:00,168469.6,168472.5
16447.0,2011-07-27 12:45:00,259.01,259.01
16448.0,2011-05-25 16:28:00,188.89,188.89
16449.0,2011-03-04 12:15:00,416.69,416.69
16449.0,2011-05-26 10:25:00,291.0,707.69
16450.0,2011-07-13 11:47:00,311.92,311.92
16451.0,2011-09-13 09:17:00,266.97,266.97
16454.0,2011-10-06 16:57:00,5.9,5.9
16454.0,2011-10-26 11:40:00,1.0,6.9
16455.0,2010-12-03 16:44:00,246.3,246.3
16455.0,2010-12-03 16:45:00,135.0,381.3
16455.0,2010-12-13 17:03:00,150.68,531.98
16455.0,2011-03-29 08:43:00,413.7,945.68
16455.0,2011-05-19 11:28:00,188.1,1133.78
16455.0,2011-09-06 10:46:00,189.6,1323.38
16455.0,2011-10-07 12:17:00,517.8,1841.18
16456.0,2010-12-01 14:11:00,787.4,787.4
16456.0,2011-02-06 11:29:00,449.28,1236.68
16456.0,2011-04-26 09:44:00,339.93,1576.61
16456.0,2011-08-28 12:06:00,124.16,1700.77
16456.0,2011-09-01 13:50:00,457.6,2158.37
16457.0,2011-05-05 13:19:00,208.36,208.36
16458.0,2010-12-14 11:51:00,193.9,193.9
16458.0,2011-02-08 10:47:00,199.8,393.7
16458.0,2011-02-28 13:40:00,173.7,567.4
16458.0,2011-03-25 08:41:00,157.7,725.1
16458.0,2011-04-18 13:22:00,198.0,923.1
16458.0,2011-05-06 12:53:00,216.3,1139.4
16458.0,2011-06-05 12:16:00,166.3,1305.7
16458.0,2011-06-22 14:47:00,222.0,1527.7
16458.0,2011-07-24 15:51:00,185.0,1712.7
16458.0,2011-08-08 12:20:00,254.8,1967.5
16458.0,2011-08-25 15:47:00,184.0,2151.5
16458.0,2011-09-12 14:22:00,175.9,2327.4
16458.0,2011-09-28 14:38:00,157.66,2485.06
16458.0,2011-10-18 09:15:00,183.9,2668.96
16458.0,2011-11-01 15:12:00,195.02,2863.98
16458.0,2011-11-11 10:14:00,203.6,3067.58
16458.0,2011-11-25 08:23:00,239.66,3307.24
16458.0,2011-12-07 09:34:00,175.5,3482.74
16460.0,2011-09-19 10:15:00,258.84,258.84
16460.0,2011-09-28 12:22:00,253.26,512.1
16460.0,2011-11-11 13:46:00,302.62,814.72
16461.0,2011-06-15 12:07:00,151.42,151.42
16462.0,2011-03-01 08:58:00,34.0,34.0
16462.0,2011-06-07 11:07:00,34.0,68.0
16462.0,2011-09-27 10:24:00,68.0,136.0
16463.0,2011-05-19 14:45:00,319.37,319.37
16463.0,2011-10-17 14:23:00,491.28,810.65
16463.0,2011-10-18 15:52:00,308.74,1119.39
16463.0,2011-11-18 14:01:00,303.01,1422.4
16464.0,2011-07-20 13:53:00,385.0,385.0
16464.0,2011-09-20 13:42:00,613.25,998.25
16464.0,2011-11-20 12:11:00,316.43,1314.68
16466.0,2011-02-20 11:39:00,111.67,111.67
16466.0,2011-05-15 11:35:00,212.4,324.07
16466.0,2011-06-12 11:47:00,198.77,522.84
16466.0,2011-08-14 12:27:00,245.67,768.51
16466.0,2011-08-28 13:08:00,233.67,1002.18
16466.0,2011-10-16 12:54:00,359.42,1361.6
16466.0,2011-11-06 11:35:00,241.86,1603.46
16468.0,2011-09-26 14:13:00,74.9,74.9
16469.0,2011-04-07 13:11:00,97.7,97.7
16469.0,2011-04-07 13:16:00,179.18,276.88
16469.0,2011-09-13 15:57:00,185.84,462.72
16469.0,2011-11-16 12:25:00,187.71,650.43
16470.0,2010-12-16 11:53:00,216.34,216.34
16470.0,2011-05-31 11:39:00,129.32,345.66
16470.0,2011-08-16 11:40:00,193.47,539.13
16470.0,2011-10-19 12:11:00,223.26,762.39
16471.0,2011-03-10 09:41:00,223.95,223.95
16473.0,2011-01-07 10:55:00,149.41,149.41
16473.0,2011-02-25 13:51:00,68.4,217.81
16473.0,2011-06-28 09:10:00,98.3,316.11
16474.0,2011-07-17 14:51:00,355.57,355.57
16474.0,2011-09-11 16:06:00,114.84,470.41
16474.0,2011-09-11 16:09:00,8.25,478.66
16474.0,2011-10-04 14:33:00,580.73,1059.39
16474.0,2011-10-20 12:13:00,339.1,1398.49
16474.0,2011-11-22 14:04:00,351.9,1750.39
16474.0,2011-12-02 13:02:00,121.11,1871.5
16475.0,2011-03-11 09:39:00,310.0,310.0
16475.0,2011-06-30 15:35:00,57.9,367.9
16475.0,2011-07-19 11:08:00,91.4,459.3
16475.0,2011-09-12 14:37:00,85.0,544.3
16477.0,2010-12-03 12:48:00,225.65,225.65
16477.0,2010-12-22 13:39:00,318.75,544.4
16477.0,2011-01-24 09:25:00,417.31,961.71
16477.0,2011-03-10 13:46:00,214.5,1176.21
16477.0,2011-05-09 14:40:00,376.3,1552.51
16477.0,2011-07-31 12:47:00,446.75,1999.26
16477.0,2011-10-07 09:44:00,495.2,2494.46
16478.0,2011-10-05 12:02:00,202.9,202.9
16478.0,2011-10-06 10:53:00,33.0,235.9
16478.0,2011-11-14 15:51:00,95.1,331.0
16479.0,2011-11-29 13:04:00,231.18,231.18
16479.0,2011-11-29 13:40:00,69.65,300.83
16480.0,2011-09-25 11:40:00,769.29,769.29
16482.0,2011-11-24 12:33:00,220.62,220.62
16483.0,2011-05-31 13:08:00,139.35,139.35
16484.0,2011-06-02 10:39:00,285.7,285.7
16484.0,2011-06-19 12:06:00,118.6,404.3
16485.0,2011-09-23 15:50:00,363.65,363.65
16488.0,2011-07-14 11:46:00,219.06,219.06
16488.0,2011-08-17 09:05:00,135.51,354.57
16488.0,2011-11-06 13:42:00,144.23,498.8
16491.0,2011-10-24 10:18:00,731.5,731.5
16493.0,2011-01-14 08:16:00,127.8,127.8
16493.0,2011-02-27 15:42:00,240.0,367.8
16493.0,2011-06-19 15:15:00,414.49,782.29
16493.0,2011-09-21 11:10:00,569.34,1351.63
16494.0,2011-02-16 12:49:00,826.53,826.53
16495.0,2011-03-08 16:38:00,238.01,238.01
16495.0,2011-03-08 16:39:00,8.5,246.51
16495.0,2011-12-06 13:20:00,437.9,684.41
16496.0,2011-01-27 09:42:00,736.7,736.7
16496.0,2011-05-16 10:48:00,448.34,1185.04
16496.0,2011-12-01 10:31:00,414.48,1599.52
16497.0,2011-01-10 13:20:00,279.3,279.3
16497.0,2011-01-25 14:47:00,233.08,512.38
16497.0,2011-03-16 10:17:00,175.3,687.68
16497.0,2011-05-20 13:56:00,718.64,1406.32
16497.0,2011-05-20 13:58:00,144.38,1550.7
16497.0,2011-10-21 10:55:00,1414.99,2965.69
16498.0,2011-06-30 19:52:00,91.22,91.22
16498.0,2011-07-01 15:07:00,9.75,100.97
16499.0,2010-12-10 10:27:00,218.1,218.1
16499.0,2010-12-14 13:31:00,147.35,365.45
16500.0,2011-01-13 10:28:00,165.0,165.0
16500.0,2011-11-03 14:32:00,55.32,220.32
16500.0,2011-11-03 14:33:00,30.0,250.32
16500.0,2011-11-18 09:04:00,42.9,293.22
16500.0,2011-11-23 14:18:00,54.9,348.12
16500.0,2011-12-05 12:04:00,52.74,400.86
16503.0,2010-12-14 13:50:00,488.09,488.09
16503.0,2011-01-13 12:32:00,353.7,841.79
16503.0,2011-05-09 15:48:00,251.6,1093.39
16503.0,2011-08-25 11:46:00,338.54,1431.93
16504.0,2011-11-14 15:18:00,484.38,484.38
16505.0,2011-11-08 12:14:00,777.6,777.6
16506.0,2011-10-30 15:50:00,55.2,55.2
16506.0,2011-11-20 12:17:00,35.1,90.3
16509.0,2011-02-16 09:25:00,363.7,363.7
16510.0,2010-12-02 13:39:00,248.1,248.1
16511.0,2011-03-18 11:24:00,340.75,340.75
16511.0,2011-07-18 10:49:00,241.95,582.7
16511.0,2011-11-18 10:41:00,367.56,950.26
16513.0,2011-10-27 14:56:00,108.45,108.45
16513.0,2011-11-20 13:39:00,554.34,662.79
16513.0,2011-12-01 12:55:00,90.0,752.79
16513.0,2011-12-05 10:18:00,121.8,874.59
16515.0,2011-02-01 13:09:00,320.51,320.51
16515.0,2011-04-07 11:12:00,301.82,622.33
16515.0,2011-07-12 11:16:00,365.28,987.61
16515.0,2011-09-09 11:15:00,262.74,1250.35
16515.0,2011-10-18 13:10:00,376.78,1627.13
16516.0,2011-11-09 14:59:00,101.7,101.7
16517.0,2011-03-07 13:50:00,162.7,162.7
16518.0,2011-02-28 16:36:00,190.7,190.7
16518.0,2011-10-09 15:04:00,293.62,484.32
16519.0,2010-12-09 14:08:00,103.7,103.7
16519.0,2011-11-14 15:41:00,111.38,215.08
16520.0,2010-12-09 13:08:00,325.76,325.76
16520.0,2011-04-14 14:14:00,297.16,622.92
16520.0,2011-06-06 13:24:00,423.65,1046.57
16523.0,2011-01-28 12:06:00,743.9,743.9
16523.0,2011-03-17 09:57:00,239.0,982.9
16523.0,2011-03-28 11:49:00,374.7,1357.6
16523.0,2011-04-15 10:20:00,397.5,1755.1
16523.0,2011-04-15 10:21:00,64.2,1819.3
16523.0,2011-05-08 12:30:00,236.1,2055.4
16523.0,2011-05-08 12:31:00,59.8,2115.2
16523.0,2011-05-24 08:21:00,720.4,2835.6
16523.0,2011-06-15 13:26:00,392.0,3227.6
16523.0,2011-07-08 13:12:00,314.85,3542.45
16523.0,2011-07-21 12:15:00,484.4,4026.85
16523.0,2011-08-16 14:33:00,741.4,4768.25
16523.0,2011-09-05 09:16:00,477.7,5245.95
16523.0,2011-09-11 13:40:00,848.98,6094.93
16523.0,2011-09-21 13:41:00,686.48,6781.41
16523.0,2011-10-13 08:27:00,249.6,7031.01
16523.0,2011-10-13 08:28:00,82.5,7113.51
16523.0,2011-11-07 08:30:00,676.8,7790.31
16523.0,2011-11-24 13:53:00,772.54,8562.85
16523.0,2011-12-06 11:05:00,33.0,8595.85
16523.0,2011-12-08 09:06:00,822.62,9418.47
16525.0,2010-12-08 11:31:00,411.44,411.44
16525.0,2010-12-16 08:03:00,391.0,802.44
16525.0,2011-01-12 16:52:00,307.05,1109.49
16525.0,2011-02-04 11:14:00,303.58,1413.07
16525.0,2011-02-06 13:57:00,974.62,2387.69
16525.0,2011-02-17 14:11:00,347.1,2734.79
16525.0,2011-03-01 15:01:00,329.34,3064.13
16525.0,2011-03-09 11:48:00,660.34,3724.47
16525.0,2011-03-24 08:47:00,851.4,4575.87
16525.0,2011-04-11 12:57:00,435.0,5010.87
16525.0,2011-05-06 16:29:00,529.7,5540.57
16525.0,2011-05-10 13:20:00,653.98,6194.55
16525.0,2011-05-19 07:49:00,555.46,6750.01
16525.0,2011-05-27 10:55:00,338.28,7088.29
16525.0,2011-06-03 14:10:00,333.0,7421.29
16525.0,2011-06-08 08:12:00,765.82,8187.11
16525.0,2011-06-29 09:13:00,478.08,8665.19
16525.0,2011-07-05 13:16:00,532.94,9198.13
16525.0,2011-07-24 12:02:00,452.42,9650.55
16525.0,2011-08-14 11:31:00,348.0,9998.55
16525.0,2011-09-01 18:49:00,373.8,10372.35
16525.0,2011-09-18 11:13:00,828.68,11201.03
16525.0,2011-09-21 10:39:00,300.12,11501.15
16525.0,2011-11-02 14:08:00,863.04,12364.19
16525.0,2011-11-23 11:49:00,341.54,12705.73
16525.0,2011-12-07 15:07:00,321.72,13027.45
16526.0,2011-06-21 12:02:00,290.36,290.36
16527.0,2011-09-19 16:21:00,228.06,228.06
16528.0,2011-12-06 12:45:00,244.41,244.41
16529.0,2011-06-02 17:23:00,455.25,455.25
16531.0,2010-12-14 13:19:00,92.82,92.82
16531.0,2011-01-25 13:04:00,146.1,238.92
16531.0,2011-02-18 14:21:00,245.91,484.83
16531.0,2011-08-04 15:55:00,199.7,684.53
16531.0,2011-09-26 15:23:00,204.9,889.43
16531.0,2011-11-02 14:16:00,223.21,1112.64
16531.0,2011-11-17 16:29:00,131.95,1244.59
16532.0,2011-01-05 12:37:00,1910.4,1910.4
16532.0,2011-07-27 10:41:00,2606.4,4516.8
16532.0,2011-11-22 11:08:00,2232.0,6748.8
16533.0,2011-10-02 15:07:00,376.97,376.97
16533.0,2011-10-16 13:51:00,610.89,987.86
16533.0,2011-11-20 13:08:00,107.7,1095.56
16535.0,2011-12-04 15:18:00,593.75,593.75
16536.0,2011-08-21 15:54:00,548.97,548.97
16539.0,2010-12-01 15:40:00,442.35,442.35
16539.0,2010-12-16 16:42:00,304.9,747.25
16539.0,2011-05-04 09:52:00,306.36,1053.61
16539.0,2011-12-07 08:41:00,335.2,1388.81
16542.0,2011-10-17 10:47:00,119.62,119.62
16545.0,2011-06-28 10:37:00,339.3,339.3
16546.0,2010-12-02 12:07:00,299.4,299.4
16546.0,2011-02-22 11:20:00,487.75,787.15
16549.0,2011-01-09 14:03:00,119.49,119.49
16549.0,2011-08-07 15:43:00,662.03,781.52
16549.0,2011-09-11 13:58:00,452.49,1234.01
16549.0,2011-10-10 14:37:00,318.04,1552.05
16549.0,2011-10-25 13:10:00,479.4,2031.45
16549.0,2011-11-08 13:57:00,279.74,2311.19
16549.0,2011-11-21 16:10:00,153.38,2464.57
16549.0,2011-11-21 16:17:00,271.59,2736.16
16549.0,2011-11-29 14:38:00,339.21,3075.37
16549.0,2011-11-29 15:06:00,1079.27,4154.64
16550.0,2010-12-06 13:53:00,554.66,554.66
16550.0,2011-04-18 13:30:00,484.25,1038.91
16550.0,2011-06-07 13:35:00,387.42,1426.33
16550.0,2011-06-28 15:31:00,345.92,1772.25
16550.0,2011-08-23 11:12:00,526.72,2298.97
16551.0,2011-01-07 10:24:00,311.07,311.07
16551.0,2011-08-01 12:28:00,306.1,617.17
16551.0,2011-09-05 09:38:00,304.95,922.12
16552.0,2010-12-01 12:36:00,95.29,95.29
16552.0,2011-04-11 10:04:00,284.44,379.73
16553.0,2010-12-14 13:58:00,951.24,951.24
16553.0,2010-12-14 13:59:00,658.2,1609.44
16553.0,2011-02-08 12:12:00,336.0,1945.44
16553.0,2011-03-10 10:10:00,270.4,2215.84
16553.0,2011-03-10 14:37:00,576.1,2791.94
16553.0,2011-04-21 12:11:00,682.38,3474.32
16553.0,2011-04-21 18:31:00,447.6,3921.92
16553.0,2011-05-18 12:57:00,647.26,4569.18
16553.0,2011-05-18 12:58:00,162.0,4731.18
16553.0,2011-06-29 15:40:00,547.44,5278.62
16553.0,2011-06-29 15:41:00,237.2,5515.82
16553.0,2011-06-29 15:42:00,204.0,5719.82
16554.0,2011-01-12 12:41:00,0.85,0.85
16554.0,2011-05-01 14:17:00,313.26,314.11
16554.0,2011-10-28 14:51:00,522.99,837.1
16555.0,2011-08-22 12:32:00,151.98,151.98
16555.0,2011-11-04 14:31:00,133.91,285.89
16556.0,2010-12-14 13:32:00,310.85,310.85
16556.0,2011-02-17 14:49:00,640.14,950.99
16556.0,2011-04-08 14:14:00,318.07,1269.06
16556.0,2011-05-22 11:30:00,369.76,1638.82
16556.0,2011-06-30 12:14:00,445.42,2084.24
16556.0,2011-08-26 11:58:00,472.13,2556.37
16556.0,2011-10-04 11:36:00,757.42,3313.79
16557.0,2011-07-25 13:28:00,101.15,101.15
16557.0,2011-11-15 14:04:00,180.7,281.85
16558.0,2010-12-08 12:01:00,569.4,569.4
16558.0,2010-12-17 15:39:00,311.15,880.55
16558.0,2011-01-24 10:01:00,301.28,1181.83
16558.0,2011-02-10 13:54:00,264.03,1445.86
16558.0,2011-03-11 08:31:00,365.18,1811.04
16558.0,2011-03-21 14:00:00,313.55,2124.59
16558.0,2011-03-30 14:08:00,174.31,2298.9
16558.0,2011-04-08 10:20:00,230.98,2529.88
16558.0,2011-04-20 13:35:00,307.16,2837.04
16558.0,2011-05-31 10:45:00,613.54,3450.58
16558.0,2011-06-16 17:37:00,305.18,3755.76
16558.0,2011-07-24 13:06:00,403.05,4158.81
16558.0,2011-08-10 13:25:00,203.59,4362.4
16558.0,2011-09-08 14:21:00,322.77,4685.17
16558.0,2011-09-22 08:41:00,416.14,5101.31
16558.0,2011-10-07 14:23:00,228.46,5329.77
16558.0,2011-10-21 13:46:00,1256.69,6586.46
16558.0,2011-11-02 12:44:00,302.0,6888.46
16558.0,2011-11-17 17:30:00,851.06,7739.52
16558.0,2011-12-09 10:20:00,598.97,8338.49
16560.0,2010-12-16 14:36:00,332.18,332.18
16560.0,2011-11-13 10:35:00,509.23,841.41
16561.0,2011-10-11 09:53:00,264.96,264.96
16561.0,2011-12-04 11:50:00,246.16,511.12
16563.0,2011-10-17 11:51:00,1077.74,1077.74
16565.0,2010-12-10 15:21:00,173.7,173.7
16566.0,2011-02-20 10:29:00,94.9,94.9
16566.0,2011-05-31 08:32:00,185.22,280.12
16566.0,2011-06-22 14:24:00,183.76,463.88
16566.0,2011-10-14 09:28:00,38.4,502.28
16566.0,2011-11-24 16:34:00,112.38,614.66
16567.0,2011-01-07 09:31:00,557.56,557.56
16567.0,2011-05-29 13:57:00,308.04,865.6
16569.0,2011-12-06 15:32:00,124.2,124.2
16570.0,2011-02-01 10:37:00,450.06,450.06
16570.0,2011-03-14 15:41:00,454.08,904.14
16570.0,2011-05-18 16:37:00,569.09,1473.23
16570.0,2011-06-27 09:35:00,348.12,1821.35
16570.0,2011-06-30 09:56:00,13.2,1834.55
16570.0,2011-08-04 14:06:00,299.52,2134.07
16570.0,2011-10-13 15:49:00,709.63,2843.7
16570.0,2011-10-13 15:50:00,31.8,2875.5
16570.0,2011-11-07 14:44:00,435.82,3311.32
16570.0,2011-11-24 17:02:00,427.08,3738.4
16571.0,2011-03-03 09:41:00,436.68,436.68
16571.0,2011-06-16 13:14:00,460.11,896.79
16571.0,2011-11-13 11:46:00,524.9,1421.69
16572.0,2011-03-09 12:04:00,342.58,342.58
16572.0,2011-07-11 13:32:00,299.7,642.28
16572.0,2011-08-04 16:34:00,367.32,1009.6
16573.0,2011-02-22 15:14:00,292.63,292.63
16573.0,2011-09-16 09:13:00,370.98,663.61
16574.0,2011-09-29 13:39:00,451.44,451.44
16581.0,2011-06-10 10:05:00,105.84,105.84
16582.0,2011-08-18 17:02:00,313.62,313.62
16583.0,2010-12-01 12:03:00,233.45,233.45
16584.0,2011-03-30 13:14:00,611.94,611.94
16584.0,2011-09-20 13:45:00,324.14,936.08
16586.0,2011-04-05 09:32:00,463.95,463.95
16587.0,2011-04-21 15:51:00,225.15,225.15
16589.0,2011-07-01 13:31:00,117.68,117.68
16589.0,2011-08-25 10:00:00,97.0,214.68
16589.0,2011-09-29 14:50:00,244.56,459.24
16591.0,2011-10-02 10:43:00,213.5,213.5
16592.0,2011-02-25 10:19:00,455.28,455.28
16592.0,2011-04-01 11:50:00,337.51,792.79
16592.0,2011-04-01 11:51:00,9.96,802.75
16592.0,2011-05-22 15:26:00,238.98,1041.73
16592.0,2011-05-22 15:27:00,53.8,1095.53
16592.0,2011-05-22 15:28:00,57.3,1152.83
16592.0,2011-06-09 11:39:00,337.55,1490.38
16592.0,2011-06-09 11:40:00,30.6,1520.98
16592.0,2011-07-26 11:38:00,668.39,2189.37
16592.0,2011-07-26 11:39:00,24.96,2214.33
16592.0,2011-10-20 14:12:00,25.2,2239.53
16592.0,2011-10-20 14:13:00,203.96,2443.49
16592.0,2011-11-09 11:16:00,285.85,2729.34
16592.0,2011-11-27 13:03:00,440.98,3170.32
16592.0,2011-11-27 13:07:00,25.2,3195.52
16592.0,2011-12-05 13:49:00,918.16,4113.68
16593.0,2011-01-16 12:11:00,69.6,69.6
16593.0,2011-06-03 12:17:00,185.9,255.5
16593.0,2011-10-20 12:41:00,74.53,330.03
16594.0,2011-09-25 14:08:00,181.09,181.09
16595.0,2011-10-09 13:15:00,360.16,360.16
16596.0,2010-12-08 16:18:00,120.65,120.65
16596.0,2011-11-24 10:02:00,129.5,250.15
16597.0,2011-12-05 15:44:00,90.04,90.04
16598.0,2011-02-27 11:42:00,145.05,145.05
16600.0,2011-01-05 12:13:00,125.86,125.86
16600.0,2011-03-31 19:20:00,111.6,237.46
16600.0,2011-09-26 14:25:00,115.74,353.2
16600.0,2011-11-15 13:52:00,104.1,457.3
16600.0,2011-11-23 09:44:00,115.9,573.2
16600.0,2011-12-05 16:00:00,240.32,813.52
16601.0,2011-10-30 11:09:00,244.8,244.8
16602.0,2011-11-03 15:54:00,528.08,528.08
16603.0,2011-09-09 13:02:00,296.62,296.62
16603.0,2011-09-26 10:06:00,185.85,482.47
16607.0,2010-12-16 08:41:00,404.82,404.82
16607.0,2010-12-17 15:15:00,250.0,654.82
16607.0,2011-02-09 15:25:00,231.91,886.73
16607.0,2011-02-28 13:39:00,216.05,1102.78
16607.0,2011-03-29 15:15:00,141.41,1244.19
16607.0,2011-04-13 09:42:00,145.87,1390.06
16607.0,2011-05-16 09:58:00,327.0,1717.06
16607.0,2011-07-21 13:06:00,421.7,2138.76
16607.0,2011-08-02 10:24:00,114.78,2253.54
16607.0,2011-08-03 15:02:00,14.04,2267.58
16607.0,2011-09-27 12:57:00,314.36,2581.94
16607.0,2011-10-12 11:32:00,168.55,2750.49
16607.0,2011-11-02 12:46:00,313.2,3063.69
16607.0,2011-11-22 10:24:00,284.02,3347.71
16609.0,2011-04-01 10:11:00,557.53,557.53
16609.0,2011-05-03 10:56:00,534.65,1092.18
16609.0,2011-05-26 13:34:00,895.44,1987.62
16609.0,2011-07-12 10:02:00,347.29,2334.91
16609.0,2011-07-27 13:51:00,375.13,2710.04
16609.0,2011-09-13 09:43:00,1319.78,4029.82
16609.0,2011-11-24 13:32:00,1463.64,5493.46
16610.0,2011-05-04 13:13:00,75.66,75.66
16611.0,2011-06-06 15:46:00,129.49,129.49
16612.0,2011-02-01 10:38:00,280.05,280.05
16612.0,2011-06-06 11:37:00,428.85,708.9
16612.0,2011-08-12 14:32:00,161.4,870.3
16612.0,2011-11-07 07:38:00,317.36,1187.66
16613.0,2011-09-30 15:52:00,618.59,618.59
16614.0,2011-06-10 11:36:00,506.19,506.19
16616.0,2011-07-05 13:38:00,210.1,210.1
16616.0,2011-11-24 16:31:00,290.32,500.42
16617.0,2011-04-18 10:35:00,151.85,151.85
16618.0,2011-01-21 11:55:00,728.16,728.16
16618.0,2011-03-25 15:18:00,354.66,1082.82
16618.0,2011-05-13 10:35:00,341.52,1424.34
16618.0,2011-05-13 10:37:00,16.95,1441.29
16618.0,2011-11-08 13:52:00,1206.3,2647.59
16619.0,2011-03-21 08:18:00,226.21,226.21
16620.0,2011-03-24 10:37:00,95.76,95.76
16620.0,2011-12-06 12:19:00,83.2,178.96
16621.0,2011-03-07 11:32:00,162.85,162.85
16621.0,2011-05-08 10:43:00,327.85,490.7
16621.0,2011-07-15 11:45:00,118.71,609.41
16621.0,2011-10-19 11:38:00,204.07,813.48
16623.0,2011-04-08 10:09:00,129.45,129.45
16624.0,2011-05-26 14:20:00,426.43,426.43
16624.0,2011-09-20 12:39:00,384.14,810.57
16625.0,2011-03-10 12:50:00,333.08,333.08
16626.0,2011-03-18 12:27:00,795.75,795.75
16626.0,2011-06-08 10:50:00,596.13,1391.88
16626.0,2011-06-22 14:38:00,195.16,1587.04
16626.0,2011-06-24 10:47:00,119.85,1706.89
16626.0,2011-07-19 12:15:00,123.15,1830.04
16626.0,2011-08-04 13:10:00,198.0,2028.04
16626.0,2011-08-18 14:53:00,137.3,2165.34
16626.0,2011-09-21 10:16:00,315.1,2480.44
16626.0,2011-09-27 09:05:00,182.3,2662.74
16626.0,2011-10-02 11:30:00,189.9,2852.64
16626.0,2011-10-27 09:36:00,13.2,2865.84
16626.0,2011-10-30 13:30:00,403.9,3269.74
16626.0,2011-11-08 15:59:00,110.5,3380.24
16626.0,2011-11-16 08:53:00,226.4,3606.64
16626.0,2011-11-17 15:41:00,282.25,3888.89
16626.0,2011-12-02 14:18:00,135.0,4023.89
16626.0,2011-12-09 11:56:00,389.21,4413.1
16627.0,2011-09-21 14:38:00,322.8,322.8
16628.0,2011-04-19 08:55:00,360.65,360.65
16628.0,2011-05-05 15:44:00,352.26,712.91
16628.0,2011-07-27 09:59:00,410.63,1123.54
16628.0,2011-08-25 12:11:00,496.3,1619.84
16628.0,2011-11-10 12:45:00,568.21,2188.05
16629.0,2011-09-04 16:12:00,236.78,236.78
16629.0,2011-09-27 10:34:00,180.95,417.73
16633.0,2011-04-19 14:36:00,447.52,447.52
16633.0,2011-06-12 11:48:00,255.8,703.32
16633.0,2011-08-17 14:11:00,464.94,1168.26
16633.0,2011-09-22 15:39:00,340.74,1509.0
16633.0,2011-10-31 14:23:00,726.16,2235.16
16633.0,2011-11-22 13:41:00,647.94,2883.1
16634.0,2010-12-02 17:41:00,164.8,164.8
16634.0,2011-05-01 12:09:00,53.1,217.9
16637.0,2011-04-28 10:20:00,303.62,303.62
16637.0,2011-08-08 12:00:00,226.93,530.55
16637.0,2011-10-10 11:32:00,332.38,862.93
16637.0,2011-11-07 13:17:00,291.54,1154.47
16638.0,2010-12-06 10:19:00,50.4,50.4
16638.0,2010-12-15 12:47:00,20.4,70.8
16638.0,2011-01-14 14:02:00,142.82,213.62
16638.0,2011-02-22 09:00:00,528.27,741.89
16638.0,2011-03-07 08:30:00,215.55,957.44
16638.0,2011-03-27 15:41:00,254.0,1211.44
16638.0,2011-08-19 12:20:00,142.91,1354.35
16638.0,2011-08-25 11:31:00,75.36,1429.71
16638.0,2011-09-01 17:14:00,121.23,1550.94
16638.0,2011-11-17 11:09:00,129.78,1680.72
16639.0,2011-04-18 09:31:00,308.2,308.2
16639.0,2011-05-17 10:10:00,162.95,471.15
16639.0,2011-11-08 13:20:00,786.36,1257.51
16641.0,2011-08-26 12:49:00,231.1,231.1
16642.0,2011-05-16 12:35:00,307.73,307.73
16642.0,2011-12-05 11:31:00,380.6,688.33
16643.0,2011-04-08 08:24:00,487.51,487.51
16644.0,2011-05-11 12:53:00,722.41,722.41
16644.0,2011-06-15 12:39:00,111.37,833.78
16647.0,2011-05-19 09:31:00,127.75,127.75
16647.0,2011-06-23 11:47:00,86.31,214.06
16648.0,2011-10-28 08:58:00,290.66,290.66
16650.0,2011-09-29 09:51:00,518.42,518.42
16652.0,2011-03-11 13:13:00,1588.16,1588.16
16652.0,2011-04-13 13:51:00,25.5,1613.66
16652.0,2011-05-11 12:50:00,1440.96,3054.62
16652.0,2011-08-22 10:59:00,1388.27,4442.89
16652.0,2011-08-22 11:00:00,82.98,4525.87
16652.0,2011-10-12 09:35:00,2159.3,6685.17
16652.0,2011-10-12 09:38:00,88.8,6773.97
16653.0,2011-09-29 13:38:00,1117.86,1117.86
16653.0,2011-11-23 14:51:00,94.8,1212.66
16654.0,2010-12-06 15:09:00,227.4,227.4
16654.0,2011-04-18 15:43:00,274.45,501.85
16654.0,2011-06-05 14:38:00,35.4,537.25
16654.0,2011-07-21 15:23:00,64.02,601.27
16655.0,2011-01-12 10:16:00,812.25,812.25
16655.0,2011-06-07 07:49:00,418.45,1230.7
16655.0,2011-07-31 15:31:00,638.19,1868.89
16655.0,2011-09-25 14:37:00,1042.31,2911.2
16655.0,2011-11-09 15:09:00,613.68,3524.88
16655.0,2011-11-22 11:25:00,269.64,3794.52
16656.0,2010-12-10 11:23:00,428.76,428.76
16656.0,2011-01-04 10:23:00,310.28,739.04
16656.0,2011-02-21 10:41:00,659.28,1398.32
16656.0,2011-03-18 13:52:00,357.12,1755.44
16656.0,2011-04-26 13:00:00,708.6,2464.04
16656.0,2011-05-31 09:38:00,1093.44,3557.48
16656.0,2011-07-12 10:21:00,884.4,4441.88
16656.0,2011-07-19 16:45:00,814.48,5256.36
16656.0,2011-08-09 15:22:00,60.0,5316.36
16656.0,2011-08-11 15:05:00,940.64,6257.0
16656.0,2011-09-05 09:20:00,859.68,7116.68
16656.0,2011-09-21 09:54:00,353.58,7470.26
16656.0,2011-10-28 08:52:00,756.72,8226.98
16656.0,2011-11-09 12:20:00,103.68,8330.66
16656.0,2011-11-17 14:43:00,295.14,8625.8
16657.0,2011-03-30 12:02:00,242.55,242.55
16657.0,2011-07-14 11:45:00,203.56,446.11
16657.0,2011-11-16 12:18:00,258.24,704.35
16657.0,2011-11-30 11:48:00,229.27,933.62
16658.0,2010-12-06 13:47:00,123.24,123.24
16659.0,2011-06-03 15:03:00,39.12,39.12
16660.0,2011-01-24 12:44:00,282.6,282.6
16660.0,2011-05-13 10:44:00,101.76,384.36
16660.0,2011-11-23 12:42:00,457.2,841.56
16660.0,2011-11-23 14:53:00,426.09,1267.65
16665.0,2010-12-12 14:03:00,135.4,135.4
16666.0,2011-11-20 14:01:00,118.98,118.98
16667.0,2011-02-28 12:57:00,203.35,203.35
16667.0,2011-10-02 15:26:00,366.78,570.13
16668.0,2011-02-28 12:46:00,50.76,50.76
16668.0,2011-05-09 16:35:00,71.82,122.58
16668.0,2011-06-10 11:49:00,74.16,196.74
16668.0,2011-07-24 13:56:00,19.5,216.24
16668.0,2011-08-15 12:22:00,50.28,266.52
16668.0,2011-11-24 17:43:00,40.2,306.72
16669.0,2011-09-22 14:13:00,729.09,729.09
16669.0,2011-09-22 14:18:00,0.4,729.49
16669.0,2011-11-16 12:26:00,645.38,1374.87
16670.0,2010-12-16 10:30:00,403.61,403.61
16670.0,2011-01-11 09:20:00,369.0,772.61
16670.0,2011-01-17 17:08:00,5.9,778.51
16670.0,2011-03-02 12:18:00,615.33,1393.84
16670.0,2011-04-06 12:49:00,554.38,1948.22
16670.0,2011-06-20 10:41:00,587.54,2535.76
16670.0,2011-06-20 10:42:00,13.0,2548.76
16670.0,2011-08-25 17:22:00,691.21,3239.97
16670.0,2011-10-13 13:43:00,341.78,3581.75
16670.0,2011-11-09 17:02:00,484.15,4065.9
16670.0,2011-11-23 09:34:00,30.0,4095.9
16671.0,2011-06-28 11:20:00,1382.88,1382.88
16671.0,2011-11-04 09:32:00,156.75,1539.63
16671.0,2011-11-11 13:40:00,152.64,1692.27
16672.0,2011-03-18 10:15:00,1175.44,1175.44
16672.0,2011-04-06 14:03:00,480.9,1656.34
16672.0,2011-04-12 13:20:00,302.4,1958.74
16672.0,2011-04-20 14:06:00,60.0,2018.74
16672.0,2011-04-28 10:15:00,438.0,2456.74
16672.0,2011-05-09 09:46:00,681.5,3138.24
16672.0,2011-05-19 15:30:00,249.3,3387.54
16672.0,2011-05-19 15:31:00,100.8,3488.34
16672.0,2011-06-02 13:29:00,352.8,3841.14
16672.0,2011-06-08 12:36:00,313.2,4154.34
16672.0,2011-06-16 10:48:00,305.4,4459.74
16672.0,2011-06-16 10:49:00,180.0,4639.74
16672.0,2011-06-28 11:38:00,361.8,5001.54
16672.0,2011-07-28 09:32:00,585.0,5586.54
16672.0,2011-08-04 14:33:00,318.5,5905.04
16672.0,2011-08-19 14:43:00,398.7,6303.74
16672.0,2011-09-01 14:58:00,608.1,6911.84
16672.0,2011-09-28 11:49:00,415.5,7327.34
16672.0,2011-11-04 09:44:00,537.6,7864.94
16672.0,2011-12-07 16:29:00,270.0,8134.94
16674.0,2011-09-02 13:59:00,122.2,122.2
16674.0,2011-10-16 11:31:00,197.41,319.61
16676.0,2011-01-06 13:00:00,464.82,464.82
16676.0,2011-04-20 15:32:00,329.24,794.06
16676.0,2011-05-10 15:10:00,304.44,1098.5
16676.0,2011-11-06 12:01:00,493.62,1592.12
16678.0,2011-03-02 09:24:00,312.18,312.18
16678.0,2011-04-03 13:24:00,282.6,594.78
16678.0,2011-04-13 17:31:00,147.3,742.08
16678.0,2011-05-04 13:52:00,223.22,965.3
16678.0,2011-05-26 08:38:00,301.35,1266.65
16678.0,2011-07-17 13:07:00,236.94,1503.59
16678.0,2011-08-12 16:07:00,326.75,1830.34
16678.0,2011-09-02 10:24:00,306.96,2137.3
16678.0,2011-11-03 12:18:00,301.2,2438.5
16678.0,2011-11-28 09:14:00,39.0,2477.5
16678.0,2011-11-29 13:17:00,308.55,2786.05
16678.0,2011-12-07 12:17:00,323.94,3109.99
16679.0,2010-12-08 13:51:00,129.75,129.75
16680.0,2011-10-27 17:35:00,183.7,183.7
16681.0,2011-03-31 13:46:00,301.6,301.6
16681.0,2011-04-26 08:57:00,314.92,616.52
16681.0,2011-05-18 16:52:00,259.32,875.84
16681.0,2011-07-18 10:21:00,456.84,1332.68
16681.0,2011-09-23 10:04:00,417.5,1750.18
16681.0,2011-09-28 11:11:00,20.16,1770.34
16682.0,2011-06-05 11:02:00,525.5,525.5
16682.0,2011-07-04 10:42:00,100.8,626.3
16682.0,2011-09-08 15:16:00,183.92,810.22
16682.0,2011-10-13 15:47:00,106.92,917.14
16682.0,2011-12-05 12:13:00,110.86,1028.0
16684.0,2010-12-16 17:34:00,436.86,436.86
16684.0,2010-12-16 17:36:00,302.4,739.26
16684.0,2010-12-19 11:38:00,2062.44,2801.7
16684.0,2010-12-20 09:41:00,311.7,3113.4
16684.0,2011-02-03 12:00:00,6549.12,9662.52
16684.0,2011-02-16 15:51:00,149.46,9811.98
16684.0,2011-03-18 13:18:00,4666.44,14478.42
16684.0,2011-03-18 13:20:00,152.64,14631.06
16684.0,2011-04-13 10:19:00,3694.36,18325.42
16684.0,2011-04-13 10:20:00,324.0,18649.42
16684.0,2011-05-18 10:47:00,5176.12,23825.54
16684.0,2011-05-18 10:48:00,427.8,24253.34
16684.0,2011-05-18 10:50:00,822.6,25075.94
16684.0,2011-07-24 13:11:00,7138.12,32214.06
16684.0,2011-07-24 13:12:00,711.84,32925.9
16684.0,2011-07-24 13:13:00,324.0,33249.9
16684.0,2011-07-24 13:14:00,201.6,33451.5
16684.0,2011-07-29 15:12:00,432.0,33883.5
16684.0,2011-10-05 10:06:00,13760.02,47643.52
16684.0,2011-10-05 10:09:00,2487.4,50130.92
16684.0,2011-10-05 10:10:00,1800.0,51930.92
16684.0,2011-10-19 12:28:00,1133.48,53064.4
16684.0,2011-11-03 09:28:00,5500.38,58564.78
16684.0,2011-11-04 07:46:00,1494.0,60058.78
16684.0,2011-11-28 15:34:00,976.8,61035.58
16684.0,2011-11-28 15:35:00,216.0,61251.58
16684.0,2011-12-05 14:06:00,5401.98,66653.56
16685.0,2011-10-09 13:44:00,241.74,241.74
16685.0,2011-10-09 13:58:00,82.5,324.24
16686.0,2010-12-19 14:41:00,364.98,364.98
16686.0,2011-02-07 11:56:00,340.77,705.75
16686.0,2011-04-15 13:56:00,141.68,847.43
16686.0,2011-05-29 14:08:00,382.14,1229.57
16686.0,2011-08-28 12:31:00,835.95,2065.52
16686.0,2011-09-02 17:38:00,414.19,2479.71
16686.0,2011-10-23 13:49:00,583.12,3062.83
16688.0,2011-10-10 12:23:00,183.75,183.75
16688.0,2011-10-27 16:11:00,647.77,831.52
16688.0,2011-11-29 17:12:00,283.64,1115.16
16688.0,2011-12-08 15:24:00,145.7,1260.86
16689.0,2011-09-18 13:29:00,294.16,294.16
16689.0,2011-09-25 11:39:00,128.44,422.6
16690.0,2011-05-22 10:53:00,86.5,86.5
16690.0,2011-09-28 15:02:00,139.08,225.58
16692.0,2011-02-23 15:41:00,8.5,8.5
16692.0,2011-03-28 14:46:00,1267.5,1276.0
16693.0,2011-03-13 11:06:00,157.56,157.56
16693.0,2011-10-02 11:10:00,324.45,482.01
16696.0,2011-04-05 15:20:00,35.4,35.4
16696.0,2011-05-10 11:31:00,404.7,440.1
16696.0,2011-05-20 14:56:00,118.8,558.9
16696.0,2011-07-27 14:23:00,99.0,657.9
16697.0,2011-04-12 17:12:00,112.75,112.75
16698.0,2011-03-31 13:33:00,1182.0,1182.0
16698.0,2011-04-27 10:52:00,816.0,1998.0
16700.0,2010-12-08 16:34:00,336.94,336.94
16700.0,2011-01-27 12:19:00,508.36,845.3
16700.0,2011-02-15 12:40:00,433.0,1278.3
16700.0,2011-03-24 13:25:00,483.3,1761.6
16700.0,2011-04-18 13:43:00,405.16,2166.76
16700.0,2011-05-05 09:18:00,378.24,2545.0
16700.0,2011-05-22 14:53:00,403.23,2948.23
16700.0,2011-06-13 08:40:00,394.42,3342.65
16700.0,2011-07-12 13:16:00,446.08,3788.73
16700.0,2011-08-10 09:52:00,307.22,4095.95
16700.0,2011-09-20 09:31:00,327.67,4423.62
16700.0,2011-11-10 10:10:00,369.12,4792.74
16700.0,2011-12-01 11:00:00,283.81,5076.55
16701.0,2010-12-13 11:51:00,476.76,476.76
16701.0,2011-01-12 11:51:00,366.12,842.88
16701.0,2011-02-14 12:53:00,379.74,1222.62
16701.0,2011-03-27 12:36:00,353.3,1575.92
16701.0,2011-05-18 11:08:00,319.25,1895.17
16701.0,2011-06-03 11:46:00,303.12,2198.29
16701.0,2011-06-19 12:19:00,373.5,2571.79
16701.0,2011-07-11 13:05:00,21.96,2593.75
16701.0,2011-07-11 13:19:00,1080.65,3674.4
16701.0,2011-08-02 12:11:00,376.02,4050.42
16701.0,2011-10-17 09:57:00,720.56,4770.98
16701.0,2011-10-26 12:31:00,128.88,4899.86
16701.0,2011-12-01 11:10:00,498.44,5398.3
16705.0,2010-12-16 10:51:00,920.52,920.52
16705.0,2010-12-16 10:52:00,211.2,1131.72
16705.0,2011-02-01 13:26:00,2489.11,3620.83
16705.0,2011-04-12 13:38:00,1311.9,4932.73
16705.0,2011-04-12 13:39:00,96.0,5028.73
16705.0,2011-05-16 12:03:00,1203.32,6232.05
16705.0,2011-05-16 12:04:00,343.44,6575.49
16705.0,2011-05-16 12:05:00,33.0,6608.49
16705.0,2011-07-18 12:15:00,1585.94,8194.43
16705.0,2011-09-02 09:24:00,1585.92,9780.35
16705.0,2011-09-25 14:44:00,322.94,10103.29
16705.0,2011-09-26 13:17:00,57.48,10160.77
16705.0,2011-10-20 15:45:00,143.4,10304.17
16705.0,2011-10-20 15:47:00,302.58,10606.75
16705.0,2011-10-31 14:36:00,1976.58,12583.33
16705.0,2011-11-28 11:42:00,1080.48,13663.81
16705.0,2011-11-28 11:43:00,16.5,13680.31
16705.0,2011-11-28 11:44:00,69.36,13749.67
16705.0,2011-11-28 11:45:00,34.8,13784.47
16705.0,2011-12-09 12:08:00,250.52,14034.99
16706.0,2011-08-17 15:53:00,291.53,291.53
16706.0,2011-09-02 13:41:00,120.02,411.55
16706.0,2011-11-02 13:50:00,119.8,531.35
16708.0,2011-10-25 12:20:00,656.63,656.63
16709.0,2011-03-03 10:55:00,1120.53,1120.53
16709.0,2011-04-08 12:28:00,149.9,1270.43
16709.0,2011-05-24 11:45:00,580.36,1850.79
16709.0,2011-05-24 11:46:00,133.8,1984.59
16709.0,2011-09-16 10:56:00,1045.28,3029.87
16710.0,2010-12-06 13:13:00,375.47,375.47
16710.0,2010-12-14 14:11:00,149.5,524.97
16710.0,2011-03-08 12:07:00,122.61,647.58
16710.0,2011-03-20 13:52:00,242.0,889.58
16710.0,2011-05-10 15:05:00,324.76,1214.34
16710.0,2011-05-16 15:53:00,423.3,1637.64
16710.0,2011-07-24 14:21:00,206.25,1843.89
16710.0,2011-09-26 16:15:00,249.7,2093.59
16710.0,2011-11-20 13:16:00,360.05,2453.64
16710.0,2011-11-20 14:50:00,29.4,2483.04
16711.0,2010-12-17 12:43:00,214.2,214.2
16711.0,2011-02-10 14:46:00,384.6,598.8
16711.0,2011-07-22 14:23:00,311.07,909.87
16711.0,2011-11-13 11:51:00,445.56,1355.43
16711.0,2011-12-06 16:32:00,295.6,1651.03
16712.0,2011-03-08 15:07:00,370.77,370.77
16712.0,2011-03-29 16:05:00,351.01,721.78
16712.0,2011-05-11 15:08:00,416.45,1138.23
16712.0,2011-05-11 15:13:00,66.14,1204.37
16712.0,2011-06-14 12:41:00,393.78,1598.15
16712.0,2011-08-02 13:15:00,168.05,1766.2
16712.0,2011-08-23 12:37:00,250.86,2017.06
16712.0,2011-09-05 16:27:00,482.8,2499.86
16712.0,2011-11-21 15:57:00,895.97,3395.83
16712.0,2011-11-30 13:48:00,249.6,3645.43
16713.0,2010-12-08 13:01:00,414.43,414.43
16713.0,2010-12-20 12:51:00,344.11,758.54
16713.0,2011-02-08 14:34:00,459.36,1217.9
16713.0,2011-02-18 10:03:00,398.22,1616.12
16713.0,2011-03-23 15:00:00,197.05,1813.17
16713.0,2011-04-06 14:25:00,305.26,2118.43
16713.0,2011-04-12 12:56:00,341.0,2459.43
16713.0,2011-04-18 11:29:00,152.2,2611.63
16713.0,2011-06-20 13:14:00,529.67,3141.3
16713.0,2011-07-19 11:03:00,460.14,3601.44
16713.0,2011-08-16 12:12:00,369.33,3970.77
16713.0,2011-09-27 13:49:00,629.2,4599.97
16713.0,2011-10-04 11:33:00,702.04,5302.01
16713.0,2011-11-16 15:33:00,1115.52,6417.53
16713.0,2011-11-21 12:36:00,505.6,6923.13
16714.0,2011-01-26 13:40:00,1136.58,1136.58
16714.0,2011-01-26 13:46:00,9.95,1146.53
16714.0,2011-05-05 11:09:00,15.0,1161.53
16715.0,2011-09-22 18:15:00,301.72,301.72
16716.0,2011-02-01 15:35:00,734.4,734.4
16716.0,2011-03-18 10:03:00,166.8,901.2
16717.0,2010-12-08 16:48:00,307.25,307.25
16717.0,2011-06-20 10:34:00,298.44,605.69
16717.0,2011-06-30 11:49:00,530.47,1136.16
16717.0,2011-09-05 10:27:00,423.5,1559.66
16717.0,2011-11-07 16:50:00,303.16,1862.82
16717.0,2011-11-16 12:16:00,1995.56,3858.38
16718.0,2010-12-05 13:03:00,623.75,623.75
16719.0,2010-12-06 12:06:00,430.73,430.73
16719.0,2011-01-05 11:52:00,152.45,583.18
16719.0,2011-02-24 11:11:00,169.33,752.51
16719.0,2011-04-18 10:21:00,225.72,978.23
16719.0,2011-07-14 09:54:00,308.2,1286.43
16719.0,2011-09-26 10:39:00,211.32,1497.75
16719.0,2011-11-25 09:27:00,292.67,1790.42
16720.0,2011-11-13 16:22:00,155.24,155.24
16721.0,2011-03-22 16:08:00,292.47,292.47
16722.0,2010-12-06 12:59:00,480.68,480.68
16722.0,2010-12-08 15:38:00,318.84,799.52
16722.0,2011-02-24 15:39:00,314.36,1113.88
16722.0,2011-04-26 08:33:00,451.6,1565.48
16722.0,2011-05-23 11:52:00,397.78,1963.26
16722.0,2011-06-09 10:06:00,290.2,2253.46
16722.0,2011-07-06 17:25:00,311.46,2564.92
16722.0,2011-07-22 10:48:00,374.28,2939.2
16722.0,2011-08-25 12:33:00,295.3,3234.5
16722.0,2011-09-01 11:38:00,422.08,3656.58
16722.0,2011-10-05 09:52:00,314.5,3971.08
16722.0,2011-10-19 16:41:00,450.37,4421.45
16722.0,2011-11-22 13:28:00,309.36,4730.81
16723.0,2011-08-24 11:31:00,424.15,424.15
16723.0,2011-09-09 13:01:00,165.0,589.15
16725.0,2010-12-03 16:02:00,122.15,122.15
16725.0,2010-12-15 16:32:00,203.6,325.75
16725.0,2010-12-15 16:38:00,1.45,327.2
16725.0,2011-01-04 15:24:00,112.3,439.5
16725.0,2011-01-27 16:49:00,116.4,555.9
16725.0,2011-02-04 14:08:00,123.78,679.68
16725.0,2011-02-10 16:52:00,101.34,781.02
16726.0,2010-12-13 13:28:00,129.57,129.57
16726.0,2011-02-18 13:26:00,413.22,542.79
16726.0,2011-02-18 13:29:00,61.0,603.79
16726.0,2011-05-27 13:00:00,191.4,795.19
16726.0,2011-11-13 14:53:00,586.83,1382.02
16727.0,2010-12-10 13:48:00,272.82,272.82
16728.0,2011-03-20 13:28:00,224.49,224.49
16728.0,2011-04-17 11:04:00,102.44,326.93
16728.0,2011-06-26 11:58:00,24.84,351.77
16728.0,2011-06-26 11:59:00,198.23,550.0
16728.0,2011-10-24 14:36:00,504.67,1054.67
16729.0,2011-04-12 14:22:00,504.27,504.27
16729.0,2011-04-18 14:27:00,273.71,777.98
16729.0,2011-04-26 13:02:00,604.73,1382.71
16729.0,2011-04-26 13:04:00,7.25,1389.96
16729.0,2011-05-06 11:20:00,190.54,1580.5
16729.0,2011-05-09 13:28:00,351.83,1932.33
16729.0,2011-05-09 13:43:00,37.5,1969.83
16729.0,2011-05-16 12:53:00,533.7,2503.53
16729.0,2011-05-23 15:33:00,330.6,2834.13
16729.0,2011-06-02 12:08:00,294.69,3128.82
16729.0,2011-06-10 13:18:00,249.49,3378.31
16729.0,2011-06-16 11:38:00,112.88,3491.19
16729.0,2011-07-05 11:49:00,504.98,3996.17
16729.0,2011-07-20 12:45:00,299.28,4295.45
16729.0,2011-07-29 12:41:00,325.63,4621.08
16729.0,2011-08-17 12:24:00,395.37,5016.45
16729.0,2011-09-01 16:18:00,346.98,5363.43
16729.0,2011-09-15 13:28:00,354.45,5717.88
16729.0,2011-09-30 12:35:00,454.33,6172.21
16729.0,2011-10-17 13:57:00,493.05,6665.26
16729.0,2011-11-01 14:29:00,574.66,7239.92
16730.0,2011-01-24 14:01:00,187.02,187.02
16730.0,2011-04-19 12:41:00,293.92,480.94
16730.0,2011-10-18 14:11:00,262.17,743.11
16732.0,2011-11-08 09:54:00,603.75,603.75
16734.0,2011-08-17 15:00:00,303.21,303.21
16734.0,2011-08-17 15:02:00,2.95,306.16
16734.0,2011-10-18 13:44:00,344.35,650.51
16735.0,2011-01-09 12:53:00,660.36,660.36
16735.0,2011-04-14 12:12:00,437.56,1097.92
16735.0,2011-09-02 10:20:00,770.93,1868.85
16735.0,2011-09-02 10:21:00,125.45,1994.3
16735.0,2011-09-22 11:49:00,306.26,2300.56
16737.0,2011-10-17 13:03:00,417.6,417.6
16738.0,2011-02-15 09:46:00,3.75,3.75
16739.0,2011-06-16 09:17:00,323.0,323.0
16742.0,2011-10-24 12:02:00,464.9,464.9
16743.0,2010-12-16 12:15:00,430.28,430.28
16743.0,2011-03-10 13:07:00,360.78,791.06
16743.0,2011-05-12 12:57:00,270.69,1061.75
16743.0,2011-07-07 12:29:00,28.88,1090.63
16743.0,2011-07-07 12:36:00,428.49,1519.12
16743.0,2011-08-18 18:15:00,366.74,1885.86
16743.0,2011-11-10 13:13:00,352.23,2238.09
16744.0,2011-06-19 15:13:00,109.96,109.96
16744.0,2011-07-17 14:42:00,131.73,241.69
16744.0,2011-09-04 12:10:00,161.82,403.51
16744.0,2011-09-25 11:22:00,225.02,628.53
16744.0,2011-10-23 12:08:00,280.2,908.73
16744.0,2011-11-06 12:23:00,113.03,1021.76
16744.0,2011-11-28 13:06:00,283.0,1304.76
16745.0,2011-02-01 11:31:00,239.3,239.3
16745.0,2011-02-06 14:43:00,203.82,443.12
16745.0,2011-02-17 12:33:00,304.65,747.77
16745.0,2011-02-27 12:48:00,486.65,1234.42
16745.0,2011-03-10 12:16:00,541.1,1775.52
16745.0,2011-03-24 12:21:00,515.9,2291.42
16745.0,2011-04-07 13:11:00,267.1,2558.52
16745.0,2011-05-03 11:34:00,467.7,3026.22
16745.0,2011-05-12 12:11:00,561.81,3588.03
16745.0,2011-06-09 12:21:00,535.01,4123.04
16745.0,2011-06-14 11:26:00,246.49,4369.53
16745.0,2011-06-30 19:13:00,294.65,4664.18
16745.0,2011-07-19 12:19:00,513.48,5177.66
16745.0,2011-08-01 13:54:00,422.07,5599.73
16745.0,2011-08-12 16:10:00,311.2,5910.93
16745.0,2011-09-02 13:10:00,461.77,6372.7
16745.0,2011-09-14 11:58:00,821.6,7194.3
16746.0,2010-12-16 11:43:00,311.64,311.64
16746.0,2011-01-16 10:42:00,391.1,702.74
16746.0,2011-02-20 10:56:00,560.15,1262.89
16746.0,2011-03-17 16:10:00,300.0,1562.89
16746.0,2011-04-18 11:59:00,501.84,2064.73
16746.0,2011-04-18 12:42:00,20.85,2085.58
16746.0,2011-05-03 12:13:00,481.64,2567.22
16746.0,2011-05-29 15:35:00,321.96,2889.18
16746.0,2011-07-01 12:09:00,587.3,3476.48
16746.0,2011-07-18 15:14:00,300.18,3776.66
16746.0,2011-08-12 13:40:00,337.0,4113.66
16746.0,2011-08-31 09:10:00,307.42,4421.08
16746.0,2011-09-15 18:05:00,397.17,4818.25
16746.0,2011-09-25 14:52:00,503.6,5321.85
16746.0,2011-11-03 16:06:00,309.01,5630.86
16746.0,2011-11-15 12:19:00,315.68,5946.54
16746.0,2011-11-28 15:17:00,301.2,6247.74
16746.0,2011-12-05 12:33:00,449.92,6697.66
16747.0,2011-10-03 10:18:00,480.2,480.2
16747.0,2011-11-02 11:37:00,355.86,836.06
16748.0,2011-01-09 13:50:00,479.0,479.0
16748.0,2011-02-03 14:51:00,130.8,609.8
16748.0,2011-05-06 11:26:00,300.4,910.2
16748.0,2011-11-02 14:52:00,339.0,1249.2
16748.0,2011-11-22 10:17:00,266.7,1515.9
16750.0,2011-04-21 16:53:00,118.7,118.7
16750.0,2011-07-26 17:27:00,199.04,317.74
16750.0,2011-08-10 14:49:00,98.38,416.12
16750.0,2011-09-27 14:31:00,93.07,509.19
16750.0,2011-10-26 12:48:00,114.74,623.93
16751.0,2011-11-09 10:48:00,1764.72,1764.72
16752.0,2010-12-02 12:18:00,207.5,207.5
16753.0,2011-10-12 13:14:00,223.92,223.92
16754.0,2010-12-02 17:38:00,2002.4,2002.4
16755.0,2011-01-28 10:47:00,316.06,316.06
16755.0,2011-04-27 14:01:00,592.41,908.47
16755.0,2011-08-17 13:21:00,588.36,1496.83
16756.0,2011-05-09 09:33:00,239.4,239.4
16757.0,2011-01-25 11:59:00,106.83,106.83
16758.0,2011-10-05 14:47:00,369.34,369.34
16759.0,2011-11-09 09:06:00,107.95,107.95
16759.0,2011-11-09 09:07:00,310.9,418.85
16759.0,2011-12-02 12:42:00,370.94,789.79
16761.0,2011-09-04 11:15:00,316.62,316.62
16762.0,2011-07-18 12:52:00,314.15,314.15
16762.0,2011-10-25 10:17:00,573.45,887.6
16762.0,2011-11-20 11:43:00,613.78,1501.38
16763.0,2011-05-25 11:52:00,611.85,611.85
16764.0,2011-07-19 17:17:00,176.68,176.68
16764.0,2011-07-31 11:38:00,172.96,349.64
16764.0,2011-08-05 12:37:00,172.42,522.06
16764.0,2011-09-01 16:46:00,260.49,782.55
16764.0,2011-09-15 17:07:00,110.93,893.48
16764.0,2011-09-28 12:36:00,192.24,1085.72
16764.0,2011-10-07 11:32:00,237.86,1323.58
16764.0,2011-10-28 13:00:00,249.78,1573.36
16764.0,2011-11-08 12:32:00,355.77,1929.13
16764.0,2011-11-18 12:27:00,222.43,2151.56
16764.0,2011-11-25 13:45:00,275.62,2427.18
16764.0,2011-11-30 11:30:00,169.2,2596.38
16764.0,2011-12-06 11:41:00,202.87,2799.25
16765.0,2011-02-18 15:41:00,34.0,34.0
16766.0,2011-03-11 13:34:00,572.8,572.8
16766.0,2011-03-11 15:22:00,572.8,1145.6
16767.0,2011-01-27 13:38:00,1866.02,1866.02
16767.0,2011-03-24 15:02:00,364.84,2230.86
16767.0,2011-05-04 16:36:00,418.2,2649.06
16767.0,2011-06-10 10:49:00,399.18,3048.24
16767.0,2011-07-27 10:52:00,618.5,3666.74
16767.0,2011-08-18 12:41:00,567.62,4234.36
16767.0,2011-09-07 09:15:00,591.14,4825.5
16767.0,2011-11-09 09:38:00,359.46,5184.96
16767.0,2011-11-09 09:40:00,271.36,5456.32
16767.0,2011-11-09 09:41:00,83.2,5539.52
16767.0,2011-11-09 09:42:00,41.08,5580.6
16768.0,2011-03-13 10:25:00,183.25,183.25
16768.0,2011-08-28 10:43:00,103.24,286.49
16768.0,2011-10-23 10:38:00,191.6,478.09
16769.0,2011-03-24 13:41:00,380.39,380.39
16770.0,2010-12-02 15:49:00,130.8,130.8
16770.0,2010-12-16 15:45:00,131.4,262.2
16770.0,2011-01-30 13:51:00,269.3,531.5
16770.0,2011-04-17 12:49:00,124.98,656.48
16770.0,2011-10-13 12:21:00,113.62,770.1
16771.0,2011-01-05 13:57:00,296.66,296.66
16771.0,2011-02-02 14:37:00,654.96,951.62
16771.0,2011-03-09 13:56:00,704.33,1655.95
16771.0,2011-09-25 14:52:00,446.56,2102.51
16771.0,2011-11-06 13:28:00,144.3,2246.81
16773.0,2011-10-13 14:37:00,171.59,171.59
16774.0,2011-06-14 12:45:00,143.4,143.4
16774.0,2011-07-20 13:09:00,160.8,304.2
16774.0,2011-08-15 12:57:00,238.0,542.2
16774.0,2011-10-03 12:41:00,119.32,661.52
16775.0,2010-12-07 15:15:00,231.9,231.9
16775.0,2011-01-13 15:18:00,174.15,406.05
16775.0,2011-02-21 15:30:00,171.05,577.1
16775.0,2011-05-18 11:14:00,114.7,691.8
16775.0,2011-06-29 16:07:00,114.35,806.15
16775.0,2011-07-01 15:39:00,111.7,917.85
16775.0,2011-07-29 15:51:00,147.07,1064.92
16775.0,2011-08-09 15:12:00,109.63,1174.55
16775.0,2011-09-28 16:35:00,183.53,1358.08
16775.0,2011-10-13 15:23:00,208.43,1566.51
16775.0,2011-11-29 15:22:00,129.15,1695.66
16776.0,2011-10-10 13:04:00,388.28,388.28
16777.0,2011-03-27 14:34:00,177.25,177.25
16777.0,2011-09-20 13:41:00,49.1,226.35
16778.0,2011-03-10 15:21:00,93.18,93.18
16778.0,2011-09-26 13:48:00,152.76,245.94
16779.0,2010-12-08 09:56:00,356.91,356.91
16779.0,2010-12-12 12:26:00,330.92,687.83
16779.0,2011-01-07 12:45:00,434.95,1122.78
16779.0,2011-01-12 10:20:00,314.0,1436.78
16779.0,2011-01-31 14:59:00,265.05,1701.83
16779.0,2011-02-08 14:15:00,364.32,2066.15
16779.0,2011-03-08 10:39:00,431.58,2497.73
16779.0,2011-03-18 11:39:00,302.6,2800.33
16779.0,2011-04-10 12:36:00,480.34,3280.67
16779.0,2011-05-04 13:12:00,500.09,3780.76
16779.0,2011-06-09 16:44:00,480.96,4261.72
16779.0,2011-06-17 09:54:00,387.66,4649.38
16779.0,2011-06-29 14:53:00,406.46,5055.84
16779.0,2011-07-13 12:18:00,660.01,5715.85
16779.0,2011-08-25 10:32:00,678.88,6394.73
16779.0,2011-09-29 16:53:00,891.55,7286.28
16779.0,2011-11-07 16:17:00,743.58,8029.86
16779.0,2011-11-14 09:00:00,319.3,8349.16
16779.0,2011-11-20 10:53:00,882.86,9232.02
16779.0,2011-11-25 09:07:00,440.64,9672.66
16779.0,2011-12-07 14:52:00,344.66,10017.32
16779.0,2011-12-07 14:54:00,612.4,10629.72
16780.0,2011-03-25 17:34:00,161.89,161.89
16780.0,2011-08-31 16:09:00,263.3,425.19
16781.0,2010-12-02 14:26:00,311.25,311.25
16782.0,2010-12-09 11:28:00,371.7,371.7
16782.0,2010-12-15 11:26:00,206.29,577.99
16782.0,2011-01-27 10:02:00,339.6,917.59
16782.0,2011-03-07 16:39:00,92.8,1010.39
16782.0,2011-03-15 14:36:00,95.0,1105.39
16782.0,2011-04-28 16:39:00,112.96,1218.35
16782.0,2011-05-19 13:08:00,129.95,1348.3
16782.0,2011-07-05 10:06:00,157.4,1505.7
16782.0,2011-07-24 15:23:00,136.65,1642.35
16782.0,2011-09-23 09:26:00,161.95,1804.3
16782.0,2011-11-04 14:03:00,155.25,1959.55
16782.0,2011-11-22 09:53:00,276.85,2236.4
16782.0,2011-11-29 13:20:00,43.5,2279.9
16784.0,2011-11-20 12:20:00,107.6,107.6
16788.0,2011-03-30 13:05:00,297.17,297.17
16788.0,2011-08-08 14:53:00,300.31,597.48
16789.0,2011-12-01 15:12:00,80.8,80.8
16790.0,2011-11-02 11:23:00,664.21,664.21
16790.0,2011-11-06 14:06:00,294.24,958.45
16790.0,2011-11-07 16:19:00,177.3,1135.75
16790.0,2011-11-11 09:02:00,138.92,1274.67
16790.0,2011-11-23 14:37:00,91.45,1366.12
16790.0,2011-12-06 11:53:00,179.5,1545.62
16791.0,2011-01-11 15:42:00,255.38,255.38
16791.0,2011-03-21 14:18:00,151.9,407.28
16791.0,2011-05-10 13:24:00,155.35,562.63
16791.0,2011-05-10 13:26:00,13.52,576.15
16791.0,2011-08-09 13:22:00,224.12,800.27
16791.0,2011-10-10 16:03:00,434.55,1234.82
16791.0,2011-11-10 19:12:00,486.96,1721.78
16792.0,2011-03-02 14:39:00,100.43,100.43
16792.0,2011-03-02 14:41:00,9.95,110.38
16793.0,2011-10-13 15:08:00,243.84,243.84
16794.0,2011-06-12 14:15:00,274.74,274.74
16794.0,2011-06-13 10:54:00,3.32,278.06
16794.0,2011-07-14 19:23:00,222.13,500.19
16794.0,2011-08-23 13:51:00,128.31,628.5
16794.0,2011-09-11 15:50:00,92.38,720.88
16794.0,2011-10-23 14:41:00,111.81,832.69
16794.0,2011-11-13 12:29:00,125.48,958.17
16794.0,2011-11-13 12:40:00,2.95,961.12
16794.0,2011-11-29 12:46:00,160.93,1122.05
16794.0,2011-12-08 17:54:00,100.66,1222.71
16795.0,2010-12-09 14:08:00,414.88,414.88
16796.0,2011-09-11 14:01:00,305.62,305.62
16800.0,2011-11-28 14:06:00,1201.49,1201.49
16801.0,2011-03-11 13:56:00,751.9,751.9
16801.0,2011-05-22 12:12:00,513.93,1265.83
16801.0,2011-05-31 11:14:00,213.05,1478.88
16801.0,2011-06-29 15:33:00,140.85,1619.73
16803.0,2011-10-05 14:28:00,332.3,332.3
16804.0,2011-03-14 15:48:00,118.05,118.05
16804.0,2011-11-16 16:42:00,411.98,530.03
16804.0,2011-11-16 16:43:00,6.96,536.99
16805.0,2010-12-14 13:35:00,214.77,214.77
16805.0,2011-06-19 11:23:00,245.82,460.59
16806.0,2011-04-14 19:59:00,241.29,241.29
16806.0,2011-05-03 15:15:00,173.08,414.37
16806.0,2011-06-23 11:46:00,127.19,541.56
16806.0,2011-08-28 15:27:00,259.93,801.49
16807.0,2011-03-14 09:46:00,371.23,371.23
16807.0,2011-05-08 11:34:00,280.6,651.83
16807.0,2011-07-20 12:00:00,469.76,1121.59
16808.0,2011-03-10 19:05:00,166.5,166.5
16808.0,2011-09-01 19:34:00,121.92,288.42
16809.0,2011-03-22 15:20:00,214.28,214.28
16809.0,2011-05-15 12:53:00,128.8,343.08
16809.0,2011-07-26 14:24:00,127.61,470.69
16809.0,2011-10-09 12:44:00,149.68,620.37
16809.0,2011-11-16 15:45:00,294.32,914.69
16810.0,2011-05-31 15:32:00,309.54,309.54
16811.0,2011-11-22 17:19:00,314.77,314.77
16811.0,2011-12-05 11:39:00,232.3,547.07
16812.0,2010-12-14 12:35:00,479.35,479.35
16813.0,2011-05-19 13:28:00,206.25,206.25
16813.0,2011-06-01 12:11:00,110.55,316.8
16813.0,2011-06-19 12:26:00,146.61,463.41
16813.0,2011-07-17 11:10:00,247.44,710.85
16813.0,2011-07-31 11:26:00,188.54,899.39
16813.0,2011-08-18 13:44:00,162.79,1062.18
16813.0,2011-09-04 11:12:00,125.46,1187.64
16813.0,2011-09-22 13:50:00,112.25,1299.89
16813.0,2011-10-20 15:20:00,244.55,1544.44
16813.0,2011-12-01 14:03:00,148.54,1692.98
16814.0,2010-12-05 11:45:00,273.29,273.29
16814.0,2011-01-04 14:47:00,644.13,917.42
16814.0,2011-01-13 12:53:00,342.15,1259.57
16814.0,2011-01-18 12:46:00,193.09,1452.66
16814.0,2011-01-27 14:48:00,317.15,1769.81
16814.0,2011-02-03 11:30:00,170.7,1940.51
16814.0,2011-02-18 13:10:00,179.6,2120.11
16814.0,2011-03-28 14:43:00,460.23,2580.34
16814.0,2011-04-12 13:32:00,180.85,2761.19
16814.0,2011-04-28 11:38:00,390.85,3152.04
16814.0,2011-05-18 12:46:00,600.39,3752.43
16814.0,2011-05-31 10:43:00,420.43,4172.86
16814.0,2011-06-16 13:57:00,297.15,4470.01
16814.0,2011-07-07 11:56:00,300.03,4770.04
16814.0,2011-08-01 15:57:00,258.75,5028.79
16814.0,2011-08-23 11:51:00,177.9,5206.69
16814.0,2011-09-13 10:17:00,573.7,5780.39
16814.0,2011-10-06 14:36:00,116.32,5896.71
16814.0,2011-10-24 11:39:00,130.65,6027.36
16814.0,2011-11-16 12:51:00,273.04,6300.4
16814.0,2011-11-25 13:27:00,208.7,6509.1
16816.0,2010-12-16 17:01:00,75.78,75.78
16816.0,2011-01-30 15:40:00,249.67,325.45
16816.0,2011-07-13 11:00:00,47.24,372.69
16816.0,2011-08-28 14:16:00,44.37,417.06
16817.0,2010-12-06 14:19:00,244.2,244.2
16817.0,2010-12-15 09:49:00,123.1,367.3
16817.0,2011-03-11 10:30:00,141.45,508.75
16817.0,2011-03-25 13:30:00,6.8,515.55
16817.0,2011-04-05 10:13:00,215.9,731.45
16817.0,2011-05-05 17:42:00,217.8,949.25
16817.0,2011-06-07 10:05:00,230.18,1179.43
16817.0,2011-11-07 12:39:00,207.99,1387.42
16817.0,2011-12-07 11:03:00,217.33,1604.75
16818.0,2011-05-18 11:42:00,554.42,554.42
16818.0,2011-05-22 15:44:00,171.82,726.24
16818.0,2011-06-01 12:19:00,421.73,1147.97
16818.0,2011-06-09 15:34:00,45.2,1193.17
16818.0,2011-07-15 10:21:00,418.96,1612.13
16818.0,2011-07-26 12:24:00,87.96,1700.09
16818.0,2011-08-05 12:30:00,272.56,1972.65
16818.0,2011-08-25 15:49:00,129.75,2102.4
16818.0,2011-09-07 14:40:00,426.07,2528.47
16818.0,2011-09-29 13:38:00,693.34,3221.81
16818.0,2011-11-29 10:41:00,127.76,3349.57
16820.0,2011-09-05 12:06:00,497.61,497.61
16823.0,2011-04-26 15:00:00,358.38,358.38
16824.0,2011-06-28 13:36:00,222.9,222.9
16824.0,2011-11-24 12:38:00,237.74,460.64
16825.0,2011-06-07 09:44:00,318.7,318.7
16825.0,2011-11-01 11:51:00,456.48,775.18
16826.0,2011-10-19 14:05:00,341.7,341.7
16828.0,2011-08-19 13:24:00,113.5,113.5
16828.0,2011-09-07 15:10:00,15.0,128.5
16829.0,2011-07-06 10:48:00,197.22,197.22
16830.0,2011-11-01 11:35:00,325.91,325.91
16832.0,2011-05-06 14:12:00,58.9,58.9
16832.0,2011-05-20 14:47:00,77.75,136.65
16832.0,2011-06-08 15:36:00,62.5,199.15
16833.0,2011-01-09 13:02:00,309.48,309.48
16833.0,2011-03-25 08:52:00,344.41,653.89
16833.0,2011-03-25 08:53:00,17.4,671.29
16833.0,2011-12-08 14:39:00,435.24,1106.53
16834.0,2011-04-26 09:37:00,413.46,413.46
16835.0,2010-12-01 17:15:00,81.75,81.75
16835.0,2011-08-03 13:50:00,99.1,180.85
16836.0,2011-08-15 12:38:00,91.32,91.32
16836.0,2011-10-31 10:05:00,160.55,251.87
16837.0,2011-04-08 08:48:00,148.74,148.74
16837.0,2011-04-13 10:10:00,112.2,260.94
16837.0,2011-04-20 10:04:00,102.0,362.94
16837.0,2011-05-03 12:04:00,195.1,558.04
16837.0,2011-05-11 10:42:00,519.6,1077.64
16837.0,2011-05-26 11:36:00,75.0,1152.64
16837.0,2011-05-26 11:37:00,320.5,1473.14
16837.0,2011-05-26 11:38:00,341.6,1814.74
16837.0,2011-07-05 10:06:00,97.0,1911.74
16837.0,2011-10-11 11:49:00,737.7,2649.44
16837.0,2011-11-08 14:27:00,521.54,3170.98
16838.0,2011-02-24 15:01:00,392.12,392.12
16838.0,2011-05-26 13:13:00,196.73,588.85
16839.0,2010-12-05 11:15:00,552.24,552.24
16839.0,2011-01-07 09:55:00,427.47,979.71
16839.0,2011-01-14 15:29:00,349.2,1328.91
16839.0,2011-01-21 15:25:00,357.12,1686.03
16839.0,2011-02-08 10:15:00,602.72,2288.75
16839.0,2011-02-17 08:40:00,597.58,2886.33
16839.0,2011-03-01 14:42:00,412.32,3298.65
16839.0,2011-03-17 12:10:00,449.87,3748.52
16839.0,2011-03-23 15:41:00,335.72,4084.24
16839.0,2011-03-31 13:14:00,840.38,4924.62
16839.0,2011-05-09 13:27:00,667.61,5592.23
16839.0,2011-05-19 16:47:00,682.4,6274.63
16839.0,2011-05-27 09:32:00,366.56,6641.19
16839.0,2011-06-07 08:21:00,402.08,7043.27
16839.0,2011-06-20 15:47:00,488.54,7531.81
16839.0,2011-06-20 15:48:00,215.6,7747.41
16839.0,2011-07-01 12:52:00,416.96,8164.37
16839.0,2011-07-12 12:07:00,834.52,8998.89
16839.0,2011-07-22 12:09:00,422.4,9421.29
16839.0,2011-07-31 10:28:00,458.94,9880.23
16839.0,2011-08-10 12:48:00,457.25,10337.48
16839.0,2011-08-22 10:42:00,531.8,10869.28
16839.0,2011-09-12 14:54:00,987.94,11857.22
16839.0,2011-09-20 15:29:00,351.9,12209.12
16839.0,2011-09-26 15:13:00,418.82,12627.94
16839.0,2011-10-07 11:38:00,352.72,12980.66
16839.0,2011-10-14 15:50:00,350.22,13330.88
16839.0,2011-11-02 10:07:00,599.25,13930.13
16839.0,2011-11-04 08:12:00,466.84,14396.97
16839.0,2011-11-09 08:41:00,450.4,14847.37
16839.0,2011-11-16 13:20:00,434.5,15281.87
16839.0,2011-11-17 16:43:00,472.0,15753.87
16839.0,2011-12-01 09:02:00,352.56,16106.43
16839.0,2011-12-01 09:03:00,487.92,16594.35
16841.0,2011-02-25 12:40:00,317.38,317.38
16841.0,2011-05-10 10:20:00,319.12,636.5
16841.0,2011-06-07 14:38:00,306.68,943.18
16841.0,2011-06-22 12:50:00,300.06,1243.24
16841.0,2011-07-25 13:06:00,317.82,1561.06
16841.0,2011-11-03 11:51:00,308.76,1869.82
16842.0,2011-02-10 14:51:00,520.57,520.57
16842.0,2011-07-07 17:35:00,346.38,866.95
16842.0,2011-08-31 10:42:00,397.24,1264.19
16843.0,2011-01-16 16:10:00,759.06,759.06
16843.0,2011-02-22 11:58:00,1240.4,1999.46
16843.0,2011-04-12 11:34:00,394.56,2394.02
16843.0,2011-05-18 15:26:00,1026.27,3420.29
16843.0,2011-05-18 15:28:00,112.2,3532.49
16843.0,2011-05-26 14:45:00,309.41,3841.9
16843.0,2011-06-16 14:46:00,1830.72,5672.62
16843.0,2011-06-16 14:47:00,69.3,5741.92
16843.0,2011-07-13 11:34:00,535.52,6277.44
16843.0,2011-07-13 11:35:00,69.72,6347.16
16843.0,2011-07-28 14:03:00,1024.44,7371.6
16843.0,2011-09-05 09:24:00,1414.64,8786.24
16843.0,2011-09-07 10:56:00,23.0,8809.24
16843.0,2011-10-05 15:35:00,993.88,9803.12
16843.0,2011-10-05 15:36:00,15.8,9818.92
16843.0,2011-10-28 09:06:00,377.65,10196.57
16846.0,2011-10-20 13:55:00,214.32,214.32
16847.0,2011-10-27 13:29:00,193.44,193.44
16848.0,2011-10-18 08:42:00,281.42,281.42
16849.0,2011-06-06 09:16:00,124.57,124.57
16850.0,2011-01-10 11:09:00,332.41,332.41
16851.0,2011-10-19 09:48:00,111.09,111.09
16851.0,2011-10-28 12:33:00,128.37,239.46
16851.0,2011-12-05 13:32:00,102.99,342.45
16852.0,2011-06-16 15:49:00,113.06,113.06
16852.0,2011-11-29 13:22:00,31.85,144.91
16855.0,2011-10-27 16:31:00,151.2,151.2
16855.0,2011-11-16 12:03:00,177.2,328.4
16856.0,2011-11-25 08:59:00,35.4,35.4
16858.0,2010-12-06 09:52:00,375.69,375.69
16859.0,2011-03-23 13:39:00,259.84,259.84
16859.0,2011-07-18 12:19:00,487.97,747.81
16861.0,2011-07-04 15:38:00,70.8,70.8
16861.0,2011-10-11 09:05:00,102.96,173.76
16863.0,2010-12-08 08:58:00,164.25,164.25
16863.0,2011-11-08 15:26:00,338.55,502.8
16866.0,2011-07-01 12:34:00,108.95,108.95
16866.0,2011-07-10 10:14:00,45.0,153.95
16866.0,2011-07-22 10:06:00,53.79,207.74
16869.0,2011-06-17 13:01:00,233.53,233.53
16869.0,2011-06-27 12:16:00,154.15,387.68
16869.0,2011-10-19 12:34:00,304.72,692.4
16869.0,2011-11-17 12:02:00,133.02,825.42
16871.0,2011-03-14 10:31:00,535.02,535.02
16871.0,2011-03-29 11:39:00,35.04,570.06
16871.0,2011-03-29 11:42:00,357.25,927.31
16871.0,2011-05-13 11:44:00,1110.51,2037.82
16871.0,2011-09-11 15:59:00,329.44,2367.26
16871.0,2011-11-17 19:27:00,445.08,2812.34
16872.0,2011-06-08 14:32:00,388.36,388.36
16872.0,2011-08-26 15:38:00,76.32,464.68
16872.0,2011-09-23 16:05:00,215.34,680.02
16873.0,2010-12-10 15:45:00,2157.64,2157.64
16873.0,2011-04-08 15:34:00,528.93,2686.57
16873.0,2011-05-26 10:43:00,546.88,3233.45
16873.0,2011-08-04 15:33:00,638.02,3871.47
16873.0,2011-10-09 12:20:00,1397.32,5268.79
16873.0,2011-12-05 12:05:00,1854.83,7123.62
16875.0,2011-01-04 10:37:00,368.8,368.8
16875.0,2011-02-16 12:59:00,398.79,767.59
16875.0,2011-02-16 13:02:00,37.5,805.09
16875.0,2011-07-18 11:41:00,333.11,1138.2
16875.0,2011-10-03 13:39:00,957.33,2095.53
16877.0,2011-05-15 16:13:00,77.75,77.75
16877.0,2011-07-10 16:18:00,111.23,188.98
16877.0,2011-10-30 16:15:00,269.03,458.01
16877.0,2011-11-13 16:24:00,134.77,592.78
16877.0,2011-11-20 14:04:00,135.11,727.89
16877.0,2011-11-27 13:47:00,125.83,853.72
16878.0,2011-09-16 17:39:00,13.3,13.3
16880.0,2011-06-03 16:45:00,269.88,269.88
16880.0,2011-06-19 12:58:00,144.23,414.11
16880.0,2011-06-19 13:01:00,6.95,421.06
16880.0,2011-07-10 12:25:00,269.49,690.55
16880.0,2011-08-05 13:46:00,166.36,856.91
16880.0,2011-09-01 11:22:00,252.11,1109.02
16880.0,2011-11-09 11:33:00,410.06,1519.08
16881.0,2011-10-04 10:33:00,432.0,432.0
16882.0,2011-01-26 17:43:00,9.9,9.9
16882.0,2011-04-14 14:36:00,205.8,215.7
16882.0,2011-10-04 10:42:00,489.42,705.12
16883.0,2010-12-03 10:33:00,128.03,128.03
16883.0,2011-06-05 12:51:00,148.7,276.73
16884.0,2011-11-02 10:16:00,296.76,296.76
16884.0,2011-11-02 11:52:00,133.08,429.84
16885.0,2010-12-17 17:23:00,190.65,190.65
16885.0,2011-10-19 14:22:00,127.1,317.75
16885.0,2011-11-24 13:40:00,153.76,471.51
16887.0,2011-11-04 14:07:00,194.88,194.88
16889.0,2011-01-07 10:47:00,523.05,523.05
16889.0,2011-04-10 11:24:00,705.56,1228.61
16889.0,2011-05-29 11:05:00,350.06,1578.67
16891.0,2010-12-03 11:35:00,232.26,232.26
16891.0,2011-07-21 12:14:00,205.66,437.92
16891.0,2011-09-05 11:31:00,122.22,560.14
16891.0,2011-11-03 13:50:00,133.61,693.75
16891.0,2011-12-08 11:15:00,115.95,809.7
16892.0,2011-06-09 11:35:00,102.98,102.98
16892.0,2011-11-10 13:03:00,137.04,240.02
16892.0,2011-11-24 13:06:00,150.6,390.62
16892.0,2011-12-08 13:15:00,11.8,402.42
16892.0,2011-12-08 13:18:00,123.12,525.54
16893.0,2010-12-08 12:06:00,145.93,145.93
16895.0,2011-10-06 12:15:00,219.14,219.14
16897.0,2011-01-30 11:52:00,213.03,213.03
16897.0,2011-02-13 15:02:00,76.75,289.78
16898.0,2010-12-06 12:23:00,116.08,116.08
16898.0,2011-06-15 13:35:00,203.39,319.47
16898.0,2011-11-13 15:44:00,189.34,508.81
16899.0,2010-12-14 13:11:00,170.55,170.55
16899.0,2011-05-16 15:53:00,177.0,347.55
16899.0,2011-07-13 11:33:00,162.63,510.18
16899.0,2011-09-11 10:35:00,78.1,588.28
16899.0,2011-11-20 14:31:00,381.7,969.98
16899.0,2011-12-02 12:03:00,311.58,1281.56
16900.0,2011-10-07 13:17:00,752.68,752.68
16900.0,2011-11-20 12:13:00,125.48,878.16
16900.0,2011-11-23 10:32:00,8.95,887.11
16902.0,2011-08-15 14:17:00,1706.88,1706.88
16903.0,2011-11-10 15:32:00,373.24,373.24
16904.0,2010-12-07 13:29:00,322.8,322.8
16904.0,2010-12-07 13:30:00,15.9,338.7
16904.0,2011-01-19 11:38:00,192.26,530.96
16904.0,2011-02-14 14:14:00,101.45,632.41
16904.0,2011-03-24 12:11:00,433.29,1065.7
16904.0,2011-04-28 15:13:00,222.47,1288.17
16904.0,2011-06-15 13:05:00,336.11,1624.28
16904.0,2011-06-27 11:50:00,167.59,1791.87
16904.0,2011-06-30 12:04:00,279.77,2071.64
16904.0,2011-07-15 15:32:00,187.39,2259.03
16904.0,2011-08-01 11:57:00,228.94,2487.97
16904.0,2011-08-10 16:39:00,282.97,2770.94
16904.0,2011-08-23 11:41:00,263.13,3034.07
16904.0,2011-09-06 12:25:00,15.0,3049.07
16904.0,2011-11-10 13:46:00,356.18,3405.25
16904.0,2011-12-05 13:10:00,349.02,3754.27
16905.0,2010-12-03 10:43:00,254.4,254.4
16905.0,2011-03-24 19:31:00,380.98,635.38
16905.0,2011-04-17 11:30:00,218.55,853.93
16905.0,2011-10-23 15:23:00,1205.81,2059.74
16905.0,2011-11-20 13:33:00,546.64,2606.38
16905.0,2011-11-20 13:37:00,161.35,2767.73
16905.0,2011-12-04 14:01:00,334.7,3102.43
16906.0,2011-04-05 12:30:00,114.64,114.64
16906.0,2011-05-18 12:15:00,99.0,213.64
16906.0,2011-06-06 09:04:00,181.3,394.94
16906.0,2011-09-19 11:49:00,184.83,579.77
16907.0,2010-12-09 16:52:00,182.02,182.02
16907.0,2011-02-22 15:00:00,250.68,432.7
16907.0,2011-04-19 14:56:00,151.3,584.0
16907.0,2011-07-14 17:44:00,127.88,711.88
16907.0,2011-11-10 18:04:00,269.77,981.65
16909.0,2011-09-28 16:45:00,379.14,379.14
16910.0,2011-09-09 14:14:00,111.78,111.78
16910.0,2011-09-14 14:09:00,163.08,274.86
16910.0,2011-09-22 14:42:00,290.52,565.38
16910.0,2011-09-23 13:12:00,189.7,755.08
16910.0,2011-10-07 13:16:00,135.82,890.9
16910.0,2011-10-18 13:29:00,268.77,1159.67
16910.0,2011-11-30 14:33:00,163.59,1323.26
16910.0,2011-12-05 12:51:00,186.8,1510.06
16912.0,2011-01-20 15:42:00,377.3,377.3
16912.0,2011-02-22 10:09:00,380.34,757.64
16912.0,2011-05-16 10:41:00,283.32,1040.96
16912.0,2011-05-16 10:43:00,124.7,1165.66
16912.0,2011-07-28 14:34:00,65.4,1231.06
16912.0,2011-07-28 14:35:00,327.32,1558.38
16912.0,2011-10-03 12:31:00,464.64,2023.02
16912.0,2011-10-03 12:32:00,395.93,2418.95
16912.0,2011-11-11 12:18:00,156.43,2575.38
16913.0,2011-02-22 12:56:00,113.44,113.44
16914.0,2011-11-03 15:27:00,208.46,208.46
16915.0,2011-03-01 09:52:00,54.3,54.3
16915.0,2011-04-05 13:48:00,112.49,166.79
16915.0,2011-06-24 10:11:00,41.9,208.69
16915.0,2011-08-04 13:03:00,173.7,382.39
16915.0,2011-10-26 16:07:00,129.61,512.0
16915.0,2011-11-30 16:39:00,109.68,621.68
16916.0,2010-12-02 13:14:00,198.08,198.08
16916.0,2011-11-16 12:08:00,378.18,576.26
16917.0,2011-03-08 11:55:00,391.52,391.52
16918.0,2011-01-26 17:37:00,275.78,275.78
16918.0,2011-07-03 12:38:00,247.25,523.03
16918.0,2011-09-05 13:50:00,299.67,822.7
16918.0,2011-10-07 16:03:00,206.24,1028.94
16918.0,2011-10-07 16:06:00,2.08,1031.02
16918.0,2011-10-21 12:50:00,37.8,1068.82
16919.0,2010-12-06 12:52:00,198.35,198.35
16919.0,2010-12-14 14:15:00,341.66,540.01
16919.0,2011-04-05 11:29:00,184.84,724.85
16919.0,2011-04-12 15:23:00,294.66,1019.51
16919.0,2011-04-19 12:17:00,232.22,1251.73
16919.0,2011-04-27 13:44:00,223.33,1475.06
16919.0,2011-05-06 13:31:00,116.49,1591.55
16919.0,2011-05-24 13:27:00,146.5,1738.05
16919.0,2011-05-31 15:16:00,317.3,2055.35
16919.0,2011-06-14 11:53:00,325.36,2380.71
16919.0,2011-07-06 13:35:00,215.74,2596.45
16921.0,2011-10-09 16:22:00,169.79,169.79
16923.0,2010-12-12 11:06:00,550.5,550.5
16923.0,2011-01-09 10:21:00,365.2,915.7
16923.0,2011-01-30 11:11:00,310.61,1226.31
16923.0,2011-03-06 11:28:00,655.03,1881.34
16923.0,2011-03-27 11:02:00,520.13,2401.47
16923.0,2011-04-18 12:14:00,192.33,2593.8
16923.0,2011-05-08 11:08:00,386.72,2980.52
16923.0,2011-05-17 10:27:00,130.0,3110.52
16923.0,2011-05-24 17:34:00,50.0,3160.52
16923.0,2011-06-05 11:37:00,610.77,3771.29
16923.0,2011-06-05 11:46:00,61.2,3832.49
16923.0,2011-06-19 10:55:00,174.53,4007.02
16923.0,2011-07-10 10:30:00,391.52,4398.54
16923.0,2011-09-01 14:29:00,522.97,4921.51
16923.0,2011-10-02 10:55:00,658.11,5579.62
16923.0,2011-10-30 11:22:00,529.91,6109.53
16923.0,2011-11-13 10:35:00,449.87,6559.4
16923.0,2011-11-27 12:47:00,181.6,6741.0
16923.0,2011-11-27 13:00:00,506.61,7247.61
16924.0,2011-09-16 12:54:00,271.11,271.11
16924.0,2011-10-06 11:41:00,252.54,523.65
16924.0,2011-11-18 12:53:00,323.1,846.75
16926.0,2010-12-03 13:42:00,230.25,230.25
16927.0,2010-12-13 11:57:00,218.1,218.1
16927.0,2011-03-08 13:21:00,123.35,341.45
16927.0,2011-08-16 11:10:00,201.6,543.05
16928.0,2010-12-01 15:21:00,116.25,116.25
16928.0,2011-01-21 13:07:00,101.25,217.5
16928.0,2011-02-11 11:57:00,112.5,330.0
16928.0,2011-04-01 13:34:00,135.0,465.0
16928.0,2011-04-18 16:37:00,379.56,844.56
16928.0,2011-05-08 11:56:00,105.55,950.11
16928.0,2011-06-02 13:22:00,156.2,1106.31
16928.0,2011-06-14 13:51:00,176.6,1282.91
16928.0,2011-06-28 13:55:00,174.05,1456.96
16928.0,2011-07-14 13:11:00,119.05,1576.01
16928.0,2011-08-05 11:52:00,125.0,1701.01
16928.0,2011-08-11 14:48:00,140.84,1841.85
16928.0,2011-08-18 15:41:00,109.9,1951.75
16928.0,2011-08-30 15:37:00,252.5,2204.25
16928.0,2011-09-06 13:29:00,199.3,2403.55
16928.0,2011-09-14 15:33:00,221.17,2624.72
16928.0,2011-09-20 15:10:00,222.88,2847.6
16929.0,2011-07-07 12:39:00,229.14,229.14
16929.0,2011-08-04 12:13:00,199.74,428.88
16929.0,2011-09-29 09:16:00,110.84,539.72
16929.0,2011-11-03 12:21:00,105.78,645.5
16929.0,2011-11-17 08:54:00,207.99,853.49
16929.0,2011-11-22 15:36:00,235.96,1089.45
16929.0,2011-12-06 08:37:00,205.94,1295.39
16930.0,2011-10-02 14:25:00,195.31,195.31
16930.0,2011-10-02 14:31:00,11.8,207.11
16930.0,2011-11-13 16:13:00,173.44,380.55
16931.0,2010-12-05 11:40:00,152.05,152.05
16931.0,2010-12-17 13:45:00,212.61,364.66
16931.0,2011-01-23 12:19:00,215.16,579.82
16931.0,2011-02-20 14:01:00,302.37,882.19
16931.0,2011-03-27 14:28:00,277.43,1159.62
16931.0,2011-04-10 12:22:00,147.06,1306.68
16931.0,2011-05-01 11:14:00,204.24,1510.92
16931.0,2011-05-22 11:42:00,230.61,1741.53
16931.0,2011-05-29 11:34:00,161.58,1903.11
16931.0,2011-06-19 12:05:00,184.23,2087.34
16931.0,2011-07-03 11:40:00,272.26,2359.6
16931.0,2011-07-17 12:14:00,268.76,2628.36
16931.0,2011-07-31 10:59:00,115.61,2743.97
16931.0,2011-08-28 14:28:00,174.83,2918.8
16931.0,2011-09-25 13:08:00,279.49,3198.29
16931.0,2011-10-09 13:15:00,192.25,3390.54
16931.0,2011-10-09 13:19:00,4.35,3394.89
16931.0,2011-10-23 12:46:00,300.28,3695.17
16931.0,2011-10-31 12:01:00,198.52,3893.69
16931.0,2011-11-20 14:43:00,299.09,4192.78
16931.0,2011-12-04 13:15:00,411.44,4604.22
16932.0,2011-10-17 14:12:00,161.94,161.94
16933.0,2011-04-14 13:33:00,224.73,224.73
16933.0,2011-12-08 12:54:00,338.5,563.23
16934.0,2011-10-16 12:25:00,809.98,809.98
16934.0,2011-10-16 12:40:00,140.95,950.93
16936.0,2011-11-14 11:04:00,262.68,262.68
16938.0,2011-02-04 09:34:00,267.6,267.6
16938.0,2011-06-12 13:17:00,2133.4,2401.0
16938.0,2011-06-13 11:24:00,9.75,2410.75
16938.0,2011-12-01 10:20:00,325.63,2736.38
16940.0,2011-02-23 12:27:00,757.68,757.68
16940.0,2011-06-23 13:13:00,1110.68,1868.36
16940.0,2011-10-18 13:15:00,1181.52,3049.88
16942.0,2011-04-26 11:59:00,285.04,285.04
16942.0,2011-05-04 12:20:00,270.02,555.06
16942.0,2011-05-04 12:32:00,22.9,577.96
16942.0,2011-06-03 13:43:00,330.28,908.24
16942.0,2011-06-16 12:29:00,169.66,1077.9
16942.0,2011-07-06 17:31:00,179.35,1257.25
16942.0,2011-07-26 12:57:00,191.89,1449.14
16942.0,2011-11-06 11:44:00,209.74,1658.88
16942.0,2011-11-27 12:40:00,261.71,1920.59
16943.0,2011-01-25 14:00:00,451.03,451.03
16943.0,2011-03-23 15:19:00,193.6,644.63
16943.0,2011-05-12 11:57:00,172.1,816.73
16945.0,2010-12-16 17:49:00,279.85,279.85
16945.0,2011-02-07 15:04:00,181.44,461.29
16945.0,2011-02-07 15:05:00,319.35,780.64
16945.0,2011-03-09 14:22:00,308.98,1089.62
16945.0,2011-03-09 14:23:00,79.92,1169.54
16945.0,2011-03-29 16:12:00,287.04,1456.58
16945.0,2011-05-22 11:53:00,182.6,1639.18
16945.0,2011-05-22 11:54:00,134.5,1773.68
16945.0,2011-06-28 08:38:00,310.0,2083.68
16945.0,2011-06-28 08:39:00,10.08,2093.76
16945.0,2011-07-29 12:18:00,308.71,2402.47
16945.0,2011-08-18 09:01:00,302.74,2705.21
16945.0,2011-09-02 09:48:00,301.85,3007.06
16945.0,2011-09-15 14:22:00,285.48,3292.54
16945.0,2011-10-12 15:41:00,294.22,3586.76
16945.0,2011-10-12 15:42:00,46.8,3633.56
16945.0,2011-11-08 12:18:00,407.24,4040.8
16945.0,2011-11-18 11:39:00,304.7,4345.5
16947.0,2011-04-18 09:38:00,406.48,406.48
16948.0,2011-01-18 10:58:00,69.6,69.6
16948.0,2011-03-23 08:26:00,170.94,240.54
16948.0,2011-07-24 12:46:00,194.48,435.02
16949.0,2011-01-27 12:11:00,74.42,74.42
16949.0,2011-03-30 12:24:00,127.79,202.21
16949.0,2011-05-05 12:24:00,303.54,505.75
16949.0,2011-06-07 10:34:00,388.0,893.75
16949.0,2011-10-30 11:55:00,310.48,1204.23
16949.0,2011-12-06 11:07:00,82.04,1286.27
16950.0,2010-12-07 15:20:00,172.0,172.0
16950.0,2011-08-07 13:30:00,606.41,778.41
16950.0,2011-10-14 09:06:00,400.15,1178.56
16951.0,2011-02-08 14:58:00,1053.79,1053.79
16951.0,2011-07-26 11:38:00,208.96,1262.75
16951.0,2011-07-28 12:05:00,15.0,1277.75
16952.0,2011-08-22 12:58:00,157.11,157.11
16952.0,2011-08-22 13:03:00,10.5,167.61
16953.0,2011-11-09 15:54:00,20.8,20.8
16954.0,2010-12-15 10:41:00,346.8,346.8
16954.0,2011-03-14 08:05:00,414.3,761.1
16954.0,2011-03-30 11:32:00,180.38,941.48
16954.0,2011-08-07 10:55:00,303.9,1245.38
16954.0,2011-10-10 13:11:00,225.18,1470.56
16954.0,2011-11-23 11:21:00,131.4,1601.96
16954.0,2011-11-23 11:42:00,102.0,1703.96
16954.0,2011-12-02 16:46:00,209.52,1913.48
16954.0,2011-12-09 09:46:00,171.6,2085.08
16955.0,2010-12-01 13:31:00,156.1,156.1
16955.0,2010-12-06 10:38:00,33.0,189.1
16955.0,2011-01-07 15:42:00,165.88,354.98
16955.0,2011-06-08 10:36:00,163.69,518.67
16956.0,2011-11-22 08:56:00,308.74,308.74
16957.0,2011-03-03 09:25:00,114.84,114.84
16957.0,2011-04-14 13:56:00,301.8,416.64
16959.0,2011-09-13 15:03:00,117.35,117.35
16960.0,2011-04-01 11:54:00,201.53,201.53
16960.0,2011-10-10 11:47:00,156.56,358.09
16960.0,2011-11-01 11:35:00,148.96,507.05
16961.0,2011-08-15 13:46:00,234.17,234.17
16963.0,2011-06-05 13:48:00,110.55,110.55
16965.0,2011-04-27 12:08:00,201.19,201.19
16966.0,2011-04-13 14:17:00,409.2,409.2
16966.0,2011-05-19 15:24:00,318.24,727.44
16966.0,2011-05-26 12:07:00,426.96,1154.4
16966.0,2011-06-22 15:06:00,332.16,1486.56
16966.0,2011-10-26 10:33:00,3.25,1489.81
16966.0,2011-11-24 09:13:00,279.36,1769.17
16966.0,2011-12-01 13:40:00,385.8,2154.97
16967.0,2011-06-03 14:24:00,319.02,319.02
16968.0,2011-08-24 10:51:00,253.31,253.31
16968.0,2011-12-05 15:02:00,186.12,439.43
16969.0,2011-06-01 12:10:00,397.36,397.36
16969.0,2011-07-28 13:54:00,81.6,478.96
16969.0,2011-10-31 13:12:00,171.45,650.41
16971.0,2011-11-01 15:06:00,357.21,357.21
16976.0,2011-03-17 16:33:00,251.52,251.52
16978.0,2011-09-23 12:50:00,344.33,344.33
16979.0,2011-02-15 09:20:00,347.15,347.15
16979.0,2011-07-15 08:59:00,208.5,555.65
16979.0,2011-10-19 12:01:00,343.94,899.59
16979.0,2011-11-10 16:36:00,302.64,1202.23
16979.0,2011-11-22 13:20:00,418.03,1620.26
16979.0,2011-12-06 12:21:00,231.74,1852.0
16980.0,2011-02-21 12:58:00,732.36,732.36
16980.0,2011-03-29 16:36:00,346.6,1078.96
16982.0,2011-10-10 12:28:00,384.06,384.06
16983.0,2010-12-05 12:34:00,163.49,163.49
16983.0,2011-01-23 15:34:00,195.26,358.75
16983.0,2011-03-13 13:36:00,263.59,622.34
16983.0,2011-06-12 12:50:00,262.88,885.22
16983.0,2011-09-04 11:00:00,305.08,1190.3
16983.0,2011-11-13 11:53:00,433.04,1623.34
16983.0,2011-11-27 12:10:00,307.91,1931.25
16984.0,2011-08-01 17:37:00,3226.13,3226.13
16984.0,2011-09-12 13:43:00,1255.22,4481.35
16985.0,2010-12-16 10:38:00,933.32,933.32
16985.0,2011-01-30 12:09:00,340.24,1273.56
16985.0,2011-03-16 10:24:00,680.4,1953.96
16985.0,2011-03-16 10:25:00,148.5,2102.46
16985.0,2011-05-12 09:09:00,766.9,2869.36
16985.0,2011-05-12 09:11:00,46.0,2915.36
16985.0,2011-07-05 09:33:00,663.18,3578.54
16985.0,2011-09-12 13:38:00,501.9,4080.44
16985.0,2011-11-22 12:39:00,522.98,4603.42
16985.0,2011-11-22 13:33:00,860.7,5464.12
16986.0,2011-11-09 15:52:00,83.2,83.2
16986.0,2011-11-10 11:55:00,1790.0,1873.2
16987.0,2011-05-18 15:55:00,213.05,213.05
16987.0,2011-06-13 15:09:00,114.15,327.2
16987.0,2011-06-22 16:44:00,302.25,629.45
16987.0,2011-10-16 16:09:00,369.27,998.72
16987.0,2011-10-16 16:25:00,12.75,1011.47
16987.0,2011-10-28 17:26:00,381.65,1393.12
16987.0,2011-12-06 17:26:00,231.93,1625.05
16988.0,2011-12-04 16:02:00,126.12,126.12
16989.0,2011-07-12 09:11:00,857.7,857.7
16989.0,2011-09-02 13:55:00,33.0,890.7
16989.0,2011-09-21 14:17:00,37.95,928.65
16989.0,2011-10-07 13:11:00,99.0,1027.65
16989.0,2011-11-24 17:32:00,66.0,1093.65
16989.0,2011-12-02 16:39:00,39.6,1133.25
16990.0,2011-05-05 08:30:00,179.0,179.0
16992.0,2011-02-28 10:37:00,421.6,421.6
16992.0,2011-05-24 09:20:00,249.55,671.15
16992.0,2011-09-02 08:50:00,301.2,972.35
16992.0,2011-11-03 12:18:00,427.51,1399.86
16992.0,2011-11-29 11:50:00,214.45,1614.31
16996.0,2010-12-21 13:22:00,97.84,97.84
16996.0,2010-12-21 15:09:00,29.7,127.54
16996.0,2011-03-15 14:25:00,242.4,369.94
16996.0,2011-04-08 12:56:00,330.94,700.88
16996.0,2011-08-10 14:34:00,340.9,1041.78
16996.0,2011-11-09 16:43:00,415.18,1456.96
16997.0,2011-01-18 11:51:00,390.0,390.0
16997.0,2011-02-03 15:17:00,78.0,468.0
16997.0,2011-02-24 17:28:00,234.0,702.0
16998.0,2011-02-08 15:42:00,90.0,90.0
16998.0,2011-05-19 14:24:00,189.6,279.6
16998.0,2011-05-19 14:30:00,7.5,287.1
16998.0,2011-07-13 09:44:00,7.9,295.0
16999.0,2011-09-26 15:43:00,245.83,245.83
16999.0,2011-11-16 13:53:00,238.99,484.82
17001.0,2010-12-16 09:35:00,397.96,397.96
17001.0,2011-01-24 15:59:00,374.93,772.89
17001.0,2011-03-04 10:21:00,333.2,1106.09
17001.0,2011-04-08 12:06:00,313.5,1419.59
17001.0,2011-05-16 09:02:00,382.35,1801.94
17001.0,2011-06-19 15:47:00,408.45,2210.39
17001.0,2011-08-18 15:09:00,260.7,2471.09
17001.0,2011-09-09 12:24:00,322.4,2793.49
17001.0,2011-10-24 12:54:00,430.8,3224.29
17001.0,2011-11-17 15:24:00,357.6,3581.89
17001.0,2011-12-09 09:38:00,407.68,3989.57
17002.0,2011-02-22 11:46:00,513.06,513.06
17002.0,2011-05-08 11:21:00,480.46,993.52
17002.0,2011-09-15 12:40:00,500.21,1493.73
17004.0,2011-09-08 12:16:00,1006.4,1006.4
17004.0,2011-10-24 14:25:00,406.54,1412.94
17006.0,2011-09-25 12:15:00,280.76,280.76
17006.0,2011-11-08 17:42:00,108.85,389.61
17006.0,2011-11-21 13:44:00,145.11,534.72
17006.0,2011-12-05 12:09:00,247.06,781.78
17007.0,2010-12-17 13:57:00,72.0,72.0
17007.0,2010-12-17 13:58:00,135.12,207.12
17007.0,2011-05-09 10:03:00,137.95,345.07
17007.0,2011-05-22 11:26:00,117.66,462.73
17007.0,2011-07-07 18:14:00,112.71,575.44
17007.0,2011-10-20 10:47:00,314.49,889.93
17010.0,2011-11-21 14:49:00,195.36,195.36
17011.0,2011-11-09 13:30:00,270.9,270.9
17014.0,2011-10-04 11:36:00,188.05,188.05
17014.0,2011-11-07 14:51:00,167.01,355.06
17014.0,2011-12-01 14:09:00,231.27,586.33
17015.0,2011-06-07 13:19:00,524.5,524.5
17015.0,2011-09-29 17:36:00,1045.48,1569.98
17015.0,2011-11-11 10:45:00,272.58,1842.56
17017.0,2010-12-02 10:17:00,780.12,780.12
17017.0,2010-12-02 10:18:00,97.2,877.32
17017.0,2010-12-07 11:33:00,511.8,1389.12
17017.0,2010-12-09 15:35:00,144.5,1533.62
17017.0,2010-12-14 14:42:00,824.02,2357.64
17017.0,2011-02-24 14:13:00,528.32,2885.96
17017.0,2011-03-18 15:42:00,368.36,3254.32
17017.0,2011-03-20 10:35:00,380.4,3634.72
17017.0,2011-04-13 09:48:00,267.96,3902.68
17017.0,2011-05-19 12:08:00,566.18,4468.86
17017.0,2011-05-19 12:09:00,24.96,4493.82
17017.0,2011-06-30 14:46:00,810.26,5304.08
17017.0,2011-06-30 14:47:00,30.0,5334.08
17017.0,2011-06-30 14:48:00,97.2,5431.28
17017.0,2011-09-28 09:40:00,815.04,6246.32
17017.0,2011-10-26 14:20:00,326.04,6572.36
17017.0,2011-11-16 15:35:00,456.6,7028.96
17017.0,2011-11-23 14:51:00,446.28,7475.24
17017.0,2011-11-30 09:18:00,588.42,8063.66
17017.0,2011-12-07 09:32:00,630.6,8694.26
17018.0,2011-01-18 08:46:00,405.0,405.0
17018.0,2011-10-30 11:42:00,515.1,920.1
17019.0,2010-12-06 12:55:00,358.82,358.82
17019.0,2011-01-13 11:48:00,271.09,629.91
17019.0,2011-03-23 11:16:00,366.02,995.93
17019.0,2011-11-28 13:06:00,276.68,1272.61
17022.0,2011-11-08 17:09:00,71.0,71.0
17024.0,2011-07-05 09:31:00,31.25,31.25
17024.0,2011-09-01 15:21:00,25.0,56.25
17024.0,2011-10-25 13:47:00,39.6,95.85
17025.0,2010-12-01 15:45:00,143.12,143.12
17025.0,2010-12-01 15:46:00,17.85,160.97
17025.0,2011-10-10 09:06:00,196.8,357.77
17026.0,2010-12-05 12:47:00,33.15,33.15
17026.0,2011-06-07 14:28:00,121.68,154.83
17027.0,2011-01-26 14:19:00,191.55,191.55
17027.0,2011-02-28 14:03:00,239.13,430.68
17027.0,2011-03-01 13:04:00,13.2,443.88
17027.0,2011-06-13 13:44:00,212.0,655.88
17027.0,2011-09-22 12:23:00,222.01,877.89
17027.0,2011-09-22 12:24:00,12.4,890.29
17029.0,2011-04-17 10:57:00,358.0,358.0
17029.0,2011-08-21 11:06:00,358.0,716.0
17030.0,2011-10-07 08:49:00,146.87,146.87
17031.0,2011-07-08 09:38:00,225.95,225.95
17031.0,2011-11-28 10:23:00,154.4,380.35
17033.0,2010-12-15 13:21:00,307.8,307.8
17033.0,2011-05-09 16:01:00,300.3,608.1
17033.0,2011-09-14 14:34:00,422.04,1030.14
17034.0,2011-02-25 10:10:00,141.8,141.8
17034.0,2011-09-21 08:27:00,223.08,364.88
17034.0,2011-11-23 15:14:00,380.64,745.52
17035.0,2011-02-01 12:27:00,259.51,259.51
17035.0,2011-04-08 11:23:00,174.02,433.53
17037.0,2011-09-13 12:49:00,1267.32,1267.32
17038.0,2011-11-09 13:50:00,112.4,112.4
17040.0,2011-07-25 10:19:00,449.73,449.73
17041.0,2010-12-14 11:43:00,304.5,304.5
17041.0,2011-08-23 09:53:00,446.39,750.89
17041.0,2011-11-13 11:21:00,330.68,1081.57
17042.0,2011-04-06 14:53:00,273.21,273.21
17042.0,2011-05-27 10:15:00,222.18,495.39
17042.0,2011-07-08 10:01:00,185.51,680.9
17042.0,2011-08-10 13:19:00,241.92,922.82
17042.0,2011-12-07 12:26:00,121.56,1044.38
17043.0,2011-03-18 14:53:00,174.6,174.6
17043.0,2011-06-14 13:52:00,150.37,324.97
17043.0,2011-10-19 10:56:00,768.85,1093.82
17043.0,2011-11-07 15:33:00,641.36,1735.18
17044.0,2011-11-14 14:28:00,948.48,948.48
17045.0,2011-04-06 12:08:00,39.95,39.95
17045.0,2011-07-06 15:15:00,108.4,148.35
17045.0,2011-08-18 17:09:00,191.09,339.44
17046.0,2011-07-05 14:24:00,642.02,642.02
17047.0,2011-05-18 16:50:00,439.39,439.39
17047.0,2011-05-18 16:51:00,310.04,749.43
17047.0,2011-09-15 13:27:00,351.47,1100.9
17048.0,2011-01-12 16:51:00,258.41,258.41
17048.0,2011-03-02 12:03:00,501.99,760.4
17048.0,2011-08-14 11:49:00,164.95,925.35
17049.0,2011-03-09 08:33:00,924.54,924.54
17049.0,2011-05-09 09:15:00,368.26,1292.8
17049.0,2011-05-09 09:16:00,289.0,1581.8
17049.0,2011-07-05 12:50:00,694.57,2276.37
17049.0,2011-08-14 12:33:00,330.28,2606.65
17049.0,2011-09-16 13:03:00,635.19,3241.84
17049.0,2011-10-17 13:39:00,1283.96,4525.8
17049.0,2011-11-18 13:18:00,738.18,5263.98
17049.0,2011-12-07 10:48:00,396.0,5659.98
17050.0,2011-02-13 12:41:00,131.4,131.4
17050.0,2011-02-20 14:21:00,540.94,672.34
17050.0,2011-03-06 14:15:00,841.37,1513.71
17050.0,2011-04-03 14:42:00,687.13,2200.84
17050.0,2011-06-05 15:25:00,459.75,2660.59
17050.0,2011-09-04 13:48:00,568.25,3228.84
17051.0,2011-05-29 14:13:00,247.14,247.14
17052.0,2011-11-11 14:50:00,413.75,413.75
17053.0,2011-08-01 10:23:00,498.48,498.48
17054.0,2011-04-08 13:14:00,314.07,314.07
17054.0,2011-04-18 14:32:00,298.3,612.37
17054.0,2011-05-16 12:57:00,306.45,918.82
17054.0,2011-07-25 09:58:00,288.5,1207.32
17054.0,2011-11-11 12:56:00,149.01,1356.33
17058.0,2011-04-14 09:18:00,582.72,582.72
17058.0,2011-05-24 13:50:00,236.94,819.66
17058.0,2011-09-19 10:13:00,360.23,1179.89
17059.0,2010-12-05 12:35:00,722.36,722.36
17059.0,2011-03-24 12:08:00,459.3,1181.66
17059.0,2011-05-26 13:01:00,329.01,1510.67
17059.0,2011-08-21 15:17:00,739.43,2250.1
17059.0,2011-11-10 12:27:00,844.94,3095.04
17060.0,2011-03-18 13:27:00,234.24,234.24
17061.0,2011-04-21 13:29:00,1701.5,1701.5
17061.0,2011-04-21 14:37:00,237.25,1938.75
17061.0,2011-04-26 13:06:00,38.16,1976.91
17061.0,2011-04-26 13:12:00,22.5,1999.41
17061.0,2011-05-05 08:16:00,484.12,2483.53
17061.0,2011-05-13 14:57:00,384.0,2867.53
17061.0,2011-05-31 10:24:00,382.7,3250.23
17061.0,2011-06-24 09:43:00,671.9,3922.13
17061.0,2011-07-15 13:09:00,329.3,4251.43
17061.0,2011-08-21 10:44:00,407.4,4658.83
17061.0,2011-09-27 11:24:00,573.4,5232.23
17062.0,2010-12-05 11:59:00,179.64,179.64
17062.0,2010-12-09 12:37:00,114.79,294.43
17062.0,2010-12-16 12:31:00,141.3,435.73
17062.0,2011-01-30 11:01:00,102.64,538.37
17063.0,2011-02-23 13:44:00,187.65,187.65
17063.0,2011-02-23 13:45:00,131.72,319.37
17063.0,2011-06-29 13:58:00,305.0,624.37
17063.0,2011-06-29 13:59:00,47.5,671.87
17063.0,2011-10-13 12:06:00,387.7,1059.57
17063.0,2011-10-13 12:07:00,35.4,1094.97
17063.0,2011-11-18 16:19:00,366.17,1461.14
17064.0,2011-01-16 16:10:00,147.85,147.85
17064.0,2011-06-10 10:26:00,313.45,461.3
17064.0,2011-10-12 10:18:00,398.05,859.35
17068.0,2010-12-06 13:58:00,166.15,166.15
17068.0,2010-12-16 15:07:00,131.3,297.45
17068.0,2011-01-13 09:40:00,104.0,401.45
17068.0,2011-01-31 12:16:00,453.7,855.15
17068.0,2011-03-01 09:03:00,182.7,1037.85
17068.0,2011-03-20 13:38:00,185.85,1223.7
17068.0,2011-04-14 12:00:00,422.55,1646.25
17068.0,2011-04-28 14:00:00,385.5,2031.75
17068.0,2011-05-06 15:54:00,112.05,2143.8
17068.0,2011-05-19 16:04:00,192.3,2336.1
17068.0,2011-06-03 14:42:00,312.75,2648.85
17068.0,2011-07-14 14:46:00,170.45,2819.3
17068.0,2011-07-15 13:55:00,16.5,2835.8
17068.0,2011-07-27 09:52:00,239.0,3074.8
17068.0,2011-08-21 11:15:00,206.69,3281.49
17068.0,2011-09-06 12:10:00,257.8,3539.29
17068.0,2011-09-16 12:22:00,287.4,3826.69
17068.0,2011-10-06 14:28:00,108.35,3935.04
17068.0,2011-10-21 12:05:00,307.32,4242.36
17068.0,2011-11-13 13:50:00,141.44,4383.8
17068.0,2011-11-27 13:14:00,168.34,4552.14
17069.0,2010-12-01 16:49:00,277.05,277.05
17069.0,2010-12-20 10:00:00,306.15,583.2
17069.0,2011-04-11 08:14:00,476.37,1059.57
17069.0,2011-04-27 11:32:00,13.5,1073.07
17069.0,2011-07-07 14:30:00,422.72,1495.79
17069.0,2011-09-19 09:10:00,545.78,2041.57
17069.0,2011-09-23 08:25:00,17.34,2058.91
17069.0,2011-11-11 17:11:00,501.56,2560.47
17069.0,2011-11-11 17:13:00,149.23,2709.7
17070.0,2011-08-17 17:01:00,312.14,312.14
17071.0,2011-02-03 08:18:00,308.55,308.55
17071.0,2011-03-31 13:49:00,204.78,513.33
17071.0,2011-04-14 12:35:00,278.5,791.83
17071.0,2011-06-05 10:41:00,252.19,1044.02
17071.0,2011-07-28 16:03:00,330.6,1374.62
17071.0,2011-07-28 16:04:00,27.8,1402.42
17071.0,2011-09-12 15:31:00,291.8,1694.22
17071.0,2011-10-11 11:35:00,302.65,1996.87
17071.0,2011-11-11 16:31:00,432.16,2429.03
17073.0,2011-08-22 14:37:00,453.79,453.79
17073.0,2011-09-18 16:04:00,387.4,841.19
17073.0,2011-10-18 10:53:00,325.53,1166.72
17073.0,2011-11-22 11:47:00,279.37,1446.09
17075.0,2011-01-26 13:20:00,188.86,188.86
17075.0,2011-02-22 12:06:00,373.74,562.6
17075.0,2011-03-31 13:47:00,133.47,696.07
17075.0,2011-11-22 11:58:00,138.05,834.12
17076.0,2010-12-10 10:08:00,151.5,151.5
17076.0,2011-03-11 08:59:00,182.7,334.2
17076.0,2011-11-03 17:53:00,506.88,841.08
17078.0,2011-11-03 18:49:00,370.4,370.4
17078.0,2011-11-03 19:17:00,7.8,378.2
17079.0,2011-09-22 15:34:00,118.8,118.8
17080.0,2011-03-15 12:05:00,76.32,76.32
17080.0,2011-11-17 12:59:00,211.3,287.62
17081.0,2011-10-24 13:08:00,111.9,111.9
17081.0,2011-11-14 12:56:00,178.26,290.16
17082.0,2011-01-25 14:36:00,636.94,636.94
17082.0,2011-11-06 15:17:00,1366.91,2003.85
17083.0,2011-02-09 11:38:00,691.36,691.36
17083.0,2011-02-17 11:46:00,304.66,996.02
17083.0,2011-08-22 15:43:00,409.76,1405.78
17084.0,2011-11-04 14:49:00,2044.1,2044.1
17084.0,2011-11-04 14:54:00,905.65,2949.75
17085.0,2010-12-12 12:24:00,452.99,452.99
17085.0,2010-12-20 11:08:00,287.45,740.44
17085.0,2011-02-13 12:48:00,233.96,974.4
17085.0,2011-04-03 11:36:00,244.5,1218.9
17085.0,2011-08-08 14:15:00,347.75,1566.65
17086.0,2011-10-07 11:22:00,412.47,412.47
17086.0,2011-10-21 13:27:00,229.41,641.88
17086.0,2011-11-03 09:20:00,302.22,944.1
17086.0,2011-11-09 12:32:00,307.96,1252.06
17086.0,2011-11-15 13:07:00,338.16,1590.22
17086.0,2011-12-02 13:54:00,459.86,2050.08
17088.0,2011-03-31 09:48:00,1015.83,1015.83
17088.0,2011-06-10 09:23:00,383.28,1399.11
17088.0,2011-09-28 10:39:00,352.62,1751.73
17088.0,2011-11-11 14:23:00,239.28,1991.01
17090.0,2010-12-20 13:52:00,61.2,61.2
17090.0,2011-02-24 16:35:00,400.8,462.0
17090.0,2011-04-26 10:23:00,187.05,649.05
17090.0,2011-09-02 15:05:00,162.72,811.77
17090.0,2011-09-12 15:01:00,705.74,1517.51
17090.0,2011-10-18 12:59:00,302.4,1819.91
17090.0,2011-12-05 13:44:00,224.04,2043.95
17091.0,2010-12-07 09:55:00,293.45,293.45
17091.0,2011-01-19 10:49:00,594.7,888.15
17091.0,2011-04-13 15:52:00,505.57,1393.72
17091.0,2011-06-07 11:39:00,585.84,1979.56
17091.0,2011-06-07 11:51:00,14.85,1994.41
17091.0,2011-09-02 14:56:00,697.59,2692.0
17091.0,2011-11-08 10:17:00,684.96,3376.96
17091.0,2011-12-07 10:43:00,450.8,3827.76
17092.0,2011-03-07 14:51:00,134.9,134.9
17092.0,2011-08-05 16:10:00,498.17,633.07
17092.0,2011-09-13 12:09:00,356.6,989.67
17092.0,2011-10-20 19:51:00,788.11,1777.78
17094.0,2011-01-21 13:09:00,302.0,302.0
17095.0,2011-01-09 11:05:00,313.15,313.15
17095.0,2011-02-13 13:52:00,230.81,543.96
17095.0,2011-11-17 12:21:00,780.2,1324.16
17096.0,2011-03-23 12:05:00,133.49,133.49
17096.0,2011-07-19 17:02:00,310.45,443.94
17096.0,2011-10-12 15:49:00,263.61,707.55
17096.0,2011-11-24 15:01:00,314.58,1022.13
17097.0,2010-12-09 14:55:00,174.72,174.72
17097.0,2011-01-19 13:32:00,112.92,287.64
17097.0,2011-08-16 15:39:00,170.39,458.03
17097.0,2011-08-16 15:54:00,29.85,487.88
17097.0,2011-08-21 11:05:00,13.25,501.13
17097.0,2011-08-31 15:35:00,138.4,639.53
17097.0,2011-11-29 16:23:00,170.74,810.27
17097.0,2011-12-07 17:05:00,144.15,954.42
17100.0,2011-11-21 16:36:00,971.74,971.74
17101.0,2011-06-14 14:49:00,230.58,230.58
17101.0,2011-10-19 12:30:00,669.15,899.73
17101.0,2011-11-10 10:32:00,471.0,1370.73
17101.0,2011-11-29 13:57:00,251.0,1621.73
17102.0,2011-03-23 10:08:00,25.5,25.5
17105.0,2011-02-06 14:46:00,319.4,319.4
17105.0,2011-07-03 15:53:00,346.38,665.78
17107.0,2011-03-06 15:17:00,1695.21,1695.21
17107.0,2011-05-15 12:21:00,2423.6,4118.81
17107.0,2011-07-07 18:56:00,2215.25,6334.06
17107.0,2011-09-25 14:37:00,2182.71,8516.77
17107.0,2011-11-06 14:08:00,2227.86,10744.63
17107.0,2011-11-06 14:14:00,70.8,10815.43
17109.0,2011-04-21 15:46:00,400.64,400.64
17109.0,2011-04-21 15:51:00,63.95,464.59
17109.0,2011-10-26 13:31:00,109.17,573.76
17109.0,2011-11-07 16:16:00,182.83,756.59
17109.0,2011-11-07 17:16:00,19.59,776.18
17109.0,2011-11-10 16:59:00,108.86,885.04
17110.0,2011-06-27 12:58:00,163.3,163.3
17111.0,2011-10-23 15:59:00,248.61,248.61
17114.0,2011-01-09 11:39:00,142.24,142.24
17114.0,2011-02-15 13:50:00,127.95,270.19
17114.0,2011-04-04 14:31:00,130.2,400.39
17114.0,2011-05-15 14:15:00,45.7,446.09
17114.0,2011-06-26 16:06:00,45.5,491.59
17114.0,2011-07-24 11:58:00,112.0,603.59
17114.0,2011-11-06 13:37:00,114.14,717.73
17114.0,2011-12-04 12:17:00,90.89,808.62
17115.0,2011-04-20 14:46:00,310.02,310.02
17115.0,2011-06-10 08:54:00,302.8,612.82
17115.0,2011-12-01 14:30:00,224.68,837.5
17117.0,2011-02-24 13:54:00,116.2,116.2
17118.0,2011-01-26 12:19:00,157.02,157.02
17119.0,2011-10-11 11:03:00,547.25,547.25
17119.0,2011-12-06 14:40:00,59.66,606.91
17120.0,2011-04-20 15:21:00,307.46,307.46
17122.0,2011-08-12 14:33:00,138.32,138.32
17123.0,2011-07-01 10:47:00,345.3,345.3
17124.0,2011-06-07 14:02:00,298.89,298.89
17125.0,2011-10-20 14:41:00,259.35,259.35
17126.0,2010-12-12 11:26:00,212.6,212.6
17126.0,2011-02-13 12:05:00,302.67,515.27
17126.0,2011-07-10 13:32:00,412.62,927.89
17126.0,2011-07-10 13:46:00,38.98,966.87
17126.0,2011-07-10 13:52:00,37.88,1004.75
17128.0,2011-01-09 12:02:00,157.09,157.09
17131.0,2011-09-25 12:42:00,789.77,789.77
17131.0,2011-10-23 15:07:00,445.92,1235.69
17131.0,2011-10-23 15:09:00,46.75,1282.44
17131.0,2011-11-06 15:43:00,113.4,1395.84
17131.0,2011-12-04 12:52:00,1067.33,2463.17
17133.0,2011-03-18 13:47:00,683.42,683.42
17133.0,2011-04-07 12:59:00,358.25,1041.67
17133.0,2011-06-02 14:46:00,1437.12,2478.79
17133.0,2011-09-13 13:15:00,1658.9,4137.69
17133.0,2011-11-06 09:34:00,399.6,4537.29
17133.0,2011-11-24 12:24:00,285.35,4822.64
17133.0,2011-11-24 12:27:00,69.6,4892.24
17134.0,2011-03-20 11:56:00,330.5,330.5
17134.0,2011-08-25 09:53:00,94.5,425.0
17135.0,2010-12-03 09:31:00,215.58,215.58
17135.0,2011-02-23 10:27:00,284.97,500.55
17135.0,2011-10-18 12:07:00,205.06,705.61
17135.0,2011-11-02 10:33:00,85.0,790.61
17135.0,2011-11-02 11:23:00,99.42,890.03
17135.0,2011-11-23 12:13:00,85.0,975.03
17135.0,2011-11-23 16:48:00,164.7,1139.73
17138.0,2011-03-09 11:54:00,380.5,380.5
17139.0,2011-02-24 09:32:00,2639.38,2639.38
17139.0,2011-03-25 12:48:00,708.66,3348.04
17139.0,2011-05-13 12:12:00,850.72,4198.76
17139.0,2011-05-13 12:13:00,507.14,4705.9
17139.0,2011-06-17 10:43:00,802.13,5508.03
17139.0,2011-06-17 10:44:00,86.84,5594.87
17139.0,2011-08-09 11:56:00,1256.95,6851.82
17139.0,2011-09-12 13:16:00,1535.24,8387.06
17139.0,2011-10-06 16:47:00,1077.75,9464.81
17139.0,2011-10-06 16:50:00,95.54,9560.35
17139.0,2011-11-01 09:56:00,639.6,10199.95
17139.0,2011-11-24 10:12:00,468.52,10668.47
17140.0,2011-04-06 13:33:00,465.32,465.32
17142.0,2011-04-14 18:22:00,579.0,579.0
17144.0,2011-09-16 12:50:00,595.89,595.89
17144.0,2011-12-08 17:57:00,388.68,984.57
17146.0,2010-12-16 12:20:00,298.25,298.25
17146.0,2011-03-21 13:51:00,265.63,563.88
17146.0,2011-08-26 12:44:00,185.9,749.78
17147.0,2011-02-01 09:36:00,409.5,409.5
17147.0,2011-05-17 10:57:00,563.61,973.11
17147.0,2011-09-20 08:23:00,376.19,1349.3
17147.0,2011-11-17 12:32:00,365.29,1714.59
17148.0,2011-10-19 09:59:00,124.88,124.88
17152.0,2011-03-21 16:20:00,315.9,315.9
17152.0,2011-05-29 12:16:00,1155.6,1471.5
17152.0,2011-05-29 12:19:00,218.0,1689.5
17153.0,2011-11-15 13:42:00,213.78,213.78
17154.0,2011-09-25 13:42:00,329.34,329.34
17155.0,2011-06-15 10:22:00,143.3,143.3
17155.0,2011-11-22 12:38:00,108.4,251.7
17157.0,2011-06-16 15:08:00,161.46,161.46
17157.0,2011-12-02 09:10:00,157.54,319.0
17158.0,2010-12-14 13:03:00,413.79,413.79
17158.0,2011-04-21 10:12:00,284.76,698.55
17158.0,2011-11-07 15:15:00,568.42,1266.97
17159.0,2011-06-21 09:49:00,528.45,528.45
17159.0,2011-09-25 15:56:00,398.22,926.67
17159.0,2011-11-18 10:52:00,612.21,1538.88
17160.0,2011-04-12 12:00:00,611.91,611.91
17160.0,2011-04-28 13:18:00,593.16,1205.07
17160.0,2011-07-04 10:27:00,471.22,1676.29
17160.0,2011-07-26 15:29:00,566.84,2243.13
17160.0,2011-08-22 13:32:00,758.05,3001.18
17160.0,2011-11-08 14:05:00,516.85,3518.03
17162.0,2011-02-07 12:27:00,424.41,424.41
17162.0,2011-03-07 14:45:00,211.75,636.16
17162.0,2011-04-08 12:42:00,173.25,809.41
17162.0,2011-04-08 12:43:00,9.9,819.31
17162.0,2011-06-02 09:02:00,233.92,1053.23
17162.0,2011-06-02 09:03:00,47.75,1100.98
17162.0,2011-06-02 09:04:00,64.3,1165.28
17162.0,2011-07-31 16:04:00,298.38,1463.66
17162.0,2011-11-11 11:34:00,251.8,1715.46
17163.0,2011-09-22 15:54:00,123.1,123.1
17163.0,2011-11-18 08:57:00,170.0,293.1
17164.0,2011-03-11 14:26:00,627.13,627.13
17164.0,2011-05-11 09:28:00,316.09,943.22
17164.0,2011-07-11 12:47:00,327.2,1270.42
17164.0,2011-09-21 11:48:00,745.84,2016.26
17164.0,2011-11-07 09:12:00,381.28,2397.54
17164.0,2011-11-07 09:13:00,44.85,2442.39
17164.0,2011-11-07 09:14:00,24.96,2467.35
17165.0,2011-02-28 16:39:00,158.68,158.68
17166.0,2011-05-20 08:18:00,127.59,127.59
17166.0,2011-11-01 09:46:00,78.75,206.34
17169.0,2011-06-09 13:16:00,308.68,308.68
17169.0,2011-10-13 10:25:00,527.1,835.78
17171.0,2011-02-23 16:37:00,224.91,224.91
17172.0,2011-09-22 09:36:00,317.76,317.76
17173.0,2011-07-31 15:26:00,462.78,462.78
17173.0,2011-08-15 10:28:00,498.48,961.26
17173.0,2011-10-12 10:35:00,357.0,1318.26
17173.0,2011-10-12 12:51:00,324.96,1643.22
17173.0,2011-10-27 14:21:00,281.1,1924.32
17173.0,2011-11-25 08:55:00,963.18,2887.5
17173.0,2011-11-29 14:38:00,321.9,3209.4
17173.0,2011-12-04 14:40:00,557.2,3766.6
17174.0,2011-05-06 11:47:00,59.9,59.9
17175.0,2011-02-16 14:56:00,519.08,519.08
17175.0,2011-06-12 12:08:00,302.62,821.7
17175.0,2011-07-21 18:08:00,310.93,1132.63
17175.0,2011-10-26 15:31:00,311.06,1443.69
17176.0,2011-05-22 12:41:00,306.13,306.13
17179.0,2010-12-13 14:24:00,243.0,243.0
17179.0,2011-04-21 16:37:00,245.31,488.31
17179.0,2011-06-14 16:48:00,223.48,711.79
17180.0,2011-01-27 18:05:00,247.54,247.54
17180.0,2011-04-12 16:17:00,268.31,515.85
17180.0,2011-04-12 16:20:00,49.01,564.86
17180.0,2011-10-14 15:46:00,231.17,796.03
17181.0,2010-12-01 12:38:00,155.52,155.52
17181.0,2011-10-13 14:48:00,84.4,239.92
17183.0,2011-08-26 15:25:00,329.67,329.67
17183.0,2011-10-16 15:32:00,739.37,1069.04
17183.0,2011-10-30 14:27:00,486.5,1555.54
17183.0,2011-11-07 11:29:00,630.06,2185.6
17183.0,2011-11-17 14:41:00,447.93,2633.53
17183.0,2011-12-02 10:07:00,713.78,3347.31
17186.0,2011-10-10 12:52:00,72.0,72.0
17186.0,2011-10-24 10:20:00,72.0,144.0
17187.0,2011-04-27 12:39:00,203.95,203.95
17188.0,2010-12-12 12:56:00,513.64,513.64
17188.0,2011-01-04 12:57:00,388.72,902.36
17188.0,2011-01-28 12:48:00,522.08,1424.44
17188.0,2011-06-28 14:50:00,307.99,1732.43
17188.0,2011-06-28 14:51:00,82.66,1815.09
17188.0,2011-11-10 12:35:00,350.02,2165.11
17188.0,2011-11-28 13:53:00,309.12,2474.23
17189.0,2010-12-15 17:28:00,227.22,227.22
17189.0,2011-08-25 19:39:00,157.18,384.4
17190.0,2011-05-16 15:29:00,195.0,195.0
17190.0,2011-10-12 11:33:00,249.74,444.74
17191.0,2010-12-06 14:36:00,422.81,422.81
17191.0,2010-12-06 14:43:00,30.45,453.26
17191.0,2010-12-06 14:46:00,56.85,510.11
17191.0,2011-03-04 14:28:00,310.77,820.88
17191.0,2011-06-01 12:13:00,354.82,1175.7
17191.0,2011-09-06 12:15:00,387.26,1562.96
17191.0,2011-11-11 16:58:00,532.17,2095.13
17193.0,2011-06-16 10:04:00,299.04,299.04
17193.0,2011-06-16 10:23:00,149.52,448.56
17193.0,2011-09-14 10:40:00,299.04,747.6
17193.0,2011-10-12 10:26:00,24.9,772.5
17193.0,2011-10-12 12:16:00,149.52,922.02
17193.0,2011-10-25 12:38:00,760.74,1682.76
17193.0,2011-11-04 12:47:00,16.54,1699.3
17194.0,2010-12-14 12:06:00,252.62,252.62
17194.0,2011-03-11 12:05:00,10.0,262.62
17197.0,2011-11-10 10:32:00,1013.01,1013.01
17198.0,2010-12-03 14:54:00,272.01,272.01
17198.0,2010-12-09 13:34:00,249.65,521.66
17198.0,2011-11-16 10:39:00,170.56,692.22
17201.0,2011-10-17 11:55:00,342.63,342.63
17203.0,2011-10-10 14:37:00,1263.97,1263.97
17203.0,2011-10-18 12:01:00,1283.27,2547.24
17203.0,2011-10-18 12:07:00,17.65,2564.89
17203.0,2011-11-04 10:47:00,464.05,3028.94
17203.0,2011-11-04 12:20:00,215.23,3244.17
17203.0,2011-11-04 12:27:00,319.68,3563.85
17204.0,2011-03-21 12:42:00,788.91,788.91
17204.0,2011-04-12 15:32:00,461.25,1250.16
17204.0,2011-06-17 14:45:00,245.5,1495.66
17204.0,2011-06-17 14:46:00,68.9,1564.56
17205.0,2011-10-17 12:46:00,384.08,384.08
17206.0,2011-10-17 13:25:00,204.24,204.24
17211.0,2010-12-05 12:44:00,273.3,273.3
17211.0,2010-12-12 11:46:00,324.22,597.52
17211.0,2010-12-21 13:58:00,182.19,779.71
17211.0,2011-03-20 14:23:00,345.82,1125.53
17211.0,2011-04-20 14:38:00,128.41,1253.94
17211.0,2011-06-12 13:21:00,210.95,1464.89
17211.0,2011-10-23 11:10:00,419.33,1884.22
17211.0,2011-11-13 12:03:00,433.0,2317.22
17212.0,2011-03-31 19:42:00,226.85,226.85
17213.0,2010-12-08 13:03:00,312.9,312.9
17213.0,2010-12-21 09:34:00,302.95,615.85
17213.0,2011-01-27 14:07:00,321.1,936.95
17213.0,2011-07-18 14:28:00,530.47,1467.42
17213.0,2011-07-21 15:47:00,312.59,1780.01
17213.0,2011-10-30 12:46:00,500.61,2280.62
17213.0,2011-10-30 14:53:00,500.61,2781.23
17214.0,2010-12-15 15:14:00,171.05,171.05
17214.0,2011-02-03 14:41:00,132.5,303.55
17214.0,2011-02-20 13:06:00,149.55,453.1
17214.0,2011-04-04 16:28:00,160.57,613.67
17214.0,2011-09-15 11:25:00,250.45,864.12
17214.0,2011-10-10 13:17:00,205.0,1069.12
17217.0,2011-04-19 17:19:00,113.5,113.5
17218.0,2010-12-06 15:25:00,292.54,292.54
17218.0,2010-12-12 11:37:00,214.24,506.78
17218.0,2010-12-19 15:31:00,99.5,606.28
17218.0,2011-01-09 15:10:00,169.35,775.63
17218.0,2011-05-09 16:59:00,172.95,948.58
17218.0,2011-09-11 15:11:00,133.37,1081.95
17218.0,2011-09-29 16:48:00,278.65,1360.6
17218.0,2011-11-13 14:29:00,272.47,1633.07
17218.0,2011-11-28 13:27:00,218.96,1852.03
17218.0,2011-12-05 13:52:00,108.69,1960.72
17219.0,2011-11-08 11:25:00,114.23,114.23
17220.0,2010-12-10 14:54:00,317.5,317.5
17220.0,2011-01-31 11:42:00,320.0,637.5
17220.0,2011-03-30 12:00:00,417.75,1055.25
17220.0,2011-05-17 13:35:00,215.15,1270.4
17220.0,2011-05-17 13:44:00,194.38,1464.78
17220.0,2011-07-06 10:04:00,197.24,1662.02
17220.0,2011-07-06 10:10:00,173.86,1835.88
17220.0,2011-08-05 15:30:00,336.52,2172.4
17220.0,2011-09-01 15:56:00,111.03,2283.43
17220.0,2011-09-01 15:59:00,11.55,2294.98
17220.0,2011-09-29 14:46:00,325.73,2620.71
17220.0,2011-10-24 13:50:00,283.76,2904.47
17220.0,2011-11-15 13:41:00,114.0,3018.47
17220.0,2011-11-15 13:47:00,179.78,3198.25
17221.0,2011-11-03 17:39:00,132.28,132.28
17221.0,2011-12-02 13:35:00,202.85,335.13
17222.0,2011-10-05 13:58:00,354.15,354.15
17223.0,2010-12-06 14:08:00,292.84,292.84
17223.0,2011-02-02 15:57:00,133.95,426.79
17226.0,2011-02-04 11:52:00,393.49,393.49
17227.0,2010-12-06 11:16:00,142.25,142.25
17227.0,2011-03-28 10:03:00,223.9,366.15
17227.0,2011-06-20 10:13:00,107.6,473.75
17227.0,2011-09-30 15:14:00,139.45,613.2
17227.0,2011-10-10 10:16:00,107.11,720.31
17227.0,2011-11-21 10:51:00,219.01,939.32
17228.0,2010-12-02 16:00:00,183.3,183.3
17228.0,2010-12-07 10:06:00,172.65,355.95
17228.0,2011-02-01 11:40:00,123.43,479.38
17228.0,2011-05-16 10:40:00,208.2,687.58
17228.0,2011-09-13 11:34:00,368.72,1056.3
17228.0,2011-10-07 10:55:00,432.26,1488.56
17228.0,2011-11-14 11:25:00,229.04,1717.6
17228.0,2011-11-24 10:24:00,188.49,1906.09
17229.0,2011-07-20 12:38:00,157.71,157.71
17229.0,2011-09-04 13:56:00,161.05,318.76
17230.0,2010-12-15 11:22:00,1761.26,1761.26
17230.0,2010-12-20 14:59:00,751.0,2512.26
17230.0,2010-12-20 15:09:00,73.8,2586.06
17230.0,2010-12-20 15:12:00,144.5,2730.56
17230.0,2010-12-20 16:03:00,0.95,2731.51
17230.0,2010-12-20 16:04:00,28.5,2760.01
17230.0,2011-02-02 12:03:00,675.0,3435.01
17230.0,2011-03-20 16:12:00,203.4,3638.41
17231.0,2010-12-13 14:16:00,232.01,232.01
17231.0,2011-01-19 17:17:00,166.68,398.69
17231.0,2011-02-14 15:23:00,316.89,715.58
17231.0,2011-03-21 16:59:00,246.92,962.5
17231.0,2011-05-08 16:13:00,377.36,1339.86
17231.0,2011-06-02 19:50:00,393.59,1733.45
17231.0,2011-08-05 16:19:00,205.27,1938.72
17231.0,2011-10-06 19:49:00,381.07,2319.79
17231.0,2011-11-15 16:42:00,389.76,2709.55
17231.0,2011-11-27 15:18:00,464.77,3174.32
17232.0,2011-11-25 12:24:00,208.04,208.04
17232.0,2011-12-07 12:21:00,213.48,421.52
17233.0,2011-11-04 14:06:00,190.88,190.88
17234.0,2011-06-10 11:20:00,149.89,149.89
17235.0,2010-12-02 13:38:00,341.9,341.9
17235.0,2011-11-14 15:51:00,208.16,550.06
17236.0,2010-12-12 11:49:00,126.28,126.28
17236.0,2011-01-25 12:52:00,199.33,325.61
17236.0,2011-02-13 11:22:00,119.76,445.37
17236.0,2011-04-11 15:59:00,118.45,563.82
17236.0,2011-06-13 15:47:00,133.91,697.73
17236.0,2011-11-27 12:00:00,218.4,916.13
17237.0,2011-11-17 12:55:00,243.6,243.6
17237.0,2011-11-28 15:02:00,71.09,314.69
17238.0,2010-12-03 15:05:00,254.39,254.39
17238.0,2010-12-03 15:10:00,115.7,370.09
17238.0,2011-01-21 13:21:00,138.55,508.64
17238.0,2011-03-09 12:33:00,233.17,741.81
17238.0,2011-03-28 16:27:00,250.76,992.57
17238.0,2011-03-28 16:28:00,4.95,997.52
17238.0,2011-05-13 11:12:00,262.25,1259.77
17238.0,2011-05-17 14:32:00,103.83,1363.6
17238.0,2011-06-08 10:43:00,184.59,1548.19
17238.0,2011-07-06 12:39:00,193.29,1741.48
17238.0,2011-07-26 15:42:00,218.44,1959.92
17238.0,2011-09-16 13:53:00,264.31,2224.23
17238.0,2011-10-20 10:41:00,286.28,2510.51
17238.0,2011-11-11 12:17:00,345.99,2856.5
17238.0,2011-11-22 12:09:00,247.68,3104.18
17238.0,2011-12-02 16:07:00,501.8,3605.98
17238.0,2011-12-07 11:35:00,138.67,3744.65
17239.0,2011-01-31 09:41:00,382.5,382.5
17242.0,2011-06-12 13:04:00,709.44,709.44
17242.0,2011-08-23 14:55:00,425.6,1135.04
17243.0,2010-12-05 10:03:00,256.9,256.9
17243.0,2010-12-12 10:11:00,338.6,595.5
17243.0,2010-12-19 10:21:00,259.55,855.05
17243.0,2011-01-09 10:06:00,268.8,1123.85
17243.0,2011-01-23 10:15:00,161.8,1285.65
17243.0,2011-02-10 11:57:00,263.8,1549.45
17243.0,2011-02-27 10:22:00,373.65,1923.1
17243.0,2011-03-06 10:05:00,186.9,2110.0
17243.0,2011-03-27 10:26:00,266.55,2376.55
17243.0,2011-04-03 10:10:00,142.5,2519.05
17243.0,2011-04-17 10:15:00,345.05,2864.1
17243.0,2011-06-14 12:21:00,433.0,3297.1
17243.0,2011-07-04 12:28:00,276.82,3573.92
17243.0,2011-07-27 12:50:00,160.2,3734.12
17243.0,2011-08-18 13:01:00,278.55,4012.67
17243.0,2011-09-08 12:44:00,441.49,4454.16
17243.0,2011-09-22 12:34:00,248.7,4702.86
17243.0,2011-10-20 12:21:00,414.21,5117.07
17243.0,2011-11-01 12:35:00,375.72,5492.79
17243.0,2011-11-10 12:40:00,448.5,5941.29
17243.0,2011-11-11 14:03:00,424.2,6365.49
17243.0,2011-11-17 16:42:00,616.8,6982.29
17243.0,2011-11-20 10:16:00,450.12,7432.41
17243.0,2011-11-25 12:29:00,308.86,7741.27
17243.0,2011-12-04 10:10:00,331.28,8072.55
17243.0,2011-12-08 13:26:00,604.3,8676.85
17244.0,2011-10-17 15:19:00,954.9,954.9
17245.0,2011-05-19 10:43:00,171.45,171.45
17247.0,2011-11-24 15:21:00,282.19,282.19
17248.0,2011-08-11 13:34:00,318.65,318.65
17250.0,2011-03-23 16:45:00,162.65,162.65
17250.0,2011-12-06 12:15:00,221.87,384.52
17251.0,2010-12-12 11:06:00,283.28,283.28
17252.0,2011-06-06 16:41:00,341.96,341.96
17252.0,2011-08-15 09:45:00,11.9,353.86
17253.0,2011-11-21 12:59:00,178.26,178.26
17254.0,2011-11-24 14:09:00,170.31,170.31
17254.0,2011-12-05 12:46:00,102.13,272.44
17255.0,2011-02-13 15:18:00,112.46,112.46
17255.0,2011-10-30 12:18:00,185.95,298.41
17256.0,2011-01-31 14:53:00,127.9,127.9
17256.0,2011-08-24 13:30:00,112.1,240.0
17259.0,2010-12-06 12:55:00,381.64,381.64
17259.0,2011-07-14 15:01:00,221.73,603.37
17262.0,2010-12-08 13:30:00,268.86,268.86
17262.0,2011-03-23 13:46:00,584.5,853.36
17262.0,2011-04-26 15:56:00,20.4,873.76
17262.0,2011-04-26 15:58:00,81.6,955.36
17262.0,2011-10-18 12:56:00,298.0,1253.36
17263.0,2011-05-15 14:32:00,63.44,63.44
17265.0,2011-06-12 12:00:00,384.09,384.09
17265.0,2011-07-24 10:49:00,178.81,562.9
17266.0,2011-07-15 11:57:00,113.06,113.06
17266.0,2011-12-06 14:30:00,176.17,289.23
17266.0,2011-12-07 14:12:00,21.41,310.64
17267.0,2011-08-04 17:19:00,311.02,311.02
17267.0,2011-08-04 17:22:00,6.6,317.62
17268.0,2011-04-08 13:20:00,138.24,138.24
17268.0,2011-04-10 10:16:00,138.24,276.48
17268.0,2011-07-12 13:26:00,35.0,311.48
17268.0,2011-08-24 10:06:00,452.16,763.64
17272.0,2011-03-22 12:05:00,657.68,657.68
17272.0,2011-05-24 13:46:00,751.76,1409.44
17272.0,2011-10-24 16:20:00,698.39,2107.83
17272.0,2011-10-28 16:37:00,40.8,2148.63
17274.0,2011-11-04 13:16:00,111.98,111.98
17277.0,2011-01-21 12:37:00,717.02,717.02
17277.0,2011-04-26 12:47:00,348.33,1065.35
17278.0,2011-04-12 13:10:00,246.04,246.04
17279.0,2011-10-13 11:58:00,187.83,187.83
17282.0,2011-02-13 11:36:00,741.85,741.85
17282.0,2011-06-19 10:20:00,274.56,1016.41
17282.0,2011-08-01 14:29:00,687.0,1703.41
17284.0,2011-01-07 14:31:00,716.11,716.11
17284.0,2011-04-18 11:53:00,212.34,928.45
17284.0,2011-06-15 10:39:00,184.19,1112.64
17284.0,2011-06-26 11:47:00,108.53,1221.17
17284.0,2011-08-11 12:00:00,272.97,1494.14
17284.0,2011-10-10 14:38:00,158.44,1652.58
17286.0,2011-11-18 12:47:00,153.92,153.92
17287.0,2010-12-02 12:22:00,113.92,113.92
17287.0,2010-12-07 12:43:00,108.78,222.7
17287.0,2011-04-01 13:00:00,145.24,367.94
17287.0,2011-05-18 09:35:00,132.4,500.34
17287.0,2011-07-19 14:59:00,202.07,702.41
17287.0,2011-09-26 12:53:00,177.89,880.3
17287.0,2011-11-13 13:27:00,183.81,1064.11
17288.0,2010-12-16 13:33:00,133.56,133.56
17288.0,2011-01-17 13:25:00,103.56,237.12
17288.0,2011-02-17 16:43:00,53.4,290.52
17288.0,2011-04-01 10:27:00,127.3,417.82
17288.0,2011-05-16 14:32:00,245.88,663.7
17288.0,2011-11-27 13:29:00,555.99,1219.69
17288.0,2011-11-30 16:09:00,200.04,1419.73
17289.0,2011-06-12 13:51:00,167.36,167.36
17289.0,2011-11-06 12:31:00,438.17,605.53
17289.0,2011-11-08 12:01:00,338.88,944.41
17290.0,2011-11-23 15:53:00,353.03,353.03
17290.0,2011-12-06 12:38:00,172.21,525.24
17291.0,2011-02-04 13:04:00,550.8,550.8
17293.0,2010-12-13 14:55:00,346.14,346.14
17293.0,2011-02-04 15:54:00,123.21,469.35
17293.0,2011-07-06 16:15:00,235.82,705.17
17293.0,2011-08-12 14:02:00,96.86,802.03
17293.0,2011-08-12 14:03:00,65.0,867.03
17293.0,2011-09-15 16:36:00,250.34,1117.37
17293.0,2011-10-12 14:22:00,236.31,1353.68
17293.0,2011-11-09 13:46:00,327.3,1680.98
17293.0,2011-12-01 14:37:00,194.13,1875.11
17295.0,2011-10-06 12:22:00,279.36,279.36
17295.0,2011-11-11 10:43:00,130.49,409.85
17295.0,2011-11-11 10:49:00,147.1,556.95
17297.0,2011-11-22 14:43:00,131.78,131.78
17298.0,2011-08-07 12:21:00,107.64,107.64
17298.0,2011-08-30 16:43:00,390.78,498.42
17299.0,2011-06-19 16:04:00,151.63,151.63
17299.0,2011-08-31 14:22:00,116.56,268.19
17299.0,2011-09-11 13:22:00,309.86,578.05
17299.0,2011-11-28 12:01:00,91.06,669.11
17301.0,2011-11-18 13:43:00,197.63,197.63
17302.0,2011-02-07 10:14:00,182.85,182.85
17302.0,2011-05-15 11:29:00,120.27,303.12
17302.0,2011-08-09 09:04:00,358.49,661.61
17302.0,2011-11-07 15:27:00,335.47,997.08
17302.0,2011-11-25 09:36:00,138.55,1135.63
17303.0,2010-12-13 13:32:00,250.04,250.04
17306.0,2010-12-21 13:34:00,324.0,324.0
17306.0,2011-01-21 15:41:00,748.94,1072.94
17306.0,2011-02-16 13:02:00,601.94,1674.88
17306.0,2011-03-08 16:31:00,367.2,2042.08
17306.0,2011-03-16 15:58:00,152.64,2194.72
17306.0,2011-03-30 10:16:00,396.6,2591.32
17306.0,2011-03-30 10:18:00,152.64,2743.96
17306.0,2011-05-19 14:19:00,451.7,3195.66
17306.0,2011-06-17 09:11:00,305.28,3500.94
17306.0,2011-06-17 09:12:00,973.7,4474.64
17306.0,2011-07-05 15:37:00,426.2,4900.84
17306.0,2011-07-20 09:30:00,611.24,5512.08
17306.0,2011-08-03 14:35:00,611.24,6123.32
17306.0,2011-09-01 09:39:00,576.74,6700.06
17306.0,2011-09-29 14:50:00,506.18,7206.24
17306.0,2011-11-03 12:15:00,379.92,7586.16
17306.0,2011-11-29 12:10:00,696.8,8282.96
17306.0,2011-11-29 12:14:00,348.35,8631.31
17309.0,2011-09-05 15:20:00,82.75,82.75
17311.0,2011-01-27 10:56:00,556.46,556.46
17311.0,2011-09-22 14:11:00,828.39,1384.85
17312.0,2011-07-03 13:12:00,145.8,145.8
17312.0,2011-07-07 20:07:00,253.7,399.5
17312.0,2011-07-24 11:52:00,244.8,644.3
17313.0,2011-11-08 15:45:00,2328.84,2328.84
17314.0,2011-01-31 11:25:00,203.8,203.8
17314.0,2011-02-01 10:15:00,362.4,566.2
17314.0,2011-03-28 09:16:00,220.8,787.0
17314.0,2011-06-23 14:35:00,517.05,1304.05
17314.0,2011-07-14 11:28:00,202.87,1506.92
17314.0,2011-10-12 14:56:00,670.63,2177.55
17314.0,2011-11-11 16:13:00,315.72,2493.27
17314.0,2011-11-15 09:41:00,34.65,2527.92
17315.0,2010-12-17 12:24:00,108.92,108.92
17315.0,2011-01-04 10:38:00,190.56,299.48
17315.0,2011-01-20 12:29:00,331.76,631.24
17315.0,2011-02-04 14:14:00,103.25,734.49
17315.0,2011-02-08 15:30:00,15.0,749.49
17315.0,2011-02-15 11:30:00,188.7,938.19
17315.0,2011-02-22 10:59:00,131.8,1069.99
17315.0,2011-03-04 11:49:00,109.16,1179.15
17315.0,2011-03-13 10:57:00,109.58,1288.73
17315.0,2011-03-21 11:34:00,174.16,1462.89
17315.0,2011-03-29 12:55:00,142.28,1605.17
17315.0,2011-03-31 10:53:00,205.75,1810.92
17315.0,2011-04-14 11:19:00,146.0,1956.92
17315.0,2011-04-14 11:28:00,42.9,1999.82
17315.0,2011-04-21 10:19:00,110.7,2110.52
17315.0,2011-05-03 10:25:00,108.87,2219.39
17315.0,2011-05-10 10:11:00,111.03,2330.42
17315.0,2011-05-12 16:52:00,191.44,2521.86
17315.0,2011-05-22 12:22:00,117.93,2639.79
17315.0,2011-06-01 12:05:00,262.61,2902.4
17315.0,2011-07-06 11:59:00,215.25,3117.65
17315.0,2011-07-07 16:17:00,113.96,3231.61
17315.0,2011-07-14 10:15:00,112.81,3344.42
17315.0,2011-07-27 10:10:00,144.8,3489.22
17315.0,2011-08-04 10:24:00,190.35,3679.57
17315.0,2011-08-16 10:52:00,168.15,3847.72
17315.0,2011-08-23 16:16:00,269.28,4117.0
17315.0,2011-08-23 16:56:00,15.0,4132.0
17315.0,2011-08-31 10:21:00,15.0,4147.0
17315.0,2011-08-31 15:49:00,222.04,4369.04
17315.0,2011-09-14 09:36:00,302.25,4671.29
17315.0,2011-09-25 14:53:00,266.55,4937.84
17315.0,2011-10-13 10:09:00,273.78,5211.62
17315.0,2011-10-24 16:20:00,138.01,5349.63
17315.0,2011-11-01 15:40:00,186.05,5535.68
17315.0,2011-11-10 10:41:00,420.75,5956.43
17315.0,2011-11-22 10:20:00,145.65,6102.08
17315.0,2011-12-08 12:15:00,190.18,6292.26
17317.0,2011-09-11 12:45:00,2027.94,2027.94
17317.0,2011-10-18 09:07:00,534.24,2562.18
17317.0,2011-10-24 17:19:00,38.16,2600.34
17320.0,2010-12-06 15:38:00,450.92,450.92
17320.0,2011-04-17 14:09:00,459.18,910.1
17320.0,2011-08-31 13:31:00,290.52,1200.62
17321.0,2011-10-03 11:34:00,659.61,659.61
17321.0,2011-12-01 13:41:00,41.25,700.86
17323.0,2011-02-20 14:38:00,141.69,141.69
17323.0,2011-05-08 15:22:00,155.68,297.37
17323.0,2011-06-26 12:04:00,135.37,432.74
17323.0,2011-08-07 12:05:00,104.51,537.25
17323.0,2011-10-09 12:19:00,158.82,696.07
17323.0,2011-11-20 12:13:00,220.05,916.12
17323.0,2011-11-24 17:29:00,4.95,921.07
17324.0,2010-12-08 12:45:00,127.05,127.05
17324.0,2011-01-12 11:21:00,575.18,702.23
17324.0,2011-11-18 11:53:00,247.36,949.59
17324.0,2011-11-22 10:34:00,40.64,990.23
17325.0,2011-03-04 13:09:00,96.8,96.8
17329.0,2011-01-28 15:29:00,243.36,243.36
17329.0,2011-11-25 14:24:00,279.75,523.11
17330.0,2011-10-03 11:26:00,264.9,264.9
17330.0,2011-11-17 08:56:00,99.0,363.9
17331.0,2011-08-08 11:55:00,175.2,175.2
17333.0,2011-09-15 10:11:00,494.25,494.25
17334.0,2011-02-04 09:03:00,296.52,296.52
17334.0,2011-02-10 14:59:00,10.5,307.02
17337.0,2011-02-02 17:06:00,1026.72,1026.72
17337.0,2011-04-03 15:07:00,467.3,1494.02
17337.0,2011-05-12 20:13:00,500.9,1994.92
17337.0,2011-07-11 14:55:00,32.95,2027.87
17338.0,2010-12-13 12:57:00,767.6,767.6
17338.0,2011-01-12 13:40:00,770.75,1538.35
17338.0,2011-02-21 15:04:00,1117.8,2656.15
17338.0,2011-04-18 14:01:00,687.05,3343.2
17338.0,2011-05-18 15:35:00,300.05,3643.25
17338.0,2011-07-01 13:02:00,617.03,4260.28
17338.0,2011-08-17 14:22:00,946.74,5207.02
17338.0,2011-11-22 14:23:00,1436.91,6643.93
17339.0,2010-12-09 14:44:00,60.0,60.0
17339.0,2011-09-06 13:29:00,183.36,243.36
17340.0,2010-12-08 15:56:00,2671.27,2671.27
17340.0,2010-12-20 17:05:00,1689.12,4360.39
17340.0,2011-04-11 08:49:00,834.68,5195.07
17340.0,2011-05-31 10:32:00,607.74,5802.81
17340.0,2011-07-11 14:40:00,1195.12,6997.93
17340.0,2011-08-11 12:58:00,595.72,7593.65
17340.0,2011-09-20 13:52:00,790.73,8384.38
17340.0,2011-09-20 13:53:00,75.12,8459.5
17340.0,2011-11-10 10:45:00,3893.79,12353.29
17341.0,2010-12-08 12:46:00,513.6,513.6
17341.0,2011-07-06 12:26:00,253.26,766.86
17341.0,2011-07-06 12:33:00,14.5,781.36
17343.0,2010-12-19 15:07:00,193.64,193.64
17344.0,2011-10-24 12:56:00,160.57,160.57
17345.0,2011-05-27 12:26:00,82.79,82.79
17345.0,2011-05-27 12:29:00,45.54,128.33
17345.0,2011-09-07 14:09:00,155.8,284.13
17345.0,2011-11-24 15:02:00,243.88,528.01
17345.0,2011-11-24 15:03:00,9.73,537.74
17346.0,2010-12-01 14:34:00,146.61,146.61
17346.0,2010-12-15 11:14:00,101.23,247.84
17346.0,2011-02-14 12:16:00,105.57,353.41
17346.0,2011-04-15 16:11:00,223.42,576.83
17346.0,2011-05-19 11:41:00,222.31,799.14
17346.0,2011-06-05 14:20:00,165.63,964.77
17346.0,2011-06-14 12:06:00,147.42,1112.19
17346.0,2011-08-28 15:01:00,154.02,1266.21
17346.0,2011-10-12 11:58:00,245.19,1511.4
17346.0,2011-10-20 12:23:00,224.37,1735.77
17346.0,2011-10-20 12:34:00,252.14,1987.91
17346.0,2011-11-01 12:39:00,192.53,2180.44
17346.0,2011-11-24 11:11:00,166.0,2346.44
17346.0,2011-11-28 11:54:00,193.03,2539.47
17346.0,2011-12-06 12:18:00,137.09,2676.56
17347.0,2011-09-14 13:12:00,228.96,228.96
17348.0,2011-02-15 10:49:00,160.15,160.15
17348.0,2011-09-29 11:39:00,500.46,660.61
17348.0,2011-11-04 10:37:00,111.57,772.18
17348.0,2011-11-11 11:11:00,209.73,981.91
17348.0,2011-11-25 11:25:00,177.61,1159.52
17349.0,2011-06-13 14:29:00,110.75,110.75
17350.0,2011-10-19 16:05:00,156.24,156.24
17350.0,2011-10-25 12:06:00,734.85,891.09
17350.0,2011-12-01 15:46:00,322.74,1213.83
17350.0,2011-12-01 15:47:00,72.24,1286.07
17351.0,2011-03-11 16:05:00,198.6,198.6
17351.0,2011-06-23 19:29:00,228.7,427.3
17351.0,2011-11-03 18:45:00,159.85,587.15
17353.0,2011-07-08 16:17:00,870.0,870.0
17353.0,2011-08-02 17:19:00,870.0,1740.0
17354.0,2011-10-20 10:34:00,1393.06,1393.06
17356.0,2011-02-01 11:07:00,178.22,178.22
17357.0,2011-11-15 16:29:00,382.24,382.24
17357.0,2011-11-15 16:30:00,5.9,388.14
17358.0,2010-12-19 14:16:00,246.7,246.7
17358.0,2011-02-09 16:57:00,119.15,365.85
17359.0,2011-11-28 14:37:00,127.86,127.86
17360.0,2011-06-08 17:09:00,330.95,330.95
17360.0,2011-11-22 12:55:00,111.91,442.86
17360.0,2011-11-22 13:11:00,142.93,585.79
17361.0,2011-02-21 09:55:00,45.0,45.0
17361.0,2011-06-06 14:02:00,218.92,263.92
17361.0,2011-10-21 15:43:00,224.28,488.2
17362.0,2011-02-03 10:26:00,150.0,150.0
17362.0,2011-04-14 14:43:00,162.23,312.23
17364.0,2011-01-12 16:57:00,436.23,436.23
17364.0,2011-02-24 11:54:00,504.56,940.79
17364.0,2011-03-29 15:22:00,247.45,1188.24
17364.0,2011-05-06 15:47:00,628.85,1817.09
17364.0,2011-05-19 12:50:00,284.76,2101.85
17364.0,2011-07-25 12:58:00,531.96,2633.81
17364.0,2011-11-11 12:07:00,904.6,3538.41
17364.0,2011-11-24 14:40:00,250.26,3788.67
17364.0,2011-12-02 13:46:00,271.99,4060.66
17364.0,2011-12-09 08:59:00,391.02,4451.68
17364.0,2011-12-09 09:00:00,29.5,4481.18
17365.0,2011-01-11 12:11:00,727.36,727.36
17365.0,2011-01-11 12:12:00,15.3,742.66
17365.0,2011-03-31 11:25:00,543.6,1286.26
17365.0,2011-05-24 11:55:00,610.93,1897.19
17365.0,2011-06-23 10:44:00,473.82,2371.01
17365.0,2011-09-13 12:18:00,1126.47,3497.48
17365.0,2011-10-20 12:07:00,877.71,4375.19
17365.0,2011-11-27 12:13:00,426.37,4801.56
17367.0,2011-04-15 14:21:00,168.4,168.4
17368.0,2011-01-06 11:57:00,563.15,563.15
17368.0,2011-01-13 09:55:00,130.85,694.0
17368.0,2011-03-25 14:01:00,194.92,888.92
17368.0,2011-06-16 15:01:00,190.95,1079.87
17368.0,2011-06-19 11:42:00,535.0,1614.87
17368.0,2011-09-07 14:47:00,20.8,1635.67
17368.0,2011-11-07 12:24:00,166.92,1802.59
17368.0,2011-11-16 15:26:00,110.08,1912.67
17370.0,2011-06-23 11:50:00,110.7,110.7
17370.0,2011-09-08 14:19:00,117.36,228.06
17370.0,2011-09-16 14:53:00,108.0,336.06
17370.0,2011-09-28 10:14:00,110.12,446.18
17371.0,2010-12-13 15:20:00,97.63,97.63
17371.0,2011-11-22 13:25:00,270.45,368.08
17371.0,2011-11-22 13:30:00,55.81,423.89
17372.0,2010-12-12 12:00:00,172.71,172.71
17372.0,2010-12-14 13:33:00,198.07,370.78
17372.0,2011-01-26 17:08:00,162.4,533.18
17372.0,2011-04-10 12:53:00,212.12,745.3
17372.0,2011-06-09 13:50:00,128.76,874.06
17372.0,2011-06-26 14:06:00,187.07,1061.13
17372.0,2011-10-10 13:41:00,156.61,1217.74
17372.0,2011-10-30 11:37:00,124.94,1342.68
17373.0,2011-01-31 11:46:00,145.25,145.25
17373.0,2011-07-28 17:15:00,142.05,287.3
17373.0,2011-09-29 14:40:00,146.22,433.52
17373.0,2011-10-30 15:28:00,213.4,646.92
17374.0,2011-03-03 12:53:00,191.95,191.95
17374.0,2011-05-05 09:05:00,303.82,495.77
17375.0,2010-12-13 15:16:00,109.71,109.71
17375.0,2011-01-31 16:02:00,176.66,286.37
17375.0,2011-05-24 15:45:00,113.73,400.1
17376.0,2011-02-01 14:12:00,105.85,105.85
17376.0,2011-09-30 12:36:00,97.35,203.2
17377.0,2010-12-01 12:35:00,223.9,223.9
17377.0,2010-12-09 10:42:00,364.4,588.3
17377.0,2010-12-17 17:12:00,196.78,785.08
17377.0,2011-02-10 11:44:00,216.58,1001.66
17377.0,2011-02-24 15:42:00,132.17,1133.83
17377.0,2011-03-10 10:03:00,146.23,1280.06
17377.0,2011-03-29 11:15:00,317.56,1597.62
17377.0,2011-06-19 12:29:00,133.07,1730.69
17377.0,2011-08-05 15:40:00,314.69,2045.38
17377.0,2011-09-11 11:24:00,164.42,2209.8
17377.0,2011-09-26 10:22:00,126.47,2336.27
17377.0,2011-10-10 11:50:00,168.3,2504.57
17377.0,2011-10-17 10:48:00,358.68,2863.25
17377.0,2011-10-21 11:18:00,112.18,2975.43
17377.0,2011-10-23 12:28:00,204.07,3179.5
17377.0,2011-11-01 10:16:00,155.65,3335.15
17377.0,2011-11-04 10:08:00,157.7,3492.85
17377.0,2011-11-09 10:39:00,287.51,3780.36
17377.0,2011-11-14 11:54:00,213.61,3993.97
17377.0,2011-11-16 11:17:00,106.95,4100.92
17379.0,2011-11-28 13:56:00,404.66,404.66
17381.0,2010-12-02 12:58:00,211.2,211.2
17381.0,2010-12-02 12:59:00,824.88,1036.08
17381.0,2010-12-06 09:45:00,2567.64,3603.72
17381.0,2011-01-10 12:04:00,212.0,3815.72
17381.0,2011-02-04 11:55:00,1987.62,5803.34
17381.0,2011-02-10 11:40:00,1127.52,6930.86
17381.0,2011-02-10 11:41:00,191.0,7121.86
17381.0,2011-02-17 15:40:00,57.6,7179.46
17381.0,2011-03-07 11:52:00,1588.68,8768.14
17381.0,2011-03-07 11:54:00,431.28,9199.42
17381.0,2011-04-03 11:45:00,937.71,10137.13
17381.0,2011-04-03 11:47:00,189.12,10326.25
17381.0,2011-04-14 15:02:00,501.12,10827.37
17381.0,2011-04-21 13:40:00,721.44,11548.81
17381.0,2011-05-06 13:36:00,1484.4,13033.21
17381.0,2011-05-20 09:56:00,784.92,13818.13
17381.0,2011-06-13 09:43:00,462.96,14281.09
17381.0,2011-06-13 09:44:00,50.88,14331.97
17381.0,2011-07-11 12:15:00,1236.48,15568.45
17381.0,2011-07-11 12:17:00,251.68,15820.13
17381.0,2011-08-04 12:13:00,376.32,16196.45
17381.0,2011-08-04 12:14:00,151.2,16347.65
17381.0,2011-08-12 13:27:00,528.0,16875.65
17381.0,2011-09-01 15:52:00,1386.0,18261.65
17381.0,2011-10-04 08:27:00,359.04,18620.69
17381.0,2011-10-04 08:29:00,520.32,19141.01
17381.0,2011-10-04 08:30:00,231.0,19372.01
17381.0,2011-11-15 15:49:00,595.44,19967.45
17381.0,2011-12-01 11:59:00,308.16,20275.61
17382.0,2011-10-05 13:05:00,65.4,65.4
17383.0,2011-12-05 17:36:00,199.29,199.29
17384.0,2011-05-04 16:07:00,227.65,227.65
17384.0,2011-11-20 15:48:00,108.75,336.4
17385.0,2011-11-25 11:02:00,261.11,261.11
17386.0,2011-06-27 12:11:00,434.04,434.04
17386.0,2011-06-27 13:51:00,179.28,613.32
17386.0,2011-08-18 12:23:00,928.08,1541.4
17386.0,2011-09-01 13:46:00,152.64,1694.04
17386.0,2011-09-01 13:47:00,3.3,1697.34
17386.0,2011-12-02 11:28:00,989.08,2686.42
17387.0,2011-11-06 11:25:00,346.44,346.44
17387.0,2011-11-20 11:00:00,437.67,784.11
17388.0,2011-02-25 12:28:00,381.6,381.6
17388.0,2011-05-12 13:41:00,381.6,763.2
17388.0,2011-07-31 12:34:00,189.83,953.03
17388.0,2011-09-23 10:31:00,306.53,1259.56
17389.0,2011-01-12 15:48:00,105.54,105.54
17389.0,2011-01-14 09:54:00,131.4,236.94
17389.0,2011-01-26 13:38:00,227.4,464.34
17389.0,2011-01-31 15:57:00,213.0,677.34
17389.0,2011-02-18 10:07:00,96.9,774.24
17389.0,2011-03-03 12:00:00,124.68,898.92
17389.0,2011-03-08 12:51:00,105.54,1004.46
17389.0,2011-04-08 14:39:00,73.5,1077.96
17389.0,2011-04-15 16:46:00,2945.5,4023.46
17389.0,2011-05-18 14:07:00,370.26,4393.72
17389.0,2011-05-18 14:08:00,108.0,4501.72
17389.0,2011-05-19 17:23:00,141.6,4643.32
17389.0,2011-05-24 15:51:00,336.6,4979.92
17389.0,2011-06-07 15:44:00,147.62,5127.54
17389.0,2011-06-15 12:15:00,263.06,5390.6
17389.0,2011-06-22 15:30:00,52.5,5443.1
17389.0,2011-06-29 09:09:00,395.7,5838.8
17389.0,2011-07-06 15:02:00,473.7,6312.5
17389.0,2011-07-14 09:26:00,561.9,6874.4
17389.0,2011-07-17 13:54:00,338.7,7213.1
17389.0,2011-07-18 12:49:00,119.4,7332.5
17389.0,2011-07-28 12:15:00,513.3,7845.8
17389.0,2011-08-03 10:12:00,441.18,8286.98
17389.0,2011-08-10 14:51:00,625.8,8912.78
17389.0,2011-09-05 10:00:00,591.3,9504.08
17389.0,2011-09-26 13:35:00,4091.46,13595.54
17389.0,2011-11-01 09:26:00,307.32,13902.86
17389.0,2011-11-03 15:47:00,7427.32,21330.18
17389.0,2011-11-07 11:16:00,403.2,21733.38
17389.0,2011-11-10 15:51:00,3782.52,25515.9
17389.0,2011-11-25 13:59:00,441.0,25956.9
17389.0,2011-12-06 16:33:00,4414.88,30371.78
17389.0,2011-12-06 16:35:00,720.0,31091.78
17389.0,2011-12-09 09:38:00,741.9,31833.68
17391.0,2011-06-28 12:21:00,407.04,407.04
17391.0,2011-06-29 09:58:00,101.76,508.8
17392.0,2010-12-16 19:04:00,312.41,312.41
17392.0,2011-02-06 12:48:00,145.5,457.91
17394.0,2011-05-04 13:22:00,203.87,203.87
17396.0,2010-12-03 09:45:00,397.5,397.5
17396.0,2011-07-14 10:20:00,2752.5,3150.0
17396.0,2011-07-14 10:21:00,1633.8,4783.8
17396.0,2011-07-14 10:24:00,18.0,4801.8
17396.0,2011-10-03 14:09:00,2034.0,6835.8
17396.0,2011-10-31 14:12:00,495.0,7330.8
17397.0,2011-11-17 13:58:00,298.78,298.78
17397.0,2011-11-17 14:08:00,397.63,696.41
17398.0,2011-03-29 13:04:00,305.68,305.68
17398.0,2011-05-13 12:41:00,222.77,528.45
17398.0,2011-08-17 09:48:00,124.93,653.38
17400.0,2010-12-21 17:16:00,424.17,424.17
17400.0,2011-03-30 17:33:00,632.8,1056.97
17400.0,2011-03-31 17:06:00,11.8,1068.77
17400.0,2011-05-13 17:34:00,243.75,1312.52
17400.0,2011-08-05 15:38:00,817.44,2129.96
17402.0,2010-12-05 13:53:00,271.2,271.2
17402.0,2010-12-05 15:06:00,188.77,459.97
17402.0,2011-01-14 13:59:00,111.9,571.87
17402.0,2011-04-20 15:04:00,212.5,784.37
17402.0,2011-06-09 14:45:00,226.28,1010.65
17402.0,2011-06-26 11:01:00,151.66,1162.31
17402.0,2011-08-19 13:35:00,278.9,1441.21
17402.0,2011-08-30 12:32:00,291.24,1732.45
17402.0,2011-09-15 15:20:00,115.2,1847.65
17402.0,2011-10-17 10:33:00,151.5,1999.15
17402.0,2011-10-20 12:40:00,35.0,2034.15
17402.0,2011-11-09 13:12:00,312.9,2347.05
17402.0,2011-12-05 10:15:00,286.8,2633.85
17403.0,2011-11-03 15:18:00,281.62,281.62
17404.0,2010-12-14 13:28:00,1188.0,1188.0
17404.0,2010-12-17 10:54:00,2646.3,3834.3
17404.0,2011-01-28 10:00:00,2938.76,6773.06
17404.0,2011-03-10 09:52:00,122.4,6895.46
17404.0,2011-03-14 13:25:00,4400.28,11295.74
17404.0,2011-05-12 12:36:00,2557.88,13853.62
17404.0,2011-07-06 14:17:00,2825.1,16678.72
17404.0,2011-07-31 15:50:00,3633.58,20312.3
17404.0,2011-08-04 10:45:00,612.0,20924.3
17404.0,2011-08-08 13:12:00,80.0,21004.3
17404.0,2011-09-13 11:12:00,4114.08,25118.38
17404.0,2011-10-14 11:44:00,15.0,25133.38
17404.0,2011-10-17 10:50:00,5296.96,30430.34
17404.0,2011-11-14 08:22:00,1238.48,31668.82
17404.0,2011-12-05 16:26:00,238.0,31906.82
17405.0,2011-07-12 14:17:00,393.31,393.31
17405.0,2011-09-28 10:27:00,489.7,883.01
17405.0,2011-12-08 17:12:00,148.4,1031.41
17406.0,2010-12-08 10:35:00,702.1,702.1
17406.0,2011-01-10 14:57:00,1248.32,1950.42
17406.0,2011-01-10 15:07:00,250.0,2200.42
17408.0,2011-06-29 12:53:00,32.65,32.65
17409.0,2011-04-05 16:42:00,260.55,260.55
17409.0,2011-06-08 10:36:00,511.3,771.85
17410.0,2011-05-08 15:21:00,302.4,302.4
17410.0,2011-09-04 16:08:00,117.15,419.55
17410.0,2011-10-12 13:55:00,449.15,868.7
17410.0,2011-11-02 12:23:00,109.68,978.38
17410.0,2011-11-23 15:46:00,236.34,1214.72
17411.0,2011-03-23 13:44:00,285.58,285.58
17411.0,2011-09-25 10:48:00,283.86,569.44
17411.0,2011-11-27 14:25:00,209.5,778.94
17412.0,2010-12-02 16:29:00,197.3,197.3
17412.0,2010-12-16 17:48:00,250.46,447.76
17412.0,2011-02-09 14:44:00,141.36,589.12
17412.0,2011-05-27 14:55:00,120.7,709.82
17412.0,2011-10-11 12:27:00,160.4,870.22
17412.0,2011-11-16 12:21:00,201.44,1071.66
17412.0,2011-12-07 11:36:00,186.4,1258.06
17414.0,2011-06-08 11:43:00,598.0,598.0
17414.0,2011-10-27 12:13:00,180.0,778.0
17415.0,2011-09-21 12:50:00,507.84,507.84
17416.0,2011-03-03 13:45:00,2114.71,2114.71
17416.0,2011-05-20 08:41:00,1005.7,3120.41
17416.0,2011-05-26 15:35:00,327.6,3448.01
17416.0,2011-06-16 17:08:00,937.74,4385.75
17416.0,2011-08-22 09:30:00,908.74,5294.49
17416.0,2011-09-23 10:25:00,584.32,5878.81
17416.0,2011-11-10 12:47:00,1014.61,6893.42
17418.0,2011-01-20 11:39:00,167.39,167.39
17418.0,2011-10-28 13:00:00,296.07,463.46
17419.0,2010-12-07 15:03:00,356.87,356.87
17419.0,2010-12-07 15:04:00,17.4,374.27
17419.0,2011-01-19 09:54:00,330.2,704.47
17419.0,2011-02-17 17:34:00,333.0,1037.47
17419.0,2011-03-08 11:44:00,329.08,1366.55
17419.0,2011-03-18 14:14:00,321.75,1688.3
17419.0,2011-04-04 12:31:00,357.5,2045.8
17419.0,2011-07-19 12:39:00,614.2,2660.0
17419.0,2011-10-06 09:36:00,465.55,3125.55
17419.0,2011-11-01 08:53:00,318.41,3443.96
17419.0,2011-11-17 10:53:00,477.67,3921.63
17419.0,2011-11-28 13:47:00,304.94,4226.57
17420.0,2010-12-01 09:56:00,130.85,130.85
17420.0,2011-06-21 15:07:00,260.66,391.51
17420.0,2011-10-20 14:52:00,207.32,598.83
17422.0,2011-02-16 14:44:00,321.25,321.25
17422.0,2011-05-03 10:49:00,306.82,628.07
17422.0,2011-06-12 13:22:00,375.04,1003.11
17422.0,2011-07-20 10:08:00,293.07,1296.18
17422.0,2011-09-07 15:00:00,402.79,1698.97
17422.0,2011-11-23 13:27:00,280.4,1979.37
17423.0,2011-05-06 09:14:00,449.42,449.42
17423.0,2011-10-24 13:36:00,248.99,698.41
17425.0,2011-10-10 11:37:00,688.97,688.97
17425.0,2011-11-20 15:30:00,70.2,759.17
17426.0,2011-03-02 16:34:00,1193.88,1193.88
17426.0,2011-06-17 12:30:00,1987.19,3181.07
17426.0,2011-06-17 12:31:00,98.16,3279.23
17426.0,2011-09-09 15:51:00,1001.36,4280.59
17426.0,2011-12-01 18:03:00,634.21,4914.8
17426.0,2011-12-01 18:07:00,122.46,5037.26
17427.0,2011-09-29 11:29:00,100.8,100.8
17428.0,2010-12-06 09:37:00,353.0,353.0
17428.0,2010-12-13 10:46:00,540.95,893.95
17428.0,2011-01-04 13:22:00,323.04,1216.99
17428.0,2011-01-11 10:38:00,670.8,1887.79
17428.0,2011-02-08 12:47:00,603.44,2491.23
17428.0,2011-02-23 10:27:00,618.89,3110.12
17428.0,2011-03-06 12:58:00,510.7,3620.82
17428.0,2011-03-29 09:11:00,444.52,4065.34
17428.0,2011-04-12 10:41:00,614.0,4679.34
17428.0,2011-04-12 10:42:00,497.82,5177.16
17428.0,2011-05-11 10:47:00,590.95,5768.11
17428.0,2011-05-11 10:49:00,1520.71,7288.82
17428.0,2011-06-14 11:21:00,188.44,7477.26
17428.0,2011-06-14 11:22:00,372.6,7849.86
17428.0,2011-06-14 11:23:00,236.28,8086.14
17428.0,2011-06-20 13:28:00,524.5,8610.64
17428.0,2011-07-06 16:03:00,345.65,8956.29
17428.0,2011-08-04 19:22:00,1327.55,10283.84
17428.0,2011-08-21 12:37:00,377.25,10661.09
17428.0,2011-09-15 15:21:00,4090.28,14751.37
17428.0,2011-10-06 13:26:00,433.2,15184.57
17428.0,2011-10-06 13:27:00,124.3,15308.87
17428.0,2011-10-26 11:49:00,615.4,15924.27
17428.0,2011-11-01 14:51:00,311.18,16235.45
17428.0,2011-11-17 13:45:00,460.8,16696.25
17428.0,2011-11-17 13:46:00,145.0,16841.25
17428.0,2011-12-09 09:45:00,415.6,17256.85
17429.0,2011-05-05 09:53:00,186.86,186.86
17429.0,2011-06-07 13:38:00,189.28,376.14
17429.0,2011-08-03 13:22:00,148.78,524.92
17430.0,2010-12-09 13:05:00,112.6,112.6
17430.0,2011-11-07 09:24:00,153.16,265.76
17431.0,2011-01-30 14:36:00,403.3,403.3
17432.0,2011-11-02 17:30:00,175.89,175.89
17432.0,2011-11-21 17:33:00,189.87,365.76
17433.0,2011-09-12 14:24:00,303.16,303.16
17434.0,2011-09-15 13:54:00,499.56,499.56
17434.0,2011-10-20 10:06:00,327.93,827.49
17434.0,2011-11-02 14:35:00,313.74,1141.23
17434.0,2011-11-16 15:08:00,226.17,1367.4
17434.0,2011-11-23 16:22:00,313.52,1680.92
17434.0,2011-11-30 15:58:00,371.56,2052.48
17434.0,2011-12-07 13:16:00,321.34,2373.82
17436.0,2011-04-27 11:33:00,122.4,122.4
17436.0,2011-12-08 12:30:00,93.9,216.3
17438.0,2011-03-31 10:26:00,388.45,388.45
17440.0,2011-04-06 12:05:00,117.6,117.6
17440.0,2011-04-06 12:08:00,7.02,124.62
17440.0,2011-07-06 11:54:00,61.8,186.42
17442.0,2011-02-22 13:02:00,440.83,440.83
17442.0,2011-05-03 12:35:00,374.0,814.83
17442.0,2011-06-28 13:16:00,254.18,1069.01
17442.0,2011-08-10 12:25:00,521.44,1590.45
17442.0,2011-09-07 12:19:00,331.24,1921.69
17442.0,2011-11-03 09:17:00,326.87,2248.56
17443.0,2011-05-04 10:47:00,534.24,534.24
17444.0,2011-06-20 09:04:00,1171.46,1171.46
17444.0,2011-07-11 10:33:00,1217.64,2389.1
17444.0,2011-07-15 12:05:00,550.94,2940.04
17446.0,2011-02-02 14:40:00,68.1,68.1
17446.0,2011-06-16 10:42:00,52.8,120.9
17447.0,2011-09-29 10:10:00,372.48,372.48
17447.0,2011-10-30 14:18:00,169.05,541.53
17449.0,2010-12-15 10:57:00,684.26,684.26
17449.0,2011-03-01 17:32:00,338.34,1022.6
17449.0,2011-04-19 14:57:00,300.09,1322.69
17449.0,2011-09-06 08:34:00,174.86,1497.55
17449.0,2011-10-25 17:21:00,391.0,1888.55
17449.0,2011-10-25 17:22:00,206.62,2095.17
17449.0,2011-12-07 16:56:00,425.69,2520.86
17450.0,2010-12-07 09:23:00,39.6,39.6
17450.0,2010-12-07 09:43:00,1989.24,2028.84
17450.0,2011-01-11 08:43:00,12797.52,14826.36
17450.0,2011-01-11 08:50:00,1508.66,16335.02
17450.0,2011-01-11 09:24:00,4314.02,20649.04
17450.0,2011-03-09 10:58:00,2099.7,22748.74
17450.0,2011-03-24 18:34:00,11343.2,34091.94
17450.0,2011-03-25 09:39:00,57.6,34149.54
17450.0,2011-04-20 11:05:00,3108.64,37258.18
17450.0,2011-04-27 11:47:00,476.4,37734.58
17450.0,2011-05-24 09:32:00,2825.4,40559.98
17450.0,2011-05-24 10:24:00,9468.48,50028.46
17450.0,2011-05-26 19:49:00,5518.68,55547.14
17450.0,2011-05-31 10:38:00,213.12,55760.26
17450.0,2011-06-16 18:40:00,5405.48,61165.74
17450.0,2011-07-12 09:04:00,1752.06,62917.8
17450.0,2011-07-14 16:23:00,3279.36,66197.16
17450.0,2011-07-28 16:11:00,3453.72,69650.88
17450.0,2011-08-17 19:15:00,813.4,70464.28
17450.0,2011-08-17 19:40:00,2240.0,72704.28
17450.0,2011-08-17 20:02:00,13031.5,85735.78
17450.0,2011-08-23 10:48:00,34.56,85770.34
17450.0,2011-09-05 13:52:00,691.2,86461.54
17450.0,2011-09-20 09:55:00,957.9,87419.44
17450.0,2011-09-20 10:12:00,22104.8,109524.24
17450.0,2011-09-20 10:23:00,4418.0,113942.24
17450.0,2011-09-20 10:38:00,3189.94,117132.18
17450.0,2011-09-20 11:05:00,31698.16,148830.34
17450.0,2011-09-20 12:05:00,1468.8,150299.14
17450.0,2011-09-20 12:21:00,4563.84,154862.98
17450.0,2011-09-20 13:38:00,3200.0,158062.98
17450.0,2011-09-30 10:25:00,320.0,158382.98
17450.0,2011-09-30 10:27:00,2800.0,161182.98
17450.0,2011-10-24 16:48:00,1896.72,163079.7
17450.0,2011-10-31 10:45:00,2039.24,165118.94
17450.0,2011-11-03 15:01:00,2907.2,168026.14
17450.0,2011-11-03 15:32:00,6162.62,174188.76
17450.0,2011-11-14 08:41:00,1314.94,175503.7
17450.0,2011-11-14 08:56:00,3174.4,178678.1
17450.0,2011-11-21 14:21:00,5490.24,184168.34
17450.0,2011-11-28 16:32:00,1147.2,185315.54
17450.0,2011-11-28 16:39:00,3821.36,189136.9
17450.0,2011-11-28 16:47:00,1034.4,190171.3
17450.0,2011-11-28 16:54:00,230.4,190401.7
17450.0,2011-11-29 09:56:00,2586.69,192988.39
17450.0,2011-12-01 13:29:00,1562.4,194550.79
17451.0,2011-08-26 11:54:00,346.01,346.01
17451.0,2011-09-19 09:30:00,214.97,560.98
17451.0,2011-10-14 13:24:00,489.27,1050.25
17451.0,2011-11-24 11:17:00,37.24,1087.49
17451.0,2011-11-24 11:19:00,339.73,1427.22
17451.0,2011-12-08 15:02:00,294.18,1721.4
17453.0,2011-10-06 17:02:00,342.0,342.0
17453.0,2011-11-22 09:42:00,144.72,486.72
17454.0,2010-12-15 10:54:00,165.85,165.85
17454.0,2011-02-13 13:22:00,132.25,298.1
17454.0,2011-04-20 11:19:00,115.43,413.53
17454.0,2011-05-31 13:58:00,104.0,517.53
17455.0,2011-05-20 12:31:00,131.7,131.7
17456.0,2010-12-09 15:23:00,249.86,249.86
17457.0,2011-01-04 14:33:00,385.8,385.8
17457.0,2011-02-04 08:56:00,331.26,717.06
17457.0,2011-04-01 13:04:00,313.38,1030.44
17457.0,2011-05-19 10:32:00,367.2,1397.64
17457.0,2011-08-05 12:48:00,340.06,1737.7
17458.0,2011-11-24 13:01:00,316.5,316.5
17459.0,2011-10-10 17:00:00,300.39,300.39
17459.0,2011-10-27 13:25:00,356.91,657.3
17460.0,2010-12-01 16:24:00,19.9,19.9
17460.0,2010-12-02 15:14:00,50.4,70.3
17460.0,2011-01-25 13:43:00,133.5,203.8
17460.0,2011-03-16 16:08:00,138.88,342.68
17460.0,2011-04-28 10:54:00,119.9,462.58
17460.0,2011-09-06 15:04:00,159.85,622.43
17461.0,2011-11-10 12:01:00,382.56,382.56
17461.0,2011-11-17 10:01:00,349.2,731.76
17461.0,2011-11-17 10:21:00,25.7,757.46
17462.0,2011-02-28 17:01:00,463.41,463.41
17462.0,2011-10-10 13:56:00,212.28,675.69
17463.0,2011-01-30 15:48:00,709.51,709.51
17463.0,2011-04-20 12:30:00,234.25,943.76
17463.0,2011-06-16 15:10:00,301.88,1245.64
17463.0,2011-10-21 13:17:00,452.46,1698.1
17463.0,2011-11-23 13:40:00,198.31,1896.41
17464.0,2011-07-04 13:19:00,289.96,289.96
17466.0,2011-09-22 09:16:00,460.41,460.41
17466.0,2011-11-29 13:15:00,302.87,763.28
17468.0,2011-11-25 12:52:00,107.0,107.0
17468.0,2011-11-29 15:33:00,30.0,137.0
17469.0,2011-05-19 08:55:00,305.36,305.36
17469.0,2011-07-05 10:21:00,440.71,746.07
17469.0,2011-08-23 08:54:00,304.2,1050.27
17469.0,2011-09-28 10:42:00,441.8,1492.07
17469.0,2011-11-23 13:15:00,378.9,1870.97
17470.0,2010-12-07 09:57:00,178.4,178.4
17470.0,2011-04-05 14:38:00,304.13,482.53
17470.0,2011-05-06 10:37:00,140.58,623.11
17470.0,2011-08-04 13:15:00,193.36,816.47
17470.0,2011-10-26 12:42:00,308.6,1125.07
17472.0,2011-02-13 14:40:00,252.51,252.51
17472.0,2011-02-24 18:26:00,198.51,451.02
17472.0,2011-06-01 14:57:00,259.27,710.29
17475.0,2011-09-21 14:55:00,194.37,194.37
17480.0,2011-09-23 11:39:00,511.82,511.82
17481.0,2011-09-07 09:57:00,260.63,260.63
17481.0,2011-11-03 16:37:00,405.0,665.63
17481.0,2011-11-24 09:06:00,417.56,1083.19
17481.0,2011-12-06 12:28:00,172.4,1255.59
17483.0,2011-06-09 19:40:00,155.1,155.1
17483.0,2011-07-28 17:33:00,119.64,274.74
17483.0,2011-10-05 13:10:00,139.3,414.04
17486.0,2011-03-23 14:00:00,396.87,396.87
17489.0,2011-05-11 11:34:00,208.56,208.56
17489.0,2011-10-12 08:56:00,168.08,376.64
17490.0,2011-06-16 09:15:00,305.2,305.2
17490.0,2011-09-19 12:16:00,313.1,618.3
17490.0,2011-09-27 11:52:00,396.2,1014.5
17490.0,2011-10-06 17:52:00,306.72,1321.22
17490.0,2011-12-07 13:46:00,40.4,1361.62
17490.0,2011-12-09 09:07:00,242.3,1603.92
17490.0,2011-12-09 09:08:00,488.4,2092.32
17491.0,2010-12-07 12:18:00,327.4,327.4
17491.0,2011-01-18 11:30:00,305.52,632.92
17491.0,2011-03-24 09:50:00,556.94,1189.86
17491.0,2011-06-08 15:23:00,135.0,1324.86
17491.0,2011-07-29 15:02:00,335.45,1660.31
17491.0,2011-09-05 11:51:00,457.8,2118.11
17491.0,2011-09-26 13:25:00,305.51,2423.62
17491.0,2011-11-03 11:40:00,360.83,2784.45
17491.0,2011-11-25 13:10:00,331.52,3115.97
17491.0,2011-12-08 16:18:00,442.9,3558.87
17492.0,2011-04-05 15:21:00,374.57,374.57
17495.0,2011-11-01 12:06:00,342.59,342.59
17495.0,2011-12-02 12:08:00,154.97,497.56
17496.0,2010-12-16 08:39:00,271.05,271.05
17498.0,2011-09-25 12:25:00,272.22,272.22
17499.0,2011-02-23 09:14:00,622.88,622.88
17500.0,2011-11-10 09:08:00,288.0,288.0
17500.0,2011-11-16 13:36:00,340.0,628.0
17500.0,2011-11-22 14:25:00,510.0,1138.0
17501.0,2011-05-03 09:46:00,248.25,248.25
17501.0,2011-05-03 09:47:00,40.35,288.6
17502.0,2011-11-10 16:39:00,226.6,226.6
17502.0,2011-11-21 13:14:00,132.0,358.6
17502.0,2011-11-22 13:25:00,30.0,388.6
17502.0,2011-11-30 13:13:00,300.5,689.1
17503.0,2011-11-01 11:12:00,340.43,340.43
17503.0,2011-12-07 09:18:00,218.53,558.96
17504.0,2011-01-21 11:09:00,441.15,441.15
17504.0,2011-02-23 14:40:00,346.28,787.43
17504.0,2011-03-16 14:57:00,859.01,1646.44
17504.0,2011-05-06 10:34:00,251.75,1898.19
17504.0,2011-05-15 12:35:00,537.49,2435.68
17504.0,2011-05-17 12:56:00,302.1,2737.78
17504.0,2011-05-17 12:57:00,210.35,2948.13
17504.0,2011-05-17 12:58:00,39.0,2987.13
17504.0,2011-05-17 12:59:00,9.9,2997.03
17505.0,2011-05-18 09:01:00,486.99,486.99
17505.0,2011-07-01 12:50:00,658.85,1145.84
17506.0,2011-09-25 11:39:00,302.2,302.2
17507.0,2011-02-03 18:08:00,340.56,340.56
17507.0,2011-03-23 11:48:00,265.02,605.58
17508.0,2011-03-04 08:10:00,387.31,387.31
17509.0,2011-10-07 13:14:00,313.56,313.56
17509.0,2011-10-07 14:17:00,654.69,968.25
17509.0,2011-10-07 14:27:00,914.64,1882.89
17509.0,2011-10-07 14:28:00,898.14,2781.03
17509.0,2011-10-07 15:01:00,639.69,3420.72
17509.0,2011-10-07 15:26:00,898.14,4318.86
17509.0,2011-10-10 08:58:00,898.14,5217.0
17509.0,2011-10-13 10:26:00,898.14,6115.14
17510.0,2011-11-15 10:00:00,308.48,308.48
17511.0,2010-12-01 10:19:00,1825.74,1825.74
17511.0,2010-12-07 09:51:00,1644.94,3470.68
17511.0,2010-12-15 11:53:00,3240.4,6711.08
17511.0,2011-01-05 12:40:00,3862.14,10573.22
17511.0,2011-02-01 10:38:00,4446.88,15020.1
17511.0,2011-02-22 15:09:00,1980.82,17000.92
17511.0,2011-02-22 15:10:00,1355.94,18356.86
17511.0,2011-03-16 12:12:00,3018.34,21375.2
17511.0,2011-03-25 16:25:00,3962.06,25337.26
17511.0,2011-03-29 15:18:00,258.18,25595.44
17511.0,2011-04-12 13:24:00,1444.66,27040.1
17511.0,2011-04-13 15:06:00,31.0,27071.1
17511.0,2011-04-20 13:36:00,1466.14,28537.24
17511.0,2011-05-04 11:32:00,3566.14,32103.38
17511.0,2011-05-04 14:43:00,997.5,33100.88
17511.0,2011-05-17 15:32:00,2649.52,35750.4
17511.0,2011-06-15 11:30:00,4415.44,40165.84
17511.0,2011-07-05 14:53:00,2156.44,42322.28
17511.0,2011-07-20 14:39:00,5433.57,47755.85
17511.0,2011-08-04 12:36:00,5162.74,52918.59
17511.0,2011-08-17 11:04:00,3256.88,56175.47
17511.0,2011-09-07 11:41:00,3200.28,59375.75
17511.0,2011-09-21 11:30:00,4463.08,63838.83
17511.0,2011-09-27 11:53:00,566.56,64405.39
17511.0,2011-10-05 10:11:00,3855.84,68261.23
17511.0,2011-10-26 10:29:00,1820.89,70082.12
17511.0,2011-10-26 10:30:00,78.72,70160.84
17511.0,2011-11-09 11:17:00,7059.54,77220.38
17511.0,2011-11-09 11:19:00,2506.0,79726.38
17511.0,2011-11-23 10:31:00,3956.68,83683.06
17511.0,2011-12-05 13:33:00,2430.08,86113.14
17511.0,2011-12-07 10:12:00,4949.24,91062.38
17512.0,2011-02-11 12:22:00,494.51,494.51
17512.0,2011-02-16 09:03:00,77.5,572.01
17512.0,2011-02-22 09:13:00,79.2,651.21
17512.0,2011-03-24 09:21:00,441.81,1093.02
17512.0,2011-05-05 10:49:00,99.6,1192.62
17512.0,2011-05-23 15:33:00,109.8,1302.42
17512.0,2011-07-08 13:39:00,238.9,1541.32
17512.0,2011-08-10 14:55:00,350.58,1891.9
17512.0,2011-10-19 15:26:00,581.41,2473.31
17512.0,2011-11-11 12:11:00,451.68,2924.99
17513.0,2011-09-28 16:42:00,513.2,513.2
17514.0,2011-08-03 15:45:00,208.65,208.65
17515.0,2011-01-25 14:33:00,231.48,231.48
17515.0,2011-03-16 15:19:00,200.7,432.18
17515.0,2011-05-17 14:03:00,139.19,571.37
17515.0,2011-11-08 14:04:00,67.65,639.02
17516.0,2011-02-27 12:41:00,321.23,321.23
17516.0,2011-02-27 12:45:00,6.6,327.83
17516.0,2011-05-06 13:25:00,127.38,455.21
17516.0,2011-08-12 14:50:00,153.64,608.85
17516.0,2011-11-24 16:51:00,159.23,768.08
17517.0,2011-02-04 11:48:00,153.94,153.94
17519.0,2010-12-06 15:18:00,335.3,335.3
17519.0,2011-03-23 13:59:00,313.45,648.75
17519.0,2011-05-17 10:14:00,306.85,955.6
17519.0,2011-06-19 13:55:00,200.5,1156.1
17519.0,2011-07-29 12:09:00,331.9,1488.0
17519.0,2011-11-22 16:43:00,356.02,1844.02
17520.0,2011-10-17 12:04:00,546.81,546.81
17521.0,2011-05-24 15:14:00,159.56,159.56
17521.0,2011-10-05 13:42:00,338.19,497.75
17521.0,2011-11-10 11:22:00,225.46,723.21
17522.0,2011-05-05 16:31:00,147.44,147.44
17522.0,2011-05-17 10:36:00,100.98,248.42
17522.0,2011-06-09 14:23:00,539.12,787.54
17522.0,2011-07-24 12:29:00,124.71,912.25
17522.0,2011-12-08 12:31:00,158.46,1070.71
17523.0,2011-11-20 13:40:00,188.73,188.73
17523.0,2011-11-20 13:47:00,60.48,249.21
17523.0,2011-11-24 08:28:00,277.98,527.19
17523.0,2011-11-28 13:20:00,125.55,652.74
17524.0,2010-12-13 14:32:00,145.0,145.0
17525.0,2010-12-15 12:05:00,422.7,422.7
17526.0,2010-12-09 12:20:00,226.8,226.8
17526.0,2010-12-14 11:11:00,11.8,238.6
17526.0,2011-02-22 09:10:00,634.2,872.8
17526.0,2011-12-05 11:05:00,323.1,1195.9
17527.0,2011-05-05 13:43:00,292.11,292.11
17527.0,2011-08-22 10:15:00,314.51,606.62
17527.0,2011-09-20 09:06:00,181.6,788.22
17527.0,2011-10-17 12:32:00,151.15,939.37
17528.0,2011-09-29 13:04:00,779.36,779.36
17528.0,2011-09-29 13:45:00,327.72,1107.08
17528.0,2011-10-12 15:35:00,467.36,1574.44
17528.0,2011-10-21 09:25:00,547.34,2121.78
17528.0,2011-10-27 14:49:00,389.96,2511.74
17528.0,2011-11-09 14:44:00,373.27,2885.01
17528.0,2011-11-22 10:21:00,542.99,3428.0
17528.0,2011-12-08 13:27:00,200.5,3628.5
17530.0,2010-12-09 20:01:00,300.64,300.64
17530.0,2011-02-15 17:02:00,344.69,645.33
17530.0,2011-04-20 17:37:00,430.76,1076.09
17530.0,2011-04-27 12:49:00,29.88,1105.97
17530.0,2011-04-27 14:48:00,15.0,1120.97
17530.0,2011-05-17 16:48:00,165.39,1286.36
17530.0,2011-05-17 16:49:00,81.5,1367.86
17530.0,2011-09-15 17:00:00,395.55,1763.41
17530.0,2011-10-27 20:16:00,227.08,1990.49
17530.0,2011-11-23 17:32:00,178.7,2169.19
17530.0,2011-12-08 18:42:00,215.81,2385.0
17531.0,2011-06-02 19:17:00,296.7,296.7
17534.0,2011-10-17 12:47:00,223.36,223.36
17535.0,2011-03-04 15:20:00,164.4,164.4
17536.0,2011-06-15 13:23:00,76.5,76.5
17537.0,2011-02-09 13:37:00,630.7,630.7
17537.0,2011-11-10 10:56:00,266.92,897.62
17538.0,2011-11-14 12:12:00,98.42,98.42
17540.0,2011-01-27 14:35:00,268.8,268.8
17540.0,2011-11-15 11:56:00,310.1,578.9
17542.0,2011-03-15 11:45:00,170.75,170.75
17545.0,2011-10-27 13:48:00,344.14,344.14
17545.0,2011-10-27 13:56:00,122.68,466.82
17545.0,2011-10-27 14:04:00,179.14,645.96
17548.0,2011-04-20 12:01:00,103.3,103.3
17549.0,2011-10-19 10:05:00,28.2,28.2
17549.0,2011-11-16 09:59:00,120.66,148.86
17550.0,2011-04-10 15:19:00,156.22,156.22
17550.0,2011-05-26 14:01:00,100.44,256.66
17550.0,2011-05-26 14:09:00,10.5,267.16
17551.0,2010-12-15 14:12:00,306.84,306.84
17552.0,2010-12-02 18:45:00,263.62,263.62
17552.0,2010-12-02 18:46:00,34.9,298.52
17552.0,2011-09-29 18:51:00,615.39,913.91
17552.0,2011-10-10 17:00:00,16.5,930.41
17553.0,2011-08-02 10:00:00,1487.6,1487.6
17554.0,2011-07-14 20:01:00,772.43,772.43
17554.0,2011-08-09 10:16:00,477.46,1249.89
17554.0,2011-10-11 14:19:00,210.14,1460.03
17554.0,2011-11-23 08:42:00,254.12,1714.15
17554.0,2011-12-08 14:15:00,238.3,1952.45
17555.0,2011-01-09 12:31:00,195.45,195.45
17555.0,2011-11-20 12:22:00,287.81,483.26
17556.0,2011-05-18 10:48:00,157.9,157.9
17557.0,2011-09-19 14:23:00,288.36,288.36
17557.0,2011-10-26 15:43:00,150.8,439.16
17557.0,2011-11-25 12:57:00,102.3,541.46
17560.0,2011-02-02 11:14:00,162.1,162.1
17560.0,2011-05-19 17:13:00,323.95,486.05
17560.0,2011-07-07 15:06:00,219.78,705.83
17560.0,2011-09-06 09:18:00,149.12,854.95
17561.0,2011-11-20 12:53:00,167.62,167.62
17562.0,2011-06-19 13:06:00,300.1,300.1
17562.0,2011-07-06 10:59:00,109.0,409.1
17562.0,2011-08-10 15:37:00,126.3,535.4
17562.0,2011-08-22 12:16:00,125.7,661.1
17562.0,2011-09-13 14:42:00,191.78,852.88
17562.0,2011-10-19 15:15:00,103.8,956.68
17562.0,2011-11-25 14:21:00,165.7,1122.38
17564.0,2011-09-20 14:00:00,119.12,119.12
17564.0,2011-10-26 13:20:00,124.34,243.46
17564.0,2011-11-15 13:27:00,210.55,454.01
17566.0,2011-11-14 13:42:00,414.26,414.26
17566.0,2011-12-01 19:54:00,486.95,901.21
17567.0,2010-12-02 15:18:00,517.95,517.95
17567.0,2011-02-16 10:38:00,424.85,942.8
17567.0,2011-03-03 08:24:00,535.38,1478.18
17567.0,2011-04-20 13:15:00,395.79,1873.97
17567.0,2011-07-13 17:03:00,461.08,2335.05
17567.0,2011-09-08 10:00:00,590.4,2925.45
17567.0,2011-10-13 12:52:00,988.03,3913.48
17567.0,2011-12-02 15:48:00,418.0,4331.48
17569.0,2011-01-11 14:15:00,344.14,344.14
17571.0,2011-02-14 15:15:00,284.35,284.35
17571.0,2011-03-07 11:44:00,75.6,359.95
17571.0,2011-07-17 12:26:00,201.25,561.2
17571.0,2011-10-20 15:57:00,937.31,1498.51
17572.0,2010-12-01 12:51:00,70.8,70.8
17572.0,2011-04-15 12:10:00,81.4,152.2
17572.0,2011-09-01 10:28:00,43.8,196.0
17572.0,2011-09-29 17:53:00,30.75,226.75
17573.0,2011-09-07 10:36:00,174.71,174.71
17573.0,2011-09-15 17:09:00,7.5,182.21
17573.0,2011-11-10 13:01:00,198.39,380.6
17574.0,2011-04-11 09:47:00,185.65,185.65
17576.0,2010-12-09 16:57:00,119.65,119.65
17576.0,2010-12-13 15:56:00,177.35,297.0
17576.0,2011-01-18 16:45:00,128.82,425.82
17576.0,2011-01-18 16:52:00,15.0,440.82
17576.0,2011-02-17 16:59:00,147.2,588.02
17576.0,2011-03-02 17:21:00,151.07,739.09
17576.0,2011-03-22 17:00:00,198.02,937.11
17576.0,2011-04-12 16:19:00,355.77,1292.88
17576.0,2011-05-09 16:42:00,147.15,1440.03
17576.0,2011-06-09 17:47:00,294.86,1734.89
17576.0,2011-07-12 17:23:00,263.38,1998.27
17576.0,2011-08-18 17:44:00,102.95,2101.22
17576.0,2011-08-25 19:55:00,80.18,2181.4
17576.0,2011-09-01 16:30:00,125.55,2306.95
17576.0,2011-09-15 15:29:00,244.7,2551.65
17576.0,2011-09-27 17:03:00,226.5,2778.15
17576.0,2011-10-18 17:04:00,317.0,3095.15
17576.0,2011-11-01 17:20:00,132.53,3227.68
17576.0,2011-12-01 17:56:00,395.0,3622.68
17578.0,2011-05-05 18:38:00,143.46,143.46
17579.0,2011-06-13 14:12:00,164.41,164.41
17579.0,2011-07-25 09:50:00,106.45,270.86
17579.0,2011-12-05 12:28:00,178.04,448.9
17580.0,2010-12-16 15:27:00,46.85,46.85
17580.0,2011-01-31 14:07:00,121.17,168.02
17580.0,2011-04-01 12:41:00,47.7,215.72
17581.0,2010-12-02 14:47:00,668.4,668.4
17581.0,2010-12-02 14:49:00,118.38,786.78
17581.0,2011-01-14 12:09:00,448.95,1235.73
17581.0,2011-03-04 10:28:00,356.9,1592.63
17581.0,2011-03-04 10:30:00,369.95,1962.58
17581.0,2011-03-04 10:31:00,102.4,2064.98
17581.0,2011-05-10 11:48:00,791.33,2856.31
17581.0,2011-05-10 11:49:00,44.55,2900.86
17581.0,2011-05-10 11:50:00,323.7,3224.56
17581.0,2011-05-10 13:40:00,195.0,3419.56
17581.0,2011-06-15 12:48:00,1202.99,4622.55
17581.0,2011-06-15 12:50:00,120.94,4743.49
17581.0,2011-07-04 15:46:00,298.74,5042.23
17581.0,2011-07-04 15:49:00,62.6,5104.83
17581.0,2011-08-22 10:08:00,1351.22,6456.05
17581.0,2011-08-22 10:09:00,66.24,6522.29
17581.0,2011-09-22 11:40:00,1035.0,7557.29
17581.0,2011-09-22 11:41:00,820.78,8378.07
17581.0,2011-11-06 12:56:00,1349.69,9727.76
17581.0,2011-11-06 12:59:00,174.9,9902.66
17581.0,2011-11-06 13:02:00,157.7,10060.36
17581.0,2011-12-09 12:19:00,903.62,10963.98
17581.0,2011-12-09 12:20:00,51.18,11015.16
17581.0,2011-12-09 12:21:00,29.88,11045.04
17582.0,2011-04-17 13:18:00,175.27,175.27
17584.0,2011-08-04 14:12:00,749.45,749.45
17584.0,2011-12-02 17:12:00,492.85,1242.3
17585.0,2011-01-05 15:09:00,417.81,417.81
17585.0,2011-03-21 16:32:00,103.72,521.53
17585.0,2011-06-22 13:28:00,291.99,813.52
17585.0,2011-08-22 13:30:00,319.55,1133.07
17588.0,2011-04-21 10:31:00,397.2,397.2
17588.0,2011-06-20 16:19:00,305.04,702.24
17588.0,2011-08-31 13:37:00,537.96,1240.2
17589.0,2011-04-13 13:47:00,590.77,590.77
17589.0,2011-06-05 15:25:00,620.65,1211.42
17589.0,2011-07-11 17:07:00,631.65,1843.07
17589.0,2011-10-10 16:58:00,561.1,2404.17
17590.0,2011-10-30 14:05:00,349.38,349.38
17590.0,2011-11-22 16:06:00,808.91,1158.29
17590.0,2011-12-07 12:55:00,320.93,1479.22
17591.0,2010-12-07 15:39:00,406.6,406.6
17591.0,2011-01-24 11:50:00,309.43,716.03
17591.0,2011-02-14 13:11:00,151.68,867.71
17591.0,2011-03-17 16:23:00,326.04,1193.75
17591.0,2011-05-20 13:16:00,455.82,1649.57
17591.0,2011-08-09 12:55:00,213.6,1863.17
17591.0,2011-09-27 13:42:00,362.8,2225.97
17593.0,2010-12-22 10:29:00,662.9,662.9
17593.0,2011-06-26 13:45:00,852.84,1515.74
17593.0,2011-07-18 10:28:00,747.78,2263.52
17593.0,2011-09-09 09:52:00,985.62,3249.14
17593.0,2011-12-06 10:30:00,678.2,3927.34
17594.0,2011-03-30 10:32:00,315.0,315.0
17594.0,2011-09-15 16:34:00,678.18,993.18
17595.0,2011-11-02 16:19:00,157.9,157.9
17595.0,2011-11-27 16:08:00,230.89,388.79
17596.0,2010-12-06 12:34:00,392.62,392.62
17596.0,2011-04-05 11:47:00,354.29,746.91
17596.0,2011-06-01 15:28:00,541.95,1288.86
17596.0,2011-07-26 13:46:00,449.87,1738.73
17596.0,2011-10-07 14:05:00,612.01,2350.74
17596.0,2011-10-25 13:46:00,182.02,2532.76
17596.0,2011-11-16 14:11:00,295.17,2827.93
17597.0,2011-05-10 11:54:00,2044.37,2044.37
17600.0,2011-11-22 09:43:00,161.67,161.67
17601.0,2011-04-14 18:02:00,116.01,116.01
17602.0,2011-01-19 16:18:00,185.92,185.92
17602.0,2011-01-19 16:19:00,581.13,767.05
17602.0,2011-08-07 15:52:00,142.5,909.55
17602.0,2011-09-15 14:07:00,1244.44,2153.99
17602.0,2011-10-27 20:09:00,1090.93,3244.92
17602.0,2011-11-16 15:58:00,769.36,4014.28
17602.0,2011-12-07 13:53:00,1088.69,5102.97
17603.0,2011-09-22 14:18:00,394.72,394.72
17604.0,2011-01-31 15:09:00,136.24,136.24
17604.0,2011-05-06 13:43:00,173.12,309.36
17608.0,2011-11-06 13:00:00,187.62,187.62
17608.0,2011-11-06 13:06:00,5.8,193.42
17609.0,2011-01-16 16:23:00,430.04,430.04
17609.0,2011-02-10 17:54:00,107.65,537.69
17609.0,2011-09-27 17:47:00,213.35,751.04
17609.0,2011-10-30 12:14:00,331.21,1082.25
17609.0,2011-10-30 12:28:00,29.97,1112.22
17611.0,2010-12-13 13:52:00,244.19,244.19
17611.0,2011-01-19 15:20:00,321.4,565.59
17611.0,2011-01-23 13:31:00,497.48,1063.07
17611.0,2011-03-13 15:25:00,371.37,1434.44
17611.0,2011-04-11 14:11:00,282.4,1716.84
17611.0,2011-05-22 14:44:00,305.1,2021.94
17611.0,2011-06-23 14:22:00,114.88,2136.82
17611.0,2011-07-07 14:03:00,285.83,2422.65
17611.0,2011-08-08 10:51:00,301.6,2724.25
17611.0,2011-09-28 12:20:00,292.47,3016.72
17611.0,2011-10-28 14:38:00,118.9,3135.62
17611.0,2011-11-03 09:07:00,300.1,3435.72
17611.0,2011-11-09 09:01:00,242.45,3678.17
17611.0,2011-12-02 13:28:00,176.88,3855.05
17611.0,2011-12-02 13:29:00,129.17,3984.22
17612.0,2011-02-15 10:40:00,305.46,305.46
17612.0,2011-05-09 12:14:00,360.29,665.75
17612.0,2011-07-14 15:44:00,366.31,1032.06
17612.0,2011-08-19 10:58:00,306.81,1338.87
17612.0,2011-09-05 14:07:00,344.07,1682.94
17612.0,2011-10-17 14:59:00,365.51,2048.45
17613.0,2011-02-07 11:20:00,586.8,586.8
17613.0,2011-02-24 10:25:00,310.71,897.51
17613.0,2011-03-22 12:15:00,493.11,1390.62
17613.0,2011-04-01 09:06:00,239.75,1630.37
17613.0,2011-04-26 13:22:00,426.4,2056.77
17613.0,2011-05-29 11:59:00,55.2,2111.97
17613.0,2011-05-29 12:06:00,415.04,2527.01
17613.0,2011-06-23 10:52:00,308.35,2835.36
17613.0,2011-08-14 12:08:00,155.93,2991.29
17613.0,2011-09-19 13:20:00,789.84,3781.13
17613.0,2011-10-27 10:01:00,371.87,4153.0
17613.0,2011-10-27 10:02:00,109.25,4262.25
17613.0,2011-11-17 10:40:00,289.1,4551.35
17613.0,2011-11-17 10:51:00,7.8,4559.15
17614.0,2011-10-13 16:01:00,390.07,390.07
17615.0,2011-05-01 15:33:00,153.75,153.75
17615.0,2011-05-20 08:30:00,118.55,272.3
17615.0,2011-08-01 14:06:00,57.3,329.6
17616.0,2010-12-07 10:04:00,326.4,326.4
17616.0,2011-03-30 09:31:00,81.6,408.0
17616.0,2011-06-19 10:11:00,163.2,571.2
17618.0,2010-12-12 16:05:00,320.28,320.28
17618.0,2011-04-05 13:07:00,346.5,666.78
17618.0,2011-12-04 11:50:00,304.8,971.58
17619.0,2011-01-31 14:18:00,218.52,218.52
17620.0,2011-10-11 12:08:00,81.44,81.44
17621.0,2010-12-20 13:31:00,239.4,239.4
17621.0,2011-01-31 13:07:00,662.38,901.78
17621.0,2011-11-18 17:11:00,478.12,1379.9
17623.0,2011-11-07 11:32:00,527.05,527.05
17624.0,2011-05-05 17:59:00,400.3,400.3
17624.0,2011-11-25 10:52:00,443.18,843.48
17625.0,2011-03-27 12:21:00,549.68,549.68
17625.0,2011-07-22 13:53:00,685.1,1234.78
17625.0,2011-10-19 12:21:00,384.42,1619.2
17625.0,2011-11-21 13:36:00,427.8,2047.0
17628.0,2011-09-19 15:21:00,75.75,75.75
17629.0,2010-12-15 09:58:00,238.65,238.65
17629.0,2011-04-03 11:36:00,266.36,505.01
17629.0,2011-05-09 12:28:00,101.18,606.19
17629.0,2011-06-21 10:40:00,108.94,715.13
17629.0,2011-08-11 14:16:00,83.25,798.38
17629.0,2011-10-04 10:29:00,593.79,1392.17
17629.0,2011-11-21 17:04:00,82.5,1474.67
17629.0,2011-12-04 10:56:00,339.45,1814.12
17630.0,2011-04-21 14:03:00,335.5,335.5
17630.0,2011-06-23 11:58:00,168.1,503.6
17631.0,2011-04-21 13:22:00,302.55,302.55
17631.0,2011-07-25 13:37:00,113.95,416.5
17631.0,2011-12-08 09:47:00,111.83,528.33
17633.0,2011-08-11 15:43:00,332.89,332.89
17633.0,2011-08-28 15:58:00,315.72,648.61
17633.0,2011-09-29 11:33:00,355.89,1004.5
17633.0,2011-11-08 13:25:00,320.34,1324.84
17634.0,2011-01-06 12:45:00,785.65,785.65
17634.0,2011-03-07 13:10:00,455.04,1240.69
17634.0,2011-04-18 14:08:00,164.75,1405.44
17634.0,2011-05-09 13:10:00,172.18,1577.62
17634.0,2011-05-11 08:34:00,237.05,1814.67
17634.0,2011-08-09 14:18:00,105.99,1920.66
17634.0,2011-09-08 12:55:00,159.79,2080.45
17634.0,2011-10-23 11:39:00,147.86,2228.31
17634.0,2011-11-03 13:09:00,133.66,2361.97
17636.0,2011-11-20 14:40:00,285.56,285.56
17637.0,2011-08-16 13:25:00,338.95,338.95
17637.0,2011-11-08 12:51:00,208.11,547.06
17639.0,2011-03-08 15:22:00,108.5,108.5
17640.0,2011-09-14 09:13:00,621.66,621.66
17642.0,2011-06-16 12:55:00,395.3,395.3
17642.0,2011-08-12 09:11:00,316.99,712.29
17643.0,2010-12-01 14:38:00,101.55,101.55
17644.0,2011-03-24 09:44:00,442.47,442.47
17644.0,2011-05-20 13:14:00,400.0,842.47
17644.0,2011-05-20 13:15:00,79.3,921.77
17644.0,2011-06-14 12:08:00,32.55,954.32
17644.0,2011-07-13 16:47:00,316.85,1271.17
17644.0,2011-07-13 16:48:00,39.6,1310.77
17644.0,2011-08-11 14:53:00,314.86,1625.63
17644.0,2011-09-22 12:54:00,507.04,2132.67
17644.0,2011-11-03 15:01:00,312.75,2445.42
17644.0,2011-11-03 15:02:00,117.46,2562.88
17644.0,2011-12-08 13:43:00,332.76,2895.64
17646.0,2010-12-09 14:28:00,251.0,251.0
17646.0,2011-03-03 10:09:00,345.85,596.85
17646.0,2011-05-04 13:17:00,411.54,1008.39
17647.0,2011-10-05 15:38:00,133.06,133.06
17648.0,2011-04-04 10:29:00,583.87,583.87
17648.0,2011-05-31 11:21:00,474.02,1057.89
17648.0,2011-05-31 11:22:00,49.5,1107.39
17648.0,2011-10-10 09:41:00,690.11,1797.5
17649.0,2011-07-24 15:53:00,868.49,868.49
17650.0,2011-11-18 14:52:00,166.08,166.08
17651.0,2011-06-15 15:57:00,360.9,360.9
17651.0,2011-06-23 10:27:00,344.1,705.0
17651.0,2011-07-07 08:21:00,377.61,1082.61
17651.0,2011-07-07 08:22:00,65.4,1148.01
17651.0,2011-09-21 09:45:00,652.85,1800.86
17651.0,2011-10-06 16:17:00,915.49,2716.35
17651.0,2011-10-20 11:30:00,333.01,3049.36
17651.0,2011-10-30 10:18:00,300.41,3349.77
17651.0,2011-11-08 12:30:00,303.28,3653.05
17651.0,2011-11-28 10:29:00,291.95,3945.0
17652.0,2011-03-03 14:05:00,222.3,222.3
17652.0,2011-04-20 08:07:00,409.94,632.24
17652.0,2011-06-02 12:08:00,811.36,1443.6
17652.0,2011-06-09 16:55:00,185.8,1629.4
17652.0,2011-06-23 14:05:00,720.03,2349.43
17652.0,2011-07-18 14:04:00,364.14,2713.57
17652.0,2011-09-16 14:39:00,488.45,3202.02
17652.0,2011-10-03 13:03:00,441.82,3643.84
17652.0,2011-10-10 13:13:00,421.05,4064.89
17652.0,2011-10-27 14:59:00,353.39,4418.28
17652.0,2011-11-04 15:35:00,165.32,4583.6
17652.0,2011-11-14 12:55:00,284.12,4867.72
17653.0,2011-08-11 15:24:00,163.24,163.24
17653.0,2011-09-01 12:17:00,180.1,343.34
17653.0,2011-11-01 15:49:00,569.82,913.16
17653.0,2011-11-03 12:46:00,294.4,1207.56
17654.0,2011-03-07 13:17:00,117.55,117.55
17655.0,2010-12-08 16:45:00,676.1,676.1
17655.0,2011-02-08 13:39:00,313.9,990.0
17655.0,2011-02-28 09:28:00,306.7,1296.7
17655.0,2011-05-13 16:14:00,306.0,1602.7
17655.0,2011-08-15 11:59:00,300.63,1903.33
17655.0,2011-10-30 14:15:00,287.87,2191.2
17655.0,2011-11-29 11:34:00,447.74,2638.94
17656.0,2011-08-03 10:45:00,341.58,341.58
17656.0,2011-08-17 13:06:00,267.15,608.73
17656.0,2011-08-25 13:24:00,318.92,927.65
17656.0,2011-09-12 15:14:00,132.4,1060.05
17656.0,2011-09-27 13:04:00,614.64,1674.69
17658.0,2011-05-12 15:23:00,317.6,317.6
17658.0,2011-11-14 12:07:00,277.82,595.42
17659.0,2010-12-02 16:46:00,247.8,247.8
17659.0,2010-12-16 17:38:00,112.15,359.95
17659.0,2011-02-14 12:13:00,115.0,474.95
17659.0,2011-05-24 10:42:00,595.29,1070.24
17659.0,2011-06-08 09:58:00,57.78,1128.02
17659.0,2011-06-23 12:51:00,14.85,1142.87
17659.0,2011-08-03 14:06:00,318.24,1461.11
17659.0,2011-08-22 15:22:00,89.44,1550.55
17659.0,2011-08-31 15:13:00,102.48,1653.03
17659.0,2011-10-11 13:12:00,308.86,1961.89
17659.0,2011-11-15 14:29:00,437.79,2399.68
17659.0,2011-11-22 13:29:00,599.78,2999.46
17660.0,2011-07-21 13:37:00,196.0,196.0
17663.0,2011-02-25 14:11:00,371.39,371.39
17663.0,2011-04-19 10:49:00,188.87,560.26
17663.0,2011-05-25 13:36:00,230.55,790.81
17663.0,2011-07-08 11:52:00,225.72,1016.53
17663.0,2011-09-16 13:37:00,271.28,1287.81
17663.0,2011-11-02 10:44:00,211.47,1499.28
17663.0,2011-11-14 08:56:00,303.63,1802.91
17664.0,2011-05-11 14:17:00,326.19,326.19
17664.0,2011-11-21 11:29:00,278.45,604.64
17666.0,2011-10-05 11:06:00,409.08,409.08
17666.0,2011-12-06 09:06:00,319.08,728.16
17667.0,2011-02-14 09:24:00,928.05,928.05
17667.0,2011-05-12 15:17:00,366.5,1294.55
17667.0,2011-05-12 15:21:00,62.12,1356.67
17667.0,2011-07-01 09:47:00,394.34,1751.01
17667.0,2011-10-04 14:32:00,304.5,2055.51
17668.0,2011-11-01 14:45:00,161.85,161.85
17668.0,2011-12-08 13:25:00,185.9,347.75
17669.0,2011-04-04 10:11:00,475.5,475.5
17669.0,2011-04-14 08:14:00,516.0,991.5
17669.0,2011-05-13 13:29:00,619.5,1611.0
17669.0,2011-06-22 14:10:00,453.72,2064.72
17669.0,2011-08-09 13:48:00,368.5,2433.22
17669.0,2011-09-15 13:43:00,761.5,3194.72
17669.0,2011-10-28 08:53:00,212.0,3406.72
17670.0,2011-04-26 09:12:00,205.7,205.7
17671.0,2010-12-09 14:27:00,394.18,394.18
17671.0,2011-05-12 18:13:00,392.55,786.73
17671.0,2011-07-05 12:03:00,311.82,1098.55
17671.0,2011-11-24 12:21:00,474.16,1572.71
17672.0,2011-02-03 13:29:00,1177.84,1177.84
17672.0,2011-10-20 14:18:00,2000.33,3178.17
17673.0,2011-01-23 15:16:00,402.42,402.42
17673.0,2011-03-18 11:30:00,377.64,780.06
17673.0,2011-06-06 14:12:00,287.19,1067.25
17673.0,2011-06-30 14:38:00,142.52,1209.77
17673.0,2011-10-04 12:25:00,306.88,1516.65
17673.0,2011-12-08 12:50:00,112.47,1629.12
17674.0,2010-12-06 10:20:00,300.66,300.66
17674.0,2011-09-26 13:35:00,250.38,551.04
17675.0,2010-12-07 13:22:00,617.12,617.12
17675.0,2010-12-10 09:48:00,402.0,1019.12
17675.0,2011-01-05 10:08:00,969.36,1988.48
17675.0,2011-02-01 09:38:00,698.6,2687.08
17675.0,2011-02-11 13:50:00,324.25,3011.33
17675.0,2011-02-23 15:53:00,635.41,3646.74
17675.0,2011-03-15 09:22:00,696.85,4343.59
17675.0,2011-03-29 13:06:00,465.7,4809.29
17675.0,2011-04-14 08:49:00,498.16,5307.45
17675.0,2011-04-27 14:49:00,1007.4,6314.85
17675.0,2011-05-05 10:07:00,464.3,6779.15
17675.0,2011-05-19 12:38:00,727.0,7506.15
17675.0,2011-06-05 12:28:00,239.46,7745.61
17675.0,2011-06-14 11:33:00,555.8,8301.41
17675.0,2011-06-30 09:02:00,483.01,8784.42
17675.0,2011-07-12 12:24:00,527.3,9311.72
17675.0,2011-07-20 13:26:00,1532.76,10844.48
17675.0,2011-07-25 12:12:00,252.4,11096.88
17675.0,2011-08-03 10:45:00,614.78,11711.66
17675.0,2011-08-09 16:42:00,392.06,12103.72
17675.0,2011-08-09 16:44:00,245.8,12349.52
17675.0,2011-08-21 12:58:00,962.09,13311.61
17675.0,2011-08-30 15:42:00,762.58,14074.19
17675.0,2011-09-30 12:44:00,1025.78,15099.97
17675.0,2011-09-30 12:45:00,25.2,15125.17
17675.0,2011-10-31 13:51:00,764.32,15889.49
17675.0,2011-11-02 14:30:00,1183.9,17073.39
17675.0,2011-11-18 13:42:00,1072.73,18146.12
17675.0,2011-11-21 08:31:00,978.58,19124.7
17675.0,2011-12-01 15:24:00,520.66,19645.36
17675.0,2011-12-08 18:03:00,728.92,20374.28
17676.0,2010-12-08 13:49:00,300.7,300.7
17676.0,2011-08-01 11:13:00,182.66,483.36
17676.0,2011-08-05 14:36:00,16.5,499.86
17676.0,2011-08-22 14:23:00,230.98,730.84
17676.0,2011-10-12 14:21:00,309.24,1040.08
17676.0,2011-12-05 15:16:00,347.6,1387.68
17677.0,2010-12-06 08:42:00,922.4,922.4
17677.0,2010-12-06 08:43:00,25.2,947.6
17677.0,2010-12-06 08:44:00,17.4,965.0
17677.0,2010-12-08 12:08:00,651.6,1616.6
17677.0,2011-01-25 12:46:00,500.1,2116.7
17677.0,2011-02-11 11:57:00,612.25,2728.95
17677.0,2011-03-30 15:51:00,1337.78,4066.73
17677.0,2011-03-30 15:52:00,70.92,4137.65
17677.0,2011-04-14 09:58:00,310.0,4447.65
17677.0,2011-05-11 12:43:00,1798.33,6245.98
17677.0,2011-05-11 12:46:00,16.95,6262.93
17677.0,2011-06-17 12:20:00,964.77,7227.7
17677.0,2011-06-17 12:22:00,68.22,7295.92
17677.0,2011-06-17 12:23:00,42.42,7338.34
17677.0,2011-07-20 13:30:00,1682.59,9020.93
17677.0,2011-07-20 13:31:00,17.0,9037.93
17677.0,2011-07-20 13:32:00,29.76,9067.69
17677.0,2011-08-04 17:40:00,1016.04,10083.73
17677.0,2011-08-31 15:07:00,1565.82,11649.55
17677.0,2011-08-31 15:08:00,34.8,11684.35
17677.0,2011-09-15 11:33:00,320.68,12005.03
17677.0,2011-09-18 12:42:00,716.0,12721.03
17677.0,2011-10-14 12:33:00,1157.08,13878.11
17677.0,2011-10-14 12:34:00,59.7,13937.81
17677.0,2011-10-27 15:24:00,532.42,14470.23
17677.0,2011-10-27 15:25:00,128.88,14599.11
17677.0,2011-11-04 11:59:00,419.12,15018.23
17677.0,2011-11-11 12:53:00,640.84,15659.07
17677.0,2011-12-08 09:55:00,657.12,16316.19
17677.0,2011-12-08 09:56:00,47.04,16363.23
17678.0,2011-03-21 11:52:00,298.11,298.11
17679.0,2011-09-15 10:35:00,1643.2,1643.2
17679.0,2011-10-18 07:43:00,348.91,1992.11
17680.0,2011-11-16 12:42:00,184.4,184.4
17682.0,2010-12-06 13:35:00,391.5,391.5
17682.0,2011-04-06 10:19:00,365.79,757.29
17682.0,2011-05-31 08:50:00,350.12,1107.41
17682.0,2011-07-19 11:40:00,362.82,1470.23
17682.0,2011-08-16 15:22:00,429.12,1899.35
17682.0,2011-11-29 15:59:00,574.98,2474.33
17684.0,2011-10-27 11:10:00,239.41,239.41
17685.0,2010-12-02 14:42:00,452.52,452.52
17685.0,2010-12-14 11:44:00,10.5,463.02
17685.0,2011-01-14 12:27:00,361.5,824.52
17685.0,2011-02-04 14:58:00,361.7,1186.22
17685.0,2011-03-18 10:16:00,326.5,1512.72
17685.0,2011-09-12 12:27:00,1286.41,2799.13
17685.0,2011-11-23 11:36:00,392.4,3191.53
17686.0,2011-02-10 10:18:00,1592.61,1592.61
17686.0,2011-05-23 14:11:00,1044.54,2637.15
17686.0,2011-05-23 14:14:00,12.64,2649.79
17686.0,2011-05-23 14:16:00,386.96,3036.75
17686.0,2011-08-11 11:44:00,1552.6,4589.35
17686.0,2011-09-20 11:39:00,520.74,5110.09
17686.0,2011-12-02 15:39:00,629.37,5739.46
17690.0,2010-12-01 16:15:00,279.6,279.6
17690.0,2010-12-01 16:17:00,97.2,376.8
17690.0,2010-12-08 15:23:00,71.4,448.2
17690.0,2010-12-10 11:47:00,239.7,687.9
17690.0,2011-01-17 12:31:00,895.5,1583.4
17690.0,2011-03-20 15:24:00,94.65,1678.05
17690.0,2011-04-06 16:47:00,311.6,1989.65
17690.0,2011-05-22 15:31:00,142.65,2132.3
17690.0,2011-06-05 10:47:00,856.63,2988.93
17690.0,2011-06-06 09:39:00,75.0,3063.93
17690.0,2011-08-30 09:36:00,462.75,3526.68
17690.0,2011-10-05 13:36:00,150.45,3677.13
17690.0,2011-10-25 12:29:00,307.19,3984.32
17690.0,2011-11-04 13:04:00,269.1,4253.42
17690.0,2011-11-09 15:17:00,504.53,4757.95
17691.0,2010-12-06 11:10:00,142.5,142.5
17691.0,2010-12-16 17:20:00,147.9,290.4
17692.0,2010-12-15 13:37:00,343.26,343.26
17692.0,2011-02-07 12:22:00,110.7,453.96
17692.0,2011-04-27 08:59:00,169.5,623.46
17692.0,2011-08-04 14:01:00,117.48,740.94
17693.0,2011-07-25 15:48:00,200.47,200.47
17694.0,2011-07-21 12:00:00,283.12,283.12
17695.0,2011-06-21 12:35:00,353.6,353.6
17695.0,2011-07-31 10:40:00,411.74,765.34
17696.0,2010-12-10 09:51:00,157.9,157.9
17696.0,2010-12-10 09:52:00,17.7,175.6
17696.0,2011-03-07 13:03:00,318.24,493.84
17696.0,2011-06-07 08:21:00,343.75,837.59
17696.0,2011-07-07 15:44:00,400.1,1237.69
17696.0,2011-07-24 15:52:00,402.08,1639.77
17696.0,2011-08-23 13:59:00,275.82,1915.59
17696.0,2011-11-01 13:43:00,370.12,2285.71
17697.0,2011-04-17 15:40:00,338.95,338.95
17698.0,2011-03-24 11:34:00,154.95,154.95
17700.0,2011-03-03 16:34:00,602.61,602.61
17700.0,2011-05-10 13:00:00,522.96,1125.57
17700.0,2011-09-06 09:34:00,556.26,1681.83
17700.0,2011-11-23 11:51:00,852.81,2534.64
17701.0,2011-04-01 12:25:00,417.95,417.95
17702.0,2011-05-17 16:23:00,439.8,439.8
17702.0,2011-06-29 11:41:00,335.33,775.13
17702.0,2011-08-23 09:38:00,563.64,1338.77
17702.0,2011-11-09 16:03:00,485.6,1824.37
17703.0,2011-07-24 13:30:00,229.14,229.14
17703.0,2011-08-22 15:05:00,261.82,490.96
17703.0,2011-11-04 15:51:00,307.78,798.74
17704.0,2011-04-14 09:28:00,387.29,387.29
17704.0,2011-06-24 09:40:00,497.9,885.19
17705.0,2011-02-11 10:57:00,136.3,136.3
17705.0,2011-03-23 08:22:00,114.0,250.3
17705.0,2011-05-08 13:19:00,107.0,357.3
17705.0,2011-07-06 12:50:00,167.5,524.8
17705.0,2011-07-25 15:14:00,135.0,659.8
17705.0,2011-08-25 09:53:00,308.2,968.0
17705.0,2011-09-26 11:38:00,223.92,1191.92
17705.0,2011-11-09 15:50:00,413.6,1605.52
17705.0,2011-12-06 13:45:00,218.0,1823.52
17706.0,2010-12-08 11:02:00,439.03,439.03
17706.0,2010-12-08 11:04:00,38.8,477.83
17706.0,2011-02-23 09:30:00,411.02,888.85
17706.0,2011-06-05 10:50:00,302.42,1191.27
17706.0,2011-06-30 12:15:00,2662.17,3853.44
17706.0,2011-07-01 11:32:00,276.8,4130.24
17706.0,2011-07-01 11:33:00,184.2,4314.44
17706.0,2011-07-14 13:41:00,2204.36,6518.8
17706.0,2011-08-17 13:31:00,301.5,6820.3
17706.0,2011-08-22 14:41:00,931.5,7751.8
17706.0,2011-08-31 13:23:00,275.7,8027.5
17706.0,2011-10-10 12:26:00,1322.82,9350.32
17706.0,2011-10-10 12:29:00,113.91,9464.23
17706.0,2011-10-26 13:31:00,264.42,9728.65
17706.0,2011-12-05 13:34:00,775.84,10504.49
17707.0,2011-01-07 13:30:00,83.7,83.7
17707.0,2011-06-07 15:03:00,68.7,152.4
17708.0,2011-01-19 10:09:00,110.6,110.6
17708.0,2011-06-05 10:12:00,156.48,267.08
17709.0,2011-06-23 11:55:00,137.45,137.45
17711.0,2011-02-23 11:32:00,220.53,220.53
17711.0,2011-11-29 11:40:00,164.57,385.1
17712.0,2011-10-26 12:28:00,522.91,522.91
17714.0,2011-01-23 10:32:00,153.0,153.0
17715.0,2011-05-23 12:32:00,326.4,326.4
17716.0,2011-03-17 10:38:00,665.46,665.46
17716.0,2011-04-04 15:18:00,786.16,1451.62
17716.0,2011-06-15 16:05:00,1175.32,2626.94
17716.0,2011-08-08 11:58:00,809.82,3436.76
17716.0,2011-09-06 12:00:00,549.7,3986.46
17716.0,2011-09-06 12:01:00,25.2,4011.66
17716.0,2011-09-06 12:02:00,125.0,4136.66
17716.0,2011-09-14 13:42:00,378.45,4515.11
17716.0,2011-09-25 12:02:00,487.2,5002.31
17716.0,2011-11-10 15:59:00,347.68,5349.99
17716.0,2011-11-17 12:00:00,306.0,5655.99
17718.0,2011-04-21 13:39:00,139.35,139.35
17719.0,2011-03-29 11:29:00,579.83,579.83
17719.0,2011-04-06 10:21:00,312.19,892.02
17719.0,2011-04-20 09:35:00,469.19,1361.21
17719.0,2011-05-24 15:13:00,304.4,1665.61
17719.0,2011-06-02 15:48:00,305.85,1971.46
17719.0,2011-06-13 14:20:00,311.4,2282.86
17719.0,2011-07-06 14:01:00,381.17,2664.03
17719.0,2011-07-25 12:34:00,233.51,2897.54
17719.0,2011-08-03 12:21:00,658.38,3555.92
17719.0,2011-08-16 16:17:00,310.98,3866.9
17719.0,2011-08-23 16:36:00,306.72,4173.62
17719.0,2011-08-25 14:21:00,303.78,4477.4
17719.0,2011-09-12 15:23:00,302.19,4779.59
17719.0,2011-09-25 12:22:00,309.31,5088.9
17719.0,2011-11-02 10:36:00,307.14,5396.04
17720.0,2010-12-07 10:43:00,102.0,102.0
17720.0,2011-04-28 12:49:00,430.38,532.38
17720.0,2011-08-18 16:32:00,355.22,887.6
17720.0,2011-11-13 15:04:00,308.34,1195.94
17722.0,2010-12-08 12:41:00,910.14,910.14
17722.0,2011-01-19 11:50:00,833.44,1743.58
17722.0,2011-06-03 12:39:00,357.3,2100.88
17722.0,2011-09-04 15:22:00,323.16,2424.04
17723.0,2011-05-09 14:44:00,331.8,331.8
17723.0,2011-05-23 13:28:00,415.0,746.8
17723.0,2011-06-01 16:23:00,415.0,1161.8
17723.0,2011-06-20 10:25:00,662.1,1823.9
17723.0,2011-07-07 10:43:00,830.0,2653.9
17723.0,2011-08-04 18:37:00,622.5,3276.4
17724.0,2011-07-24 13:26:00,373.1,373.1
17724.0,2011-09-20 14:50:00,241.2,614.3
17724.0,2011-09-29 15:26:00,418.7,1033.0
17725.0,2011-03-17 19:47:00,337.71,337.71
17725.0,2011-04-04 12:07:00,313.29,651.0
17725.0,2011-04-27 15:08:00,304.16,955.16
17725.0,2011-05-31 14:48:00,314.47,1269.63
17725.0,2011-06-13 12:38:00,310.48,1580.11
17725.0,2011-07-17 11:41:00,307.5,1887.61
17725.0,2011-08-19 14:04:00,310.82,2198.43
17725.0,2011-08-31 10:06:00,308.69,2507.12
17725.0,2011-09-30 09:45:00,333.96,2841.08
17725.0,2011-10-30 12:32:00,278.67,3119.75
17725.0,2011-11-23 16:34:00,319.33,3439.08
17727.0,2011-11-24 17:06:00,1060.25,1060.25
17728.0,2011-09-14 11:39:00,345.03,345.03
17728.0,2011-10-05 08:17:00,1943.13,2288.16
17728.0,2011-12-06 08:52:00,587.85,2876.01
17730.0,2011-01-17 14:49:00,311.48,311.48
17730.0,2011-02-15 11:50:00,375.56,687.04
17730.0,2011-03-09 14:57:00,411.18,1098.22
17730.0,2011-04-20 09:02:00,347.17,1445.39
17730.0,2011-06-07 09:13:00,586.01,2031.4
17730.0,2011-06-29 12:16:00,342.21,2373.61
17730.0,2011-08-09 14:18:00,367.46,2741.07
17730.0,2011-08-25 17:21:00,314.7,3055.77
17730.0,2011-09-22 10:26:00,491.56,3547.33
17730.0,2011-10-18 09:30:00,346.08,3893.41
17730.0,2011-10-28 11:34:00,417.36,4310.77
17730.0,2011-11-11 11:02:00,325.01,4635.78
17730.0,2011-12-06 15:43:00,662.7,5298.48
17731.0,2011-06-09 14:18:00,352.91,352.91
17731.0,2011-06-09 14:19:00,309.66,662.57
17731.0,2011-08-03 13:39:00,301.17,963.74
17731.0,2011-09-21 15:02:00,276.37,1240.11
17732.0,2010-12-02 09:29:00,303.97,303.97
17733.0,2011-03-23 09:54:00,216.95,216.95
17733.0,2011-11-01 08:16:00,475.24,692.19
17734.0,2011-04-20 10:04:00,112.98,112.98
17734.0,2011-07-26 09:20:00,427.23,540.21
17734.0,2011-10-17 12:33:00,160.42,700.63
17735.0,2010-12-07 10:32:00,454.6,454.6
17735.0,2011-01-26 12:36:00,594.04,1048.64
17735.0,2011-02-25 10:53:00,847.38,1896.02
17735.0,2011-03-31 16:41:00,652.52,2548.54
17735.0,2011-04-07 13:19:00,571.3,3119.84
17735.0,2011-04-14 10:54:00,848.87,3968.71
17735.0,2011-04-26 09:04:00,488.01,4456.72
17735.0,2011-05-05 14:32:00,562.29,5019.01
17735.0,2011-06-05 13:08:00,873.85,5892.86
17735.0,2011-06-05 13:09:00,228.3,6121.16
17735.0,2011-06-27 12:32:00,701.88,6823.04
17735.0,2011-07-08 08:48:00,761.92,7584.96
17735.0,2011-07-19 14:29:00,729.07,8314.03
17735.0,2011-08-04 10:23:00,954.0,9268.03
17735.0,2011-08-23 13:50:00,951.96,10219.99
17735.0,2011-09-07 10:38:00,871.25,11091.24
17735.0,2011-10-05 15:24:00,562.47,11653.71
17735.0,2011-11-02 14:52:00,562.71,12216.42
17735.0,2011-12-07 16:47:00,893.6,13110.02
17736.0,2011-08-18 14:33:00,307.49,307.49
17736.0,2011-10-28 09:00:00,39.95,347.44
17736.0,2011-11-30 15:36:00,30.0,377.44
17737.0,2011-10-12 14:42:00,87.39,87.39
17737.0,2011-11-30 15:16:00,80.85,168.24
17738.0,2011-03-02 16:26:00,779.92,779.92
17738.0,2011-07-14 09:22:00,585.62,1365.54
17738.0,2011-07-14 09:23:00,205.95,1571.49
17738.0,2011-11-20 15:05:00,307.56,1879.05
17739.0,2010-12-14 14:26:00,360.06,360.06
17739.0,2011-01-10 15:35:00,322.53,682.59
17739.0,2011-05-27 09:15:00,388.18,1070.77
17739.0,2011-09-29 09:03:00,542.16,1612.93
17739.0,2011-10-05 10:38:00,434.65,2047.58
17739.0,2011-11-01 15:19:00,354.49,2402.07
17739.0,2011-11-28 09:12:00,389.28,2791.35
17742.0,2011-01-11 10:04:00,302.57,302.57
17742.0,2011-08-18 15:28:00,52.54,355.11
17744.0,2010-12-16 14:17:00,377.52,377.52
17744.0,2011-01-13 14:55:00,328.92,706.44
17744.0,2011-01-21 09:03:00,301.96,1008.4
17744.0,2011-04-03 12:46:00,280.56,1288.96
17744.0,2011-11-14 09:05:00,303.06,1592.02
17744.0,2011-12-06 12:11:00,730.38,2322.4
17746.0,2011-04-13 14:31:00,110.25,110.25
17747.0,2011-08-19 08:13:00,71.4,71.4
17749.0,2011-03-28 13:39:00,369.01,369.01
17749.0,2011-06-14 15:45:00,305.51,674.52
17750.0,2011-06-28 15:44:00,323.0,323.0
17750.0,2011-07-15 17:29:00,307.41,630.41
17750.0,2011-07-29 17:19:00,208.65,839.06
17750.0,2011-08-18 20:05:00,240.66,1079.72
17750.0,2011-09-01 17:09:00,191.74,1271.46
17750.0,2011-09-18 15:15:00,129.63,1401.09
17750.0,2011-10-14 15:59:00,142.04,1543.13
17750.0,2011-11-03 15:16:00,141.12,1684.25
17750.0,2011-12-04 14:09:00,113.32,1797.57
17752.0,2010-12-15 16:19:00,80.64,80.64
17754.0,2011-03-24 13:54:00,264.24,264.24
17754.0,2011-07-20 15:56:00,310.82,575.06
17754.0,2011-10-05 12:40:00,374.5,949.56
17754.0,2011-11-02 12:37:00,621.71,1571.27
17754.0,2011-12-09 11:20:00,200.99,1772.26
17757.0,2010-12-02 17:17:00,143.45,143.45
17757.0,2010-12-06 13:41:00,149.0,292.45
17757.0,2010-12-10 16:36:00,158.0,450.45
17757.0,2010-12-14 14:02:00,115.35,565.8
17757.0,2011-01-09 14:21:00,145.5,711.3
17757.0,2011-01-27 16:13:00,133.45,844.75
17757.0,2011-02-09 14:18:00,148.4,993.15
17757.0,2011-02-21 11:35:00,146.8,1139.95
17757.0,2011-03-03 15:17:00,137.62,1277.57
17757.0,2011-03-24 14:55:00,166.75,1444.32
17757.0,2011-03-30 16:28:00,353.7,1798.02
17757.0,2011-04-10 15:32:00,191.86,1989.88
17757.0,2011-05-03 12:07:00,115.95,2105.83
17757.0,2011-05-20 16:04:00,213.07,2318.9
17757.0,2011-06-01 16:03:00,122.74,2441.64
17757.0,2011-06-21 13:58:00,195.9,2637.54
17757.0,2011-06-29 15:22:00,170.42,2807.96
17757.0,2011-07-10 15:38:00,150.75,2958.71
17757.0,2011-08-01 13:31:00,206.69,3165.4
17757.0,2011-08-17 13:04:00,155.05,3320.45
17757.0,2011-09-13 11:26:00,161.19,3481.64
17757.0,2011-09-30 13:54:00,253.78,3735.42
17757.0,2011-10-17 16:53:00,225.6,3961.02
17757.0,2011-11-07 16:40:00,195.0,4156.02
17757.0,2011-11-16 15:51:00,238.92,4394.94
17757.0,2011-11-21 16:54:00,298.34,4693.28
17757.0,2011-11-23 16:24:00,130.13,4823.41
17757.0,2011-11-25 17:27:00,365.33,5188.74
17757.0,2011-12-05 16:04:00,189.3,5378.04
17757.0,2011-12-08 15:31:00,227.25,5605.29
17758.0,2011-04-03 15:22:00,583.79,583.79
17758.0,2011-05-15 15:13:00,176.71,760.5
17758.0,2011-05-15 15:14:00,268.58,1029.08
17758.0,2011-05-15 15:31:00,25.75,1054.83
17758.0,2011-07-10 15:12:00,381.37,1436.2
17758.0,2011-09-21 15:12:00,686.03,2122.23
17758.0,2011-10-18 13:11:00,650.76,2772.99
17758.0,2011-11-20 14:43:00,673.21,3446.2
17758.0,2011-11-20 14:45:00,10.5,3456.7
17759.0,2011-06-23 13:35:00,145.2,145.2
17759.0,2011-06-23 13:41:00,21.95,167.15
17759.0,2011-11-22 16:02:00,667.84,834.99
17760.0,2010-12-01 15:08:00,172.54,172.54
17760.0,2011-11-18 10:56:00,115.05,287.59
17761.0,2011-11-07 10:23:00,712.78,712.78
17763.0,2011-03-21 14:25:00,15.0,15.0
17764.0,2011-05-12 16:11:00,261.97,261.97
17764.0,2011-10-20 11:03:00,556.85,818.82
17765.0,2011-03-28 11:58:00,121.25,121.25
17765.0,2011-05-13 12:34:00,141.3,262.55
17765.0,2011-07-04 12:41:00,109.33,371.88
17767.0,2011-11-24 14:42:00,271.2,271.2
17768.0,2011-06-26 13:46:00,411.33,411.33
17768.0,2011-11-06 14:14:00,1000.0,1411.33
17768.0,2011-12-01 13:22:00,861.85,2273.18
17769.0,2011-01-23 11:15:00,376.31,376.31
17769.0,2011-03-06 12:20:00,508.45,884.76
17769.0,2011-06-19 11:41:00,624.12,1508.88
17769.0,2011-07-24 11:06:00,319.85,1828.73
17769.0,2011-10-11 15:26:00,376.9,2205.63
17769.0,2011-10-16 11:41:00,437.86,2643.49
17769.0,2011-11-06 11:20:00,568.44,3211.93
17769.0,2011-11-14 13:32:00,6.24,3218.17
17769.0,2011-11-23 10:09:00,72.0,3290.17
17769.0,2011-11-27 11:18:00,707.81,3997.98
17770.0,2011-03-02 13:35:00,603.17,603.17
17770.0,2011-03-09 12:38:00,261.6,864.77
17770.0,2011-05-11 12:48:00,102.3,967.07
17770.0,2011-05-25 12:06:00,123.3,1090.37
17770.0,2011-05-25 12:34:00,52.9,1143.27
17771.0,2011-01-20 14:13:00,115.8,115.8
17771.0,2011-10-14 11:43:00,130.01,245.81
17772.0,2011-11-29 10:57:00,156.47,156.47
17772.0,2011-11-29 11:05:00,26.3,182.77
17774.0,2011-02-07 13:13:00,219.99,219.99
17774.0,2011-04-04 12:55:00,375.0,594.99
17774.0,2011-07-17 12:32:00,394.88,989.87
17774.0,2011-09-04 12:49:00,235.54,1225.41
17775.0,2011-03-30 10:50:00,56.4,56.4
17777.0,2011-08-31 14:35:00,194.7,194.7
17777.0,2011-10-31 13:05:00,256.25,450.95
17777.0,2011-11-15 12:02:00,214.91,665.86
17779.0,2011-07-19 12:19:00,323.09,323.09
17779.0,2011-09-13 11:24:00,166.42,489.51
17779.0,2011-11-18 14:15:00,169.06,658.57
17781.0,2011-03-31 19:54:00,102.0,102.0
17781.0,2011-07-03 16:00:00,86.02,188.02
17783.0,2011-04-06 10:07:00,112.41,112.41
17783.0,2011-09-28 16:07:00,171.06,283.47
17785.0,2011-10-17 13:43:00,131.94,131.94
17786.0,2011-01-26 14:35:00,114.85,114.85
17786.0,2011-09-15 12:51:00,163.89,278.74
17787.0,2010-12-03 13:43:00,736.28,736.28
17787.0,2011-01-20 12:20:00,529.91,1266.19
17787.0,2011-02-08 11:36:00,449.98,1716.17
17787.0,2011-07-10 11:24:00,149.02,1865.19
17788.0,2011-08-02 10:38:00,16.7,16.7
17788.0,2011-09-27 10:09:00,1101.2,1117.9
17789.0,2011-03-03 13:14:00,225.9,225.9
17790.0,2010-12-10 10:47:00,127.9,127.9
17790.0,2010-12-10 10:52:00,0.95,128.85
17790.0,2010-12-13 10:39:00,127.0,255.85
17790.0,2010-12-13 10:52:00,27.8,283.65
17790.0,2010-12-17 10:34:00,115.9,399.55
17790.0,2011-02-10 19:44:00,116.8,516.35
17790.0,2011-04-07 12:34:00,107.07,623.42
17790.0,2011-05-13 10:44:00,149.34,772.76
17790.0,2011-05-25 12:39:00,124.25,897.01
17790.0,2011-07-12 11:15:00,113.07,1010.08
17790.0,2011-07-29 11:35:00,148.21,1158.29
17790.0,2011-08-11 14:54:00,205.22,1363.51
17790.0,2011-10-09 14:22:00,328.53,1692.04
17790.0,2011-11-13 11:30:00,273.51,1965.55
17791.0,2011-11-10 12:09:00,106.1,106.1
17793.0,2011-11-14 14:24:00,323.04,323.04
17795.0,2011-03-20 12:02:00,163.25,163.25
17795.0,2011-06-13 12:36:00,187.14,350.39
17796.0,2010-12-05 12:23:00,114.65,114.65
17796.0,2011-01-09 11:12:00,282.25,396.9
17796.0,2011-01-30 12:42:00,225.1,622.0
17796.0,2011-10-30 15:38:00,75.9,697.9
17797.0,2011-06-10 11:29:00,272.41,272.41
17797.0,2011-11-17 13:16:00,453.45,725.86
17797.0,2011-11-17 13:21:00,54.57,780.43
17799.0,2010-12-13 13:10:00,223.48,223.48
17799.0,2011-01-21 15:56:00,491.94,715.42
17799.0,2011-01-21 15:57:00,122.44,837.86
17799.0,2011-01-24 13:06:00,172.85,1010.71
17799.0,2011-03-14 16:46:00,258.41,1269.12
17799.0,2011-03-14 16:54:00,6.35,1275.47
17799.0,2011-04-11 16:15:00,112.86,1388.33
17799.0,2011-06-23 13:39:00,580.04,1968.37
17799.0,2011-06-29 12:46:00,175.89,2144.26
17799.0,2011-09-01 14:42:00,387.49,2531.75
17799.0,2011-11-17 15:16:00,524.18,3055.93
17800.0,2011-01-09 13:50:00,136.05,136.05
17800.0,2011-03-11 14:06:00,103.65,239.7
17800.0,2011-05-06 12:44:00,115.15,354.85
17800.0,2011-07-01 10:58:00,124.9,479.75
17800.0,2011-07-03 10:23:00,115.75,595.5
17800.0,2011-08-14 12:41:00,169.8,765.3
17800.0,2011-09-09 13:19:00,151.3,916.6
17800.0,2011-10-21 13:24:00,155.11,1071.71
17800.0,2011-11-02 12:57:00,127.3,1199.01
17802.0,2010-12-02 13:44:00,100.2,100.2
17802.0,2011-06-12 14:57:00,532.22,632.42
17802.0,2011-09-18 14:56:00,652.62,1285.04
17805.0,2011-09-27 11:49:00,512.31,512.31
17806.0,2011-11-28 14:12:00,546.04,546.04
17809.0,2010-12-01 09:41:00,34.8,34.8
17809.0,2010-12-03 12:41:00,425.0,459.8
17809.0,2010-12-03 12:43:00,791.7,1251.5
17809.0,2011-02-11 09:11:00,610.2,1861.7
17809.0,2011-04-08 13:01:00,270.0,2131.7
17809.0,2011-05-06 10:00:00,519.0,2650.7
17809.0,2011-06-20 11:49:00,90.0,2740.7
17809.0,2011-08-02 15:40:00,116.01,2856.71
17809.0,2011-10-10 08:30:00,283.2,3139.91
17809.0,2011-10-14 15:04:00,1835.6,4975.51
17809.0,2011-11-23 12:52:00,366.8,5342.31
17809.0,2011-11-23 12:59:00,69.6,5411.91
17811.0,2011-01-10 10:58:00,185.97,185.97
17811.0,2011-01-20 11:15:00,337.7,523.67
17811.0,2011-01-26 10:17:00,108.55,632.22
17811.0,2011-02-02 10:34:00,289.3,921.52
17811.0,2011-02-13 11:52:00,210.7,1132.22
17811.0,2011-02-14 11:08:00,103.7,1235.92
17811.0,2011-02-20 12:23:00,1271.55,2507.47
17811.0,2011-02-22 11:41:00,139.8,2647.27
17811.0,2011-03-01 11:36:00,122.5,2769.77
17811.0,2011-03-06 14:57:00,166.45,2936.22
17811.0,2011-03-14 12:51:00,110.84,3047.06
17811.0,2011-03-21 12:45:00,108.42,3155.48
17811.0,2011-04-06 10:14:00,113.1,3268.58
17811.0,2011-04-12 13:01:00,117.83,3386.41
17811.0,2011-05-04 16:51:00,194.3,3580.71
17811.0,2011-05-17 10:28:00,187.42,3768.13
17811.0,2011-05-24 10:17:00,150.35,3918.48
17811.0,2011-06-05 13:16:00,147.05,4065.53
17811.0,2011-06-26 15:09:00,124.76,4190.29
17811.0,2011-07-11 13:55:00,114.95,4305.24
17811.0,2011-07-21 10:59:00,146.66,4451.9
17811.0,2011-08-11 15:25:00,120.42,4572.32
17811.0,2011-08-19 14:02:00,108.94,4681.26
17811.0,2011-09-08 13:53:00,182.9,4864.16
17811.0,2011-09-12 12:54:00,147.02,5011.18
17811.0,2011-09-12 16:23:00,84.5,5095.68
17811.0,2011-09-27 10:08:00,132.68,5228.36
17811.0,2011-10-02 11:04:00,166.33,5394.69
17811.0,2011-10-09 11:29:00,121.02,5515.71
17811.0,2011-10-16 11:58:00,146.7,5662.41
17811.0,2011-10-24 12:25:00,402.75,6065.16
17811.0,2011-11-02 10:15:00,120.66,6185.82
17811.0,2011-11-07 12:52:00,152.67,6338.49
17811.0,2011-11-14 13:47:00,390.93,6729.42
17811.0,2011-11-18 13:25:00,219.92,6949.34
17811.0,2011-11-21 12:52:00,375.27,7324.61
17811.0,2011-11-28 14:26:00,188.54,7513.15
17811.0,2011-12-02 10:21:00,168.48,7681.63
17811.0,2011-12-05 13:46:00,156.1,7837.73
17812.0,2010-12-06 15:27:00,217.55,217.55
17812.0,2011-11-01 13:59:00,43.47,261.02
17812.0,2011-11-24 14:06:00,203.38,464.4
17812.0,2011-11-27 11:47:00,267.76,732.16
17813.0,2011-09-29 15:57:00,306.61,306.61
17813.0,2011-10-06 16:01:00,1044.09,1350.7
17813.0,2011-10-13 14:28:00,2.49,1353.19
17813.0,2011-11-01 15:26:00,215.22,1568.41
17813.0,2011-11-25 16:13:00,202.47,1770.88
17816.0,2010-12-09 14:10:00,16.21,16.21
17816.0,2011-03-15 14:20:00,5.1,21.31
17816.0,2011-10-05 14:16:00,9.01,30.32
17816.0,2011-11-03 11:34:00,6.24,36.56
17817.0,2011-03-07 17:30:00,74.7,74.7
17817.0,2011-03-07 17:42:00,195.0,269.7
17817.0,2011-12-05 14:39:00,117.98,387.68
17819.0,2010-12-03 14:26:00,591.47,591.47
17819.0,2010-12-12 12:46:00,388.65,980.12
17819.0,2011-02-15 15:49:00,856.0,1836.12
17819.0,2011-04-13 12:44:00,189.84,2025.96
17819.0,2011-05-29 10:40:00,843.06,2869.02
17819.0,2011-06-10 10:59:00,599.45,3468.47
17819.0,2011-09-29 10:52:00,236.4,3704.87
17824.0,2011-10-19 14:14:00,298.4,298.4
17827.0,2010-12-10 10:18:00,115.08,115.08
17827.0,2010-12-10 11:01:00,919.8,1034.88
17827.0,2010-12-10 11:31:00,236.92,1271.8
17827.0,2011-04-11 16:56:00,312.01,1583.81
17827.0,2011-12-04 15:00:00,411.65,1995.46
17828.0,2011-06-08 08:31:00,833.16,833.16
17828.0,2011-06-22 09:02:00,30.0,863.16
17828.0,2011-08-22 09:03:00,213.5,1076.66
17828.0,2011-11-17 08:41:00,743.43,1820.09
17829.0,2011-02-14 12:46:00,889.24,889.24
17830.0,2011-02-24 10:15:00,188.5,188.5
17830.0,2011-03-23 11:44:00,99.15,287.65
17830.0,2011-12-08 12:28:00,111.05,398.7
17831.0,2011-11-06 15:09:00,35.4,35.4
17832.0,2011-10-21 11:43:00,155.37,155.37
17835.0,2011-11-16 16:30:00,109.84,109.84
17835.0,2011-11-30 11:17:00,126.66,236.5
17835.0,2011-12-07 11:48:00,114.14,350.64
17836.0,2011-10-23 16:13:00,110.21,110.21
17837.0,2011-06-29 16:44:00,119.8,119.8
17837.0,2011-07-07 17:47:00,126.45,246.25
17837.0,2011-07-14 18:44:00,130.26,376.51
17837.0,2011-09-25 14:08:00,172.69,549.2
17837.0,2011-10-05 15:18:00,250.95,800.15
17837.0,2011-10-11 14:34:00,163.15,963.3
17837.0,2011-10-14 17:23:00,130.25,1093.55
17837.0,2011-10-28 16:13:00,499.83,1593.38
17838.0,2010-12-02 15:55:00,717.16,717.16
17838.0,2010-12-09 15:50:00,218.4,935.56
17838.0,2011-02-20 13:52:00,752.14,1687.7
17838.0,2011-09-11 14:34:00,625.0,2312.7
17838.0,2011-11-13 11:20:00,466.6,2779.3
17839.0,2011-10-28 17:27:00,338.8,338.8
17841.0,2010-12-01 14:41:00,537.38,537.38
17841.0,2010-12-03 14:35:00,339.54,876.92
17841.0,2010-12-06 14:51:00,406.69,1283.61
17841.0,2010-12-09 17:27:00,257.95,1541.56
17841.0,2010-12-14 14:40:00,647.99,2189.55
17841.0,2010-12-19 13:59:00,283.52,2473.07
17841.0,2011-01-04 12:51:00,516.97,2990.04
17841.0,2011-01-09 14:36:00,279.02,3269.06
17841.0,2011-01-12 12:31:00,220.33,3489.39
17841.0,2011-01-16 13:51:00,277.39,3766.78
17841.0,2011-01-16 13:54:00,4.25,3771.03
17841.0,2011-01-19 14:39:00,202.93,3973.96
17841.0,2011-01-23 14:20:00,105.34,4079.3
17841.0,2011-01-26 15:00:00,181.65,4260.95
17841.0,2011-01-30 14:19:00,165.9,4426.85
17841.0,2011-02-02 15:48:00,208.48,4635.33
17841.0,2011-02-08 09:56:00,150.26,4785.59
17841.0,2011-02-13 15:26:00,104.33,4889.92
17841.0,2011-02-17 14:19:00,175.04,5064.96
17841.0,2011-02-17 14:26:00,8.25,5073.21
17841.0,2011-02-22 16:03:00,141.48,5214.69
17841.0,2011-02-28 15:05:00,229.9,5444.59
17841.0,2011-03-03 15:02:00,187.11,5631.7
17841.0,2011-03-07 14:33:00,145.7,5777.4
17841.0,2011-03-10 15:01:00,139.79,5917.19
17841.0,2011-03-10 15:08:00,4.25,5921.44
17841.0,2011-03-14 15:40:00,174.86,6096.3
17841.0,2011-03-18 14:54:00,115.78,6212.08
17841.0,2011-03-21 13:38:00,248.2,6460.28
17841.0,2011-03-28 11:34:00,246.61,6706.89
17841.0,2011-03-31 13:14:00,213.0,6919.89
17841.0,2011-04-05 15:00:00,226.06,7145.95
17841.0,2011-04-11 13:41:00,380.34,7526.29
17841.0,2011-04-14 10:10:00,242.39,7768.68
17841.0,2011-04-18 10:41:00,366.48,8135.16
17841.0,2011-04-21 10:19:00,293.2,8428.36
17841.0,2011-04-27 12:00:00,261.24,8689.6
17841.0,2011-05-03 10:41:00,327.71,9017.31
17841.0,2011-05-06 11:36:00,289.82,9307.13
17841.0,2011-05-10 13:19:00,186.91,9494.04
17841.0,2011-05-13 14:58:00,240.73,9734.77
17841.0,2011-05-16 16:41:00,466.28,10201.05
17841.0,2011-05-19 13:57:00,184.95,10386.0
17841.0,2011-05-23 11:49:00,320.48,10706.48
17841.0,2011-05-24 17:03:00,468.01,11174.49
17841.0,2011-05-27 14:01:00,157.58,11332.07
17841.0,2011-05-31 14:34:00,197.55,11529.62
17841.0,2011-06-05 14:45:00,372.36,11901.98
17841.0,2011-06-08 13:35:00,426.05,12328.03
17841.0,2011-06-09 16:10:00,538.43,12866.46
17841.0,2011-06-13 16:33:00,259.08,13125.54
17841.0,2011-06-16 19:59:00,463.6,13589.14
17841.0,2011-06-21 15:41:00,355.43,13944.57
17841.0,2011-06-27 14:30:00,447.6,14392.17
17841.0,2011-06-30 13:17:00,300.34,14692.51
17841.0,2011-06-30 13:23:00,5.95,14698.46
17841.0,2011-07-04 13:36:00,360.82,15059.28
17841.0,2011-07-04 13:50:00,249.05,15308.33
17841.0,2011-07-06 10:41:00,197.87,15506.2
17841.0,2011-07-10 12:16:00,244.12,15750.32
17841.0,2011-07-12 14:48:00,501.37,16251.69
17841.0,2011-07-15 10:05:00,180.8,16432.49
17841.0,2011-07-18 12:25:00,728.06,17160.55
17841.0,2011-07-20 12:58:00,193.23,17353.78
17841.0,2011-07-25 12:09:00,822.86,18176.64
17841.0,2011-07-27 13:42:00,252.22,18428.86
17841.0,2011-07-29 12:41:00,182.55,18611.41
17841.0,2011-07-31 15:24:00,220.2,18831.61
17841.0,2011-08-03 11:58:00,264.55,19096.16
17841.0,2011-08-05 11:19:00,245.83,19341.99
17841.0,2011-08-09 12:58:00,356.42,19698.41
17841.0,2011-08-11 11:45:00,403.05,20101.46
17841.0,2011-08-14 13:14:00,278.46,20379.92
17841.0,2011-08-17 11:48:00,305.28,20685.2
17841.0,2011-08-19 11:17:00,149.06,20834.26
17841.0,2011-08-23 11:47:00,552.6,21386.86
17841.0,2011-08-25 12:06:00,451.92,21838.78
17841.0,2011-08-28 13:18:00,526.26,22365.04
17841.0,2011-09-01 13:40:00,354.39,22719.43
17841.0,2011-09-06 14:23:00,591.86,23311.29
17841.0,2011-09-09 10:12:00,190.57,23501.86
17841.0,2011-09-11 15:47:00,203.08,23704.94
17841.0,2011-09-14 12:14:00,237.19,23942.13
17841.0,2011-09-18 11:58:00,258.99,24201.12
17841.0,2011-09-20 12:50:00,459.62,24660.74
17841.0,2011-09-23 12:38:00,459.34,25120.08
17841.0,2011-09-26 10:57:00,183.54,25303.62
17841.0,2011-09-28 15:50:00,748.1,26051.72
17841.0,2011-10-02 15:33:00,543.75,26595.47
17841.0,2011-10-02 15:35:00,5.76,26601.23
17841.0,2011-10-05 13:58:00,354.13,26955.36
17841.0,2011-10-05 14:01:00,30.6,26985.96
17841.0,2011-10-07 10:13:00,247.12,27233.08
17841.0,2011-10-07 10:20:00,8.1,27241.18
17841.0,2011-10-10 13:33:00,285.65,27526.83
17841.0,2011-10-12 12:47:00,568.66,28095.49
17841.0,2011-10-13 15:38:00,437.43,28532.92
17841.0,2011-10-17 15:06:00,413.99,28946.91
17841.0,2011-10-19 12:35:00,535.75,29482.66
17841.0,2011-10-23 15:11:00,511.05,29993.71
17841.0,2011-10-26 12:53:00,219.66,30213.37
17841.0,2011-10-26 13:01:00,185.11,30398.48
17841.0,2011-10-28 12:08:00,403.25,30801.73
17841.0,2011-10-31 11:59:00,489.95,31291.68
17841.0,2011-11-02 12:45:00,460.24,31751.92
17841.0,2011-11-04 15:08:00,502.23,32254.15
17841.0,2011-11-04 15:14:00,1.45,32255.6
17841.0,2011-11-08 12:58:00,796.64,33052.24
17841.0,2011-11-09 12:29:00,438.08,33490.32
17841.0,2011-11-09 12:38:00,8.9,33499.22
17841.0,2011-11-11 10:41:00,224.43,33723.65
17841.0,2011-11-13 14:09:00,515.55,34239.2
17841.0,2011-11-16 11:46:00,890.19,35129.39
17841.0,2011-11-16 11:47:00,4.2,35133.59
17841.0,2011-11-18 10:58:00,314.08,35447.67
17841.0,2011-11-20 15:00:00,444.47,35892.14
17841.0,2011-11-23 14:07:00,904.52,36796.66
17841.0,2011-11-24 19:59:00,462.76,37259.42
17841.0,2011-11-27 11:12:00,400.62,37660.04
17841.0,2011-11-29 17:52:00,775.22,38435.26
17841.0,2011-12-01 19:42:00,633.38,39068.64
17841.0,2011-12-02 13:49:00,113.79,39182.43
17841.0,2011-12-06 14:23:00,974.01,40156.44
17841.0,2011-12-08 12:07:00,835.13,40991.57
17843.0,2011-02-09 15:33:00,205.48,205.48
17844.0,2011-08-25 11:27:00,51.56,51.56
17846.0,2011-09-15 15:20:00,2033.1,2033.1
17848.0,2010-12-16 18:38:00,97.3,97.3
17848.0,2011-01-13 10:48:00,72.26,169.56
17848.0,2011-02-02 17:15:00,44.35,213.91
17848.0,2011-04-04 16:36:00,174.46,388.37
17848.0,2011-06-23 17:35:00,144.56,532.93
17848.0,2011-07-14 17:14:00,30.5,563.43
17848.0,2011-07-21 11:17:00,109.45,672.88
17848.0,2011-08-03 15:14:00,148.72,821.6
17848.0,2011-09-19 16:49:00,79.6,901.2
17849.0,2011-01-10 11:59:00,217.75,217.75
17849.0,2011-02-07 11:39:00,127.35,345.1
17849.0,2011-03-21 12:13:00,151.45,496.55
17849.0,2011-05-05 13:46:00,109.25,605.8
17850.0,2010-12-01 08:26:00,139.12,139.12
17850.0,2010-12-01 08:28:00,22.2,161.32
17850.0,2010-12-01 09:01:00,22.2,183.52
17850.0,2010-12-01 09:02:00,259.86,443.38
17850.0,2010-12-01 09:32:00,259.86,703.24
17850.0,2010-12-01 09:34:00,22.2,725.44
17850.0,2010-12-01 10:51:00,376.36,1101.8
17850.0,2010-12-01 10:52:00,22.2,1124.0
17850.0,2010-12-01 11:33:00,353.14,1477.14
17850.0,2010-12-01 11:34:00,22.2,1499.34
17850.0,2010-12-02 08:32:00,251.62,1750.96
17850.0,2010-12-02 08:33:00,22.2,1773.16
17850.0,2010-12-02 08:34:00,163.76,1936.92
17850.0,2010-12-02 08:40:00,22.2,1959.12
17850.0,2010-12-02 09:41:00,244.46,2203.58
17850.0,2010-12-02 09:42:00,22.2,2225.78
17850.0,2010-12-02 09:44:00,228.96,2454.74
17850.0,2010-12-02 10:54:00,230.56,2685.3
17850.0,2010-12-02 10:55:00,22.2,2707.5
17850.0,2010-12-02 10:56:00,244.46,2951.96
17850.0,2010-12-02 10:58:00,22.2,2974.16
17850.0,2010-12-02 12:23:00,380.46,3354.62
17850.0,2010-12-02 12:24:00,22.2,3376.82
17850.0,2010-12-02 12:25:00,331.26,3708.08
17850.0,2010-12-02 12:26:00,22.2,3730.28
17850.0,2010-12-02 14:04:00,434.8,4165.08
17850.0,2010-12-02 14:05:00,22.2,4187.28
17850.0,2010-12-02 14:06:00,390.66,4577.94
17850.0,2010-12-02 14:07:00,22.2,4600.14
17850.0,2010-12-02 15:24:00,192.46,4792.6
17850.0,2010-12-02 15:25:00,22.2,4814.8
17850.0,2010-12-02 15:26:00,532.01,5346.81
17850.0,2010-12-02 15:27:00,44.4,5391.21
17852.0,2011-11-28 12:31:00,44.35,44.35
17852.0,2011-11-28 12:36:00,69.99,114.34
17854.0,2011-04-26 16:53:00,111.76,111.76
17854.0,2011-06-07 16:21:00,199.5,311.26
17855.0,2010-12-02 09:44:00,208.97,208.97
17856.0,2011-03-03 11:40:00,482.81,482.81
17856.0,2011-03-20 11:37:00,585.12,1067.93
17856.0,2011-04-20 13:13:00,74.7,1142.63
17856.0,2011-12-08 09:40:00,275.4,1418.03
17857.0,2010-12-09 11:35:00,1335.2,1335.2
17857.0,2010-12-16 16:28:00,5.5,1340.7
17857.0,2011-02-16 15:43:00,786.84,2127.54
17857.0,2011-03-18 10:11:00,108.5,2236.04
17857.0,2011-04-05 17:02:00,5424.0,7660.04
17857.0,2011-04-26 16:01:00,918.0,8578.04
17857.0,2011-04-27 10:01:00,25.2,8603.24
17857.0,2011-05-03 11:19:00,21.6,8624.84
17857.0,2011-05-17 11:11:00,159.0,8783.84
17857.0,2011-06-20 12:24:00,750.0,9533.84
17857.0,2011-06-20 12:26:00,181.44,9715.28
17857.0,2011-08-11 09:46:00,101.76,9817.04
17857.0,2011-08-22 13:55:00,3875.88,13692.92
17857.0,2011-09-02 11:59:00,561.6,14254.52
17857.0,2011-09-28 09:02:00,585.0,14839.52
17857.0,2011-10-25 14:23:00,3640.0,18479.52
17857.0,2011-11-03 14:39:00,1415.92,19895.44
17857.0,2011-11-03 14:42:00,208.0,20103.44
17857.0,2011-11-07 12:10:00,180.0,20283.44
17857.0,2011-11-09 13:48:00,2640.0,22923.44
17857.0,2011-11-22 15:22:00,976.0,23899.44
17857.0,2011-12-05 13:11:00,1931.6,25831.04
17857.0,2011-12-05 13:13:00,1048.0,26879.04
17858.0,2010-12-05 13:08:00,251.25,251.25
17858.0,2010-12-15 13:26:00,1305.6,1556.85
17858.0,2011-01-23 14:29:00,224.75,1781.6
17858.0,2011-02-08 12:38:00,326.4,2108.0
17858.0,2011-03-16 14:02:00,432.2,2540.2
17858.0,2011-03-23 16:22:00,79.6,2619.8
17858.0,2011-06-24 17:07:00,484.4,3104.2
17858.0,2011-08-12 16:36:00,320.3,3424.5
17858.0,2011-08-15 14:51:00,231.75,3656.25
17858.0,2011-09-18 14:08:00,266.14,3922.39
17858.0,2011-10-17 12:33:00,469.55,4391.94
17858.0,2011-12-04 11:56:00,763.72,5155.66
17859.0,2011-02-08 10:32:00,148.21,148.21
17860.0,2010-12-06 12:41:00,252.8,252.8
17861.0,2011-01-24 11:34:00,241.86,241.86
17861.0,2011-03-31 15:02:00,216.12,457.98
17861.0,2011-07-06 13:13:00,704.01,1161.99
17861.0,2011-07-06 13:25:00,5.2,1167.19
17861.0,2011-07-26 16:55:00,134.38,1301.57
17861.0,2011-11-10 12:46:00,113.5,1415.07
17861.0,2011-11-15 13:01:00,247.15,1662.22
17861.0,2011-12-06 16:21:00,438.58,2100.8
17862.0,2011-01-20 12:23:00,330.9,330.9
17863.0,2010-12-05 13:21:00,384.72,384.72
17863.0,2011-02-02 10:22:00,505.98,890.7
17863.0,2011-03-30 11:39:00,481.2,1371.9
17863.0,2011-07-17 13:48:00,413.38,1785.28
17863.0,2011-09-20 10:38:00,342.02,2127.3
17863.0,2011-10-11 13:45:00,1032.7,3160.0
17864.0,2011-03-09 11:44:00,208.41,208.41
17864.0,2011-09-11 13:39:00,272.31,480.72
17864.0,2011-11-27 11:15:00,116.78,597.5
17865.0,2010-12-10 14:53:00,756.45,756.45
17865.0,2010-12-17 15:57:00,323.38,1079.83
17865.0,2011-02-17 12:24:00,655.28,1735.11
17865.0,2011-02-24 12:01:00,596.24,2331.35
17865.0,2011-03-22 09:43:00,398.22,2729.57
17865.0,2011-04-14 11:07:00,569.2,3298.77
17865.0,2011-05-19 11:24:00,862.89,4161.66
17865.0,2011-06-16 16:26:00,102.0,4263.66
17865.0,2011-07-01 09:19:00,831.34,5095.0
17865.0,2011-08-17 09:45:00,687.16,5782.16
17865.0,2011-08-24 12:23:00,1142.88,6925.04
17865.0,2011-08-24 12:32:00,92.3,7017.34
17865.0,2011-09-12 14:23:00,663.24,7680.58
17865.0,2011-09-12 14:24:00,25.2,7705.78
17865.0,2011-09-15 11:47:00,237.08,7942.86
17865.0,2011-09-21 13:57:00,498.62,8441.48
17865.0,2011-09-21 13:58:00,73.6,8515.08
17865.0,2011-10-26 10:11:00,702.86,9217.94
17865.0,2011-10-26 10:13:00,177.64,9395.58
17865.0,2011-11-09 12:08:00,1130.74,10526.32
17866.0,2011-07-20 11:07:00,329.65,329.65
17867.0,2011-02-24 12:25:00,25.5,25.5
17867.0,2011-05-20 15:52:00,578.55,604.05
17867.0,2011-07-19 12:38:00,232.05,836.1
17867.0,2011-07-19 12:42:00,121.38,957.48
17867.0,2011-11-09 14:11:00,224.67,1182.15
17867.0,2011-11-09 14:15:00,14.95,1197.1
17869.0,2010-12-06 17:16:00,214.32,214.32
17869.0,2011-04-07 19:10:00,91.09,305.41
17869.0,2011-05-08 13:24:00,5.55,310.96
17869.0,2011-08-24 16:00:00,94.72,405.68
17869.0,2011-08-24 16:16:00,22.5,428.18
17870.0,2010-12-08 08:12:00,326.4,326.4
17870.0,2011-07-27 17:01:00,83.99,410.39
17870.0,2011-07-27 17:03:00,30.42,440.81
17870.0,2011-07-27 17:06:00,40.05,480.86
17870.0,2011-07-27 17:08:00,15.45,496.31
17870.0,2011-08-08 10:40:00,106.91,603.22
17870.0,2011-09-09 10:37:00,146.75,749.97
17870.0,2011-09-29 10:19:00,159.79,909.76
17870.0,2011-10-25 10:32:00,200.55,1110.31
17870.0,2011-11-08 11:03:00,143.11,1253.42
17870.0,2011-11-25 11:20:00,376.02,1629.44
17870.0,2011-12-07 15:07:00,264.91,1894.35
17871.0,2011-05-19 11:32:00,155.9,155.9
17873.0,2010-12-01 14:54:00,215.15,215.15
17873.0,2011-03-03 15:31:00,485.78,700.93
17873.0,2011-04-13 14:21:00,490.05,1190.98
17873.0,2011-06-08 14:51:00,396.14,1587.12
17873.0,2011-09-20 16:41:00,272.04,1859.16
17874.0,2011-03-29 11:25:00,65.16,65.16
17874.0,2011-04-28 13:17:00,371.29,436.45
17874.0,2011-04-28 13:23:00,6.0,442.45
17874.0,2011-04-28 13:39:00,23.8,466.25
17874.0,2011-04-28 19:53:00,94.45,560.7
17874.0,2011-06-07 12:54:00,122.76,683.46
17877.0,2011-06-22 13:00:00,237.61,237.61
17878.0,2011-10-27 11:24:00,379.45,379.45
17879.0,2011-06-19 12:36:00,178.52,178.52
17880.0,2010-12-10 10:21:00,458.92,458.92
17881.0,2011-02-08 17:16:00,133.35,133.35
17883.0,2011-04-07 19:16:00,119.35,119.35
17883.0,2011-09-14 13:37:00,78.45,197.8
17883.0,2011-11-25 14:02:00,289.1,486.9
17883.0,2011-12-06 17:49:00,184.87,671.77
17884.0,2010-12-03 12:11:00,187.51,187.51
17884.0,2010-12-06 15:13:00,137.11,324.62
17884.0,2011-02-01 11:08:00,278.22,602.84
17884.0,2011-12-06 11:33:00,114.61,717.45
17885.0,2011-11-27 14:40:00,190.19,190.19
17886.0,2011-04-04 12:34:00,223.19,223.19
17886.0,2011-05-13 10:22:00,173.07,396.26
17886.0,2011-11-08 10:09:00,503.35,899.61
17887.0,2011-08-02 17:29:00,111.35,111.35
17888.0,2010-12-17 13:56:00,29.43,29.43
17888.0,2011-01-26 12:45:00,92.7,122.13
17888.0,2011-05-11 14:29:00,56.65,178.78
17888.0,2011-07-01 13:17:00,128.27,307.05
17888.0,2011-09-21 16:43:00,58.6,365.65
17888.0,2011-10-11 12:36:00,250.9,616.55
17888.0,2011-11-01 15:48:00,37.5,654.05
17888.0,2011-11-18 13:45:00,72.0,726.05
17889.0,2011-01-21 17:14:00,101.85,101.85
17889.0,2011-05-11 16:26:00,102.02,203.87
17890.0,2010-12-13 15:12:00,476.96,476.96
17890.0,2011-01-21 11:19:00,125.13,602.09
17891.0,2011-06-30 20:08:00,203.86,203.86
17892.0,2011-07-07 12:56:00,142.1,142.1
17892.0,2011-10-13 13:20:00,10.2,152.3
17892.0,2011-10-14 16:49:00,91.8,244.1
17893.0,2011-04-28 13:50:00,112.25,112.25
17894.0,2010-12-08 14:50:00,106.77,106.77
17894.0,2010-12-14 10:38:00,167.86,274.63
17894.0,2010-12-15 13:00:00,105.88,380.51
17894.0,2010-12-22 13:46:00,135.34,515.85
17894.0,2011-01-31 13:19:00,93.6,609.45
17894.0,2011-02-27 14:49:00,258.4,867.85
17894.0,2011-09-04 14:36:00,128.9,996.75
17894.0,2011-09-29 09:23:00,123.06,1119.81
17895.0,2011-10-26 17:00:00,98.0,98.0
17896.0,2011-11-16 13:59:00,256.32,256.32
17897.0,2010-12-01 12:31:00,165.89,165.89
17897.0,2010-12-07 15:54:00,268.73,434.62
17897.0,2011-06-20 11:23:00,131.98,566.6
17898.0,2011-05-16 17:13:00,99.84,99.84
17898.0,2011-09-15 14:56:00,52.22,152.06
17899.0,2011-07-03 14:58:00,155.8,155.8
17900.0,2011-06-02 14:28:00,79.8,79.8
17900.0,2011-06-02 14:38:00,32.4,112.2
17901.0,2011-11-10 17:29:00,110.38,110.38
17904.0,2011-11-18 12:57:00,191.67,191.67
17905.0,2010-12-01 13:21:00,201.75,201.75
17905.0,2010-12-22 16:23:00,192.4,394.15
17905.0,2011-07-06 10:47:00,224.84,618.99
17905.0,2011-09-29 17:33:00,181.25,800.24
17906.0,2011-04-06 17:25:00,72.9,72.9
17908.0,2010-12-01 11:45:00,243.28,243.28
17911.0,2011-11-30 14:52:00,366.23,366.23
17912.0,2010-12-10 11:11:00,95.25,95.25
17912.0,2010-12-10 15:49:00,9.9,105.15
17912.0,2010-12-14 16:23:00,125.56,230.71
17912.0,2010-12-15 16:50:00,58.7,289.41
17912.0,2011-02-02 14:25:00,21.6,311.01
17913.0,2010-12-19 11:35:00,218.05,218.05
17913.0,2011-10-12 10:45:00,193.55,411.6
17914.0,2011-12-06 11:58:00,336.43,336.43
17917.0,2010-12-12 12:08:00,110.91,110.91
17917.0,2011-03-28 16:37:00,119.55,230.46
17917.0,2011-10-25 13:20:00,110.82,341.28
17919.0,2011-09-12 13:41:00,1304.04,1304.04
17920.0,2010-12-01 11:49:00,514.41,514.41
17920.0,2010-12-06 16:58:00,221.5,735.91
17920.0,2011-01-28 16:18:00,159.85,895.76
17920.0,2011-04-17 10:27:00,417.93,1313.69
17920.0,2011-05-23 17:25:00,259.9,1573.59
17920.0,2011-07-01 12:33:00,304.61,1878.2
17920.0,2011-07-22 10:52:00,218.56,2096.76
17920.0,2011-07-26 17:14:00,110.78,2207.54
17920.0,2011-08-26 13:56:00,199.28,2406.82
17920.0,2011-09-22 12:13:00,227.0,2633.82
17920.0,2011-10-17 17:24:00,251.88,2885.7
17920.0,2011-11-06 14:43:00,324.64,3210.34
17920.0,2011-11-13 11:44:00,255.54,3465.88
17920.0,2011-11-25 13:47:00,136.04,3601.92
17920.0,2011-11-28 10:46:00,111.11,3713.03
17920.0,2011-12-01 16:37:00,187.78,3900.81
17920.0,2011-12-05 14:29:00,303.29,4204.1
17921.0,2011-03-18 13:19:00,280.57,280.57
17921.0,2011-06-30 18:17:00,161.89,442.46
17921.0,2011-07-14 18:56:00,159.3,601.76
17921.0,2011-10-06 18:56:00,224.76,826.52
17923.0,2011-03-02 15:15:00,207.5,207.5
17924.0,2010-12-01 10:51:00,279.0,279.0
17924.0,2011-02-11 11:38:00,223.2,502.2
17924.0,2011-10-03 10:08:00,1574.52,2076.72
17924.0,2011-10-31 15:20:00,447.3,2524.02
17924.0,2011-10-31 15:21:00,145.92,2669.94
17924.0,2011-11-28 09:08:00,128.88,2798.82
17924.0,2011-11-28 09:11:00,163.68,2962.5
17925.0,2010-12-02 10:10:00,244.08,244.08
17926.0,2011-05-20 09:24:00,211.73,211.73
17926.0,2011-07-29 14:39:00,185.56,397.29
17928.0,2011-04-07 18:03:00,78.26,78.26
17928.0,2011-10-25 13:52:00,134.28,212.54
17929.0,2011-02-04 11:40:00,196.2,196.2
17929.0,2011-03-30 12:35:00,238.8,435.0
17929.0,2011-08-19 08:57:00,272.0,707.0
17929.0,2011-11-28 16:01:00,136.0,843.0
17930.0,2011-04-14 15:46:00,390.6,390.6
17930.0,2011-06-30 18:44:00,303.54,694.14
17930.0,2011-09-29 12:11:00,296.46,990.6
17930.0,2011-10-06 15:32:00,323.04,1313.64
17930.0,2011-11-04 10:23:00,426.84,1740.48
17931.0,2011-03-29 12:31:00,297.2,297.2
17931.0,2011-07-28 18:33:00,111.16,408.36
17932.0,2011-05-12 13:58:00,589.01,589.01
17932.0,2011-06-19 10:39:00,345.5,934.51
17932.0,2011-11-10 19:49:00,397.06,1331.57
17934.0,2011-10-12 10:50:00,638.45,638.45
17934.0,2011-10-19 11:16:00,65.8,704.25
17935.0,2011-07-21 11:23:00,134.57,134.57
17935.0,2011-07-24 13:18:00,11.22,145.79
17936.0,2011-12-04 13:32:00,389.84,389.84
17937.0,2010-12-12 14:43:00,1393.56,1393.56
17937.0,2010-12-13 14:56:00,760.32,2153.88
17937.0,2011-02-14 09:27:00,540.0,2693.88
17937.0,2011-03-27 10:16:00,633.6,3327.48
17937.0,2011-08-17 12:10:00,287.04,3614.52
17937.0,2011-11-08 15:45:00,326.4,3940.92
17937.0,2011-12-01 11:45:00,360.3,4301.22
17939.0,2011-07-03 12:27:00,99.14,99.14
17940.0,2011-02-10 09:29:00,1045.44,1045.44
17940.0,2011-03-08 10:12:00,181.44,1226.88
17940.0,2011-04-05 08:51:00,259.2,1486.08
17940.0,2011-04-08 14:27:00,1867.86,3353.94
17940.0,2011-05-05 18:06:00,108.0,3461.94
17940.0,2011-06-28 14:54:00,107.5,3569.44
17940.0,2011-06-28 14:55:00,108.0,3677.44
17940.0,2011-08-03 11:24:00,162.0,3839.44
17940.0,2011-08-23 13:30:00,75.0,3914.44
17940.0,2011-10-21 13:27:00,192.0,4106.44
17941.0,2011-08-01 08:30:00,304.56,304.56
17942.0,2011-12-02 10:45:00,77.5,77.5
17946.0,2011-03-25 14:34:00,17.55,17.55
17946.0,2011-04-20 17:00:00,132.03,149.58
17947.0,2011-11-02 13:05:00,176.68,176.68
17948.0,2011-07-15 12:58:00,358.56,358.56
17949.0,2010-12-03 13:12:00,1314.0,1314.0
17949.0,2011-01-06 10:20:00,432.0,1746.0
17949.0,2011-02-23 09:53:00,259.2,2005.2
17949.0,2011-02-23 09:54:00,172.8,2178.0
17949.0,2011-03-02 09:03:00,1642.5,3820.5
17949.0,2011-03-11 09:23:00,345.6,4166.1
17949.0,2011-04-27 12:04:00,1642.5,5808.6
17949.0,2011-05-09 12:04:00,417.0,6225.6
17949.0,2011-05-09 12:05:00,816.0,7041.6
17949.0,2011-05-09 12:07:00,738.0,7779.6
17949.0,2011-05-17 11:10:00,259.2,8038.8
17949.0,2011-05-23 09:42:00,204.0,8242.8
17949.0,2011-05-31 14:02:00,816.0,9058.8
17949.0,2011-06-03 13:48:00,259.2,9318.0
17949.0,2011-06-03 13:50:00,1314.0,10632.0
17949.0,2011-06-30 10:44:00,2231.3,12863.3
17949.0,2011-06-30 11:01:00,13355.4,26218.7
17949.0,2011-06-30 11:02:00,812.0,27030.7
17949.0,2011-06-30 11:22:00,23.2,27053.9
17949.0,2011-06-30 12:50:00,2390.4,29444.3
17949.0,2011-06-30 15:40:00,877.68,30321.98
17949.0,2011-07-12 12:43:00,24.38,30346.36
17949.0,2011-07-21 18:21:00,833.85,31180.21
17949.0,2011-07-28 14:33:00,10303.95,41484.16
17949.0,2011-07-28 14:45:00,428.4,41912.56
17949.0,2011-08-10 13:43:00,432.0,42344.56
17949.0,2011-08-17 15:05:00,2209.04,44553.6
17949.0,2011-08-26 11:24:00,432.0,44985.6
17949.0,2011-08-31 10:46:00,340.0,45325.6
17949.0,2011-09-01 11:56:00,480.0,45805.6
17949.0,2011-09-02 10:05:00,1047.12,46852.72
17949.0,2011-09-02 10:06:00,822.24,47674.96
17949.0,2011-09-07 14:30:00,534.24,48209.2
17949.0,2011-09-30 11:56:00,2496.0,50705.2
17949.0,2011-09-30 11:57:00,1272.0,51977.2
17949.0,2011-09-30 11:58:00,720.0,52697.2
17949.0,2011-10-10 11:14:00,676.32,53373.52
17949.0,2011-10-14 12:19:00,108.0,53481.52
17949.0,2011-10-28 12:32:00,1434.24,54915.76
17949.0,2011-11-22 08:44:00,720.0,55635.76
17949.0,2011-12-02 11:38:00,81.36,55717.12
17949.0,2011-12-02 11:39:00,720.0,56437.12
17949.0,2011-12-02 11:43:00,129.36,56566.48
17949.0,2011-12-08 18:45:00,1080.0,57646.48
17949.0,2011-12-08 18:46:00,864.0,58510.48
17950.0,2010-12-09 15:16:00,190.35,190.35
17950.0,2010-12-09 15:20:00,72.82,263.17
17950.0,2011-09-28 15:18:00,219.03,482.2
17951.0,2010-12-01 12:40:00,295.5,295.5
17951.0,2010-12-16 12:55:00,114.0,409.5
17951.0,2011-10-31 12:30:00,599.04,1008.54
17954.0,2010-12-03 14:18:00,108.78,108.78
17954.0,2010-12-07 12:37:00,19.9,128.68
17954.0,2011-01-14 14:39:00,254.54,383.22
17954.0,2011-02-17 12:42:00,326.39,709.61
17954.0,2011-03-15 11:30:00,108.1,817.71
17954.0,2011-03-20 12:57:00,135.44,953.15
17954.0,2011-04-27 11:05:00,228.15,1181.3
17954.0,2011-06-08 12:44:00,336.84,1518.14
17954.0,2011-06-30 13:14:00,131.06,1649.2
17954.0,2011-08-08 13:46:00,241.01,1890.21
17954.0,2011-10-02 15:52:00,149.55,2039.76
17954.0,2011-12-04 14:15:00,292.96,2332.72
17955.0,2011-05-04 12:29:00,261.95,261.95
17955.0,2011-05-04 12:33:00,8.4,270.35
17955.0,2011-05-05 12:40:00,123.75,394.1
17955.0,2011-05-25 12:00:00,163.2,557.3
17956.0,2011-04-04 13:47:00,12.75,12.75
17957.0,2011-10-04 14:58:00,111.68,111.68
17958.0,2011-08-15 12:19:00,508.46,508.46
17960.0,2011-06-21 14:15:00,73.78,73.78
17961.0,2010-12-02 19:18:00,127.55,127.55
17961.0,2010-12-21 10:26:00,396.85,524.4
17961.0,2010-12-21 16:08:00,45.35,569.75
17961.0,2011-01-14 17:16:00,3.35,573.1
17961.0,2011-01-17 16:07:00,9.75,582.85
17961.0,2011-02-02 13:28:00,7.2,590.05
17961.0,2011-02-16 10:33:00,20.38,610.43
17961.0,2011-03-01 15:49:00,2.5,612.93
17961.0,2011-03-11 16:54:00,3.1,616.03
17961.0,2011-03-16 14:12:00,28.18,644.21
17961.0,2011-03-17 18:27:00,8.8,653.01
17961.0,2011-03-18 15:44:00,22.24,675.25
17961.0,2011-04-08 17:25:00,32.32,707.57
17961.0,2011-04-21 16:01:00,8.97,716.54
17961.0,2011-04-27 14:17:00,15.4,731.94
17961.0,2011-05-04 14:03:00,17.14,749.08
17961.0,2011-05-13 16:12:00,18.9,767.98
17961.0,2011-05-20 12:26:00,8.25,776.23
17961.0,2011-05-24 14:18:00,3.75,779.98
17961.0,2011-05-27 16:24:00,94.41,874.39
17961.0,2011-06-09 15:27:00,26.36,900.75
17961.0,2011-06-12 15:57:00,35.85,936.6
17961.0,2011-06-17 11:01:00,13.05,949.65
17961.0,2011-06-17 16:23:00,11.9,961.55
17961.0,2011-06-23 12:21:00,6.9,968.45
17961.0,2011-07-07 17:01:00,4.25,972.7
17961.0,2011-07-21 18:00:00,41.1,1013.8
17961.0,2011-07-21 18:07:00,4.25,1018.05
17961.0,2011-07-22 14:53:00,134.44,1152.49
17961.0,2011-08-04 17:55:00,2.25,1154.74
17961.0,2011-08-08 12:15:00,24.88,1179.62
17961.0,2011-09-12 11:44:00,5.95,1185.57
17961.0,2011-09-13 16:56:00,1.65,1187.22
17961.0,2011-09-15 10:02:00,74.56,1261.78
17961.0,2011-09-19 09:20:00,4.86,1266.64
17961.0,2011-09-30 12:12:00,3.25,1269.89
17961.0,2011-11-08 16:28:00,9.9,1279.79
17961.0,2011-11-18 16:48:00,12.4,1292.19
17961.0,2011-11-18 16:55:00,4.25,1296.44
17962.0,2011-07-20 14:16:00,102.83,102.83
17964.0,2010-12-02 13:32:00,261.76,261.76
17964.0,2011-11-08 10:44:00,209.94,471.7
17965.0,2010-12-05 15:54:00,37.35,37.35
17965.0,2010-12-09 18:09:00,119.45,156.8
17965.0,2011-01-12 10:58:00,438.67,595.47
17965.0,2011-01-28 12:28:00,150.88,746.35
17965.0,2011-03-01 12:07:00,313.58,1059.93
17965.0,2011-04-01 10:34:00,270.1,1330.03
17965.0,2011-06-28 15:05:00,140.06,1470.09
17965.0,2011-07-08 13:23:00,28.35,1498.44
17965.0,2011-07-21 15:45:00,56.3,1554.74
17965.0,2011-07-28 15:04:00,339.24,1893.98
17965.0,2011-09-09 10:42:00,361.56,2255.54
17965.0,2011-09-09 10:54:00,15.5,2271.04
17965.0,2011-10-11 09:26:00,48.46,2319.5
17965.0,2011-11-02 09:31:00,303.07,2622.57
17966.0,2011-03-23 17:25:00,147.0,147.0
17966.0,2011-06-08 10:51:00,136.5,283.5
17966.0,2011-07-11 15:26:00,141.98,425.48
17966.0,2011-07-11 15:28:00,168.95,594.43
17966.0,2011-11-02 10:26:00,504.0,1098.43
17967.0,2010-12-03 11:19:00,123.07,123.07
17968.0,2010-12-01 12:23:00,277.35,277.35
17969.0,2010-12-13 15:34:00,125.2,125.2
17969.0,2011-06-26 13:00:00,103.0,228.2
17970.0,2011-05-12 20:03:00,582.59,582.59
17972.0,2011-04-12 12:16:00,136.04,136.04
17973.0,2011-10-19 10:34:00,337.04,337.04
17974.0,2011-05-04 11:50:00,172.77,172.77
17974.0,2011-10-26 15:17:00,135.55,308.32
17974.0,2011-11-15 11:37:00,432.47,740.79
17975.0,2010-12-08 11:38:00,314.1,314.1
17975.0,2010-12-14 11:12:00,307.39,621.49
17975.0,2011-01-04 13:50:00,431.88,1053.37
17975.0,2011-02-02 12:53:00,326.36,1379.73
17975.0,2011-03-13 10:27:00,488.06,1867.79
17975.0,2011-04-26 11:09:00,765.85,2633.64
17975.0,2011-05-31 12:42:00,147.48,2781.12
17975.0,2011-07-04 12:18:00,249.03,3030.15
17975.0,2011-07-19 11:08:00,131.66,3161.81
17975.0,2011-07-28 12:29:00,249.38,3411.19
17975.0,2011-08-17 10:59:00,544.81,3956.0
17975.0,2011-10-07 10:29:00,285.19,4241.19
17975.0,2011-11-24 13:27:00,247.62,4488.81
17976.0,2010-12-02 13:49:00,353.19,353.19
17977.0,2011-11-10 13:28:00,288.14,288.14
17978.0,2010-12-09 14:05:00,300.92,300.92
17979.0,2011-03-25 11:34:00,231.77,231.77
17979.0,2011-03-25 12:07:00,9.9,241.67
17979.0,2011-06-24 10:44:00,262.87,504.54
17979.0,2011-11-04 12:05:00,253.17,757.71
17980.0,2010-12-15 15:50:00,295.2,295.2
17980.0,2011-05-19 14:29:00,267.55,562.75
17980.0,2011-06-27 12:01:00,248.7,811.45
17984.0,2011-07-17 15:59:00,152.68,152.68
17985.0,2011-11-17 14:24:00,634.95,634.95
17986.0,2011-10-14 14:22:00,20.8,20.8
17987.0,2011-06-07 14:22:00,198.57,198.57
17988.0,2011-01-17 11:59:00,64.99,64.99
17988.0,2011-07-01 15:22:00,13.37,78.36
17988.0,2011-08-14 15:34:00,53.05,131.41
17988.0,2011-08-14 15:35:00,11.64,143.05
17988.0,2011-08-14 15:56:00,2.95,146.0
17988.0,2011-11-27 10:34:00,14.11,160.11
17988.0,2011-11-28 11:00:00,41.01,201.12
17990.0,2010-12-13 12:10:00,168.0,168.0
17990.0,2010-12-21 12:57:00,148.0,316.0
17990.0,2011-04-17 11:44:00,314.84,630.84
17991.0,2011-04-27 16:39:00,5.9,5.9
17991.0,2011-04-28 15:58:00,87.45,93.35
17994.0,2011-02-22 11:02:00,307.25,307.25
17994.0,2011-03-11 15:14:00,21.9,329.15
17994.0,2011-06-03 09:50:00,228.63,557.78
17994.0,2011-08-10 11:41:00,120.71,678.49
17995.0,2011-03-03 12:30:00,76.1,76.1
17997.0,2011-06-28 17:28:00,322.53,322.53
17997.0,2011-07-06 16:54:00,532.21,854.74
17997.0,2011-07-10 15:17:00,297.65,1152.39
17997.0,2011-07-29 17:28:00,124.33,1276.72
17997.0,2011-09-02 15:48:00,269.17,1545.89
17997.0,2011-09-08 15:16:00,174.07,1719.96
17997.0,2011-09-21 17:05:00,117.12,1837.08
17997.0,2011-09-26 16:13:00,133.59,1970.67
17999.0,2010-12-08 15:17:00,190.34,190.34
17999.0,2011-11-02 15:56:00,191.72,382.06
18001.0,2011-09-14 11:21:00,252.23,252.23
18001.0,2011-11-27 16:02:00,165.0,417.23
18004.0,2010-12-12 13:47:00,169.47,169.47
18005.0,2011-10-23 14:40:00,139.97,139.97
18005.0,2011-12-06 11:51:00,109.75,249.72
18006.0,2011-11-16 16:52:00,444.68,444.68
18008.0,2011-01-25 12:26:00,130.81,130.81
18008.0,2011-03-21 15:07:00,175.1,305.91
18008.0,2011-03-24 18:28:00,585.0,890.91
18008.0,2011-04-11 10:18:00,162.5,1053.41
18008.0,2011-04-21 15:26:00,615.0,1668.41
18008.0,2011-05-20 16:55:00,380.0,2048.41
18008.0,2011-05-20 16:56:00,17.0,2065.41
18008.0,2011-09-27 09:18:00,42.5,2107.91
18008.0,2011-09-30 15:17:00,8.28,2116.19
18009.0,2011-04-18 13:36:00,257.34,257.34
18010.0,2011-03-28 12:27:00,174.8,174.8
18011.0,2010-12-01 17:35:00,102.79,102.79
18013.0,2011-07-07 14:08:00,177.21,177.21
18013.0,2011-07-07 14:11:00,10.08,187.29
18014.0,2011-11-11 15:28:00,166.42,166.42
18015.0,2011-12-05 14:49:00,120.03,120.03
18016.0,2010-12-10 17:14:00,156.65,156.65
18016.0,2011-01-28 15:21:00,168.1,324.75
18016.0,2011-06-06 13:31:00,164.01,488.76
18016.0,2011-09-26 14:06:00,624.55,1113.31
18016.0,2011-11-07 13:25:00,370.25,1483.56
18017.0,2011-02-02 13:57:00,165.0,165.0
18017.0,2011-06-23 15:48:00,179.0,344.0
18017.0,2011-09-19 16:15:00,179.0,523.0
18018.0,2011-05-24 13:22:00,37.45,37.45
18018.0,2011-08-23 17:37:00,84.69,122.14
18019.0,2011-10-19 12:10:00,38.45,38.45
18022.0,2011-11-04 12:45:00,668.11,668.11
18024.0,2011-07-10 12:28:00,337.58,337.58
18024.0,2011-07-10 12:40:00,52.2,389.78
18027.0,2011-09-02 10:38:00,115.31,115.31
18030.0,2011-10-28 13:55:00,121.1,121.1
18030.0,2011-12-05 16:37:00,109.55,230.65
18032.0,2011-01-09 15:32:00,73.5,73.5
18033.0,2011-10-05 17:28:00,97.97,97.97
18034.0,2011-11-18 12:08:00,158.53,158.53
18034.0,2011-11-18 12:22:00,264.35,422.88
18035.0,2011-10-27 17:48:00,439.06,439.06
18035.0,2011-10-27 17:57:00,51.78,490.84
18035.0,2011-11-04 12:39:00,239.56,730.4
18036.0,2011-04-08 11:26:00,110.8,110.8
18036.0,2011-08-26 12:55:00,143.74,254.54
18036.0,2011-11-07 14:40:00,151.08,405.62
18037.0,2010-12-12 16:20:00,31.3,31.3
18037.0,2011-01-21 15:45:00,8.25,39.55
18037.0,2011-03-31 14:42:00,3.9,43.45
18037.0,2011-04-17 15:29:00,2.1,45.55
18037.0,2011-04-28 16:23:00,15.27,60.82
18037.0,2011-07-08 13:39:00,9.2,70.02
18040.0,2011-04-08 08:27:00,239.0,239.0
18040.0,2011-11-20 14:20:00,118.2,357.2
18041.0,2010-12-02 11:21:00,193.78,193.78
18041.0,2010-12-02 11:35:00,235.16,428.94
18041.0,2010-12-09 13:24:00,205.35,634.29
18041.0,2011-01-06 15:29:00,377.7,1011.99
18041.0,2011-01-18 15:25:00,145.23,1157.22
18041.0,2011-02-02 13:11:00,128.68,1285.9
18041.0,2011-02-23 10:10:00,271.68,1557.58
18041.0,2011-03-03 15:11:00,148.49,1706.07
18041.0,2011-03-22 15:25:00,201.39,1907.46
18041.0,2011-03-31 11:07:00,225.49,2132.95
18041.0,2011-04-08 12:34:00,113.89,2246.84
18041.0,2011-05-04 15:33:00,128.01,2374.85
18041.0,2011-05-10 14:51:00,256.16,2631.01
18041.0,2011-06-09 15:55:00,105.0,2736.01
18041.0,2011-07-19 12:47:00,109.01,2845.02
18041.0,2011-08-28 12:28:00,239.11,3084.13
18041.0,2011-09-23 10:02:00,134.17,3218.3
18041.0,2011-09-30 10:08:00,356.75,3575.05
18041.0,2011-11-03 11:27:00,120.0,3695.05
18041.0,2011-11-16 16:00:00,220.94,3915.99
18041.0,2011-11-28 11:39:00,267.4,4183.39
18042.0,2011-10-17 11:49:00,165.05,165.05
18043.0,2010-12-08 12:35:00,316.46,316.46
18043.0,2011-05-17 12:40:00,135.35,451.81
18043.0,2011-11-15 12:48:00,107.7,559.51
18044.0,2010-12-14 12:25:00,74.25,74.25
18044.0,2011-03-01 10:25:00,72.12,146.37
18044.0,2011-03-29 10:39:00,289.25,435.62
18044.0,2011-04-04 15:35:00,124.15,559.77
18044.0,2011-05-24 11:29:00,245.92,805.69
18044.0,2011-05-25 15:47:00,77.52,883.21
18044.0,2011-06-26 13:31:00,222.32,1105.53
18044.0,2011-09-13 11:52:00,431.97,1537.5
18044.0,2011-11-03 08:56:00,340.2,1877.7
18044.0,2011-12-05 14:26:00,210.9,2088.6
18045.0,2011-10-25 13:07:00,189.4,189.4
18048.0,2011-05-20 14:54:00,168.49,168.49
18048.0,2011-05-20 14:58:00,3.8,172.29
18050.0,2010-12-15 14:25:00,74.4,74.4
18053.0,2011-09-30 09:05:00,300.02,300.02
18055.0,2010-12-05 10:52:00,431.45,431.45
18055.0,2010-12-07 09:13:00,569.03,1000.48
18055.0,2010-12-16 12:09:00,750.64,1751.12
18055.0,2011-02-01 10:59:00,336.91,2088.03
18055.0,2011-02-21 12:53:00,306.0,2394.03
18055.0,2011-05-20 10:37:00,968.5,3362.53
18055.0,2011-08-03 12:55:00,310.33,3672.86
18055.0,2011-09-16 14:04:00,1233.01,4905.87
18055.0,2011-10-31 12:02:00,1014.55,5920.42
18055.0,2011-12-02 14:25:00,863.77,6784.19
18056.0,2011-02-24 14:27:00,363.65,363.65
18058.0,2011-11-30 08:38:00,170.16,170.16
18059.0,2011-10-03 09:30:00,124.08,124.08
18059.0,2011-10-26 14:36:00,95.78,219.86
18059.0,2011-11-16 16:49:00,86.6,306.46
18061.0,2010-12-08 13:03:00,405.16,405.16
18061.0,2011-01-21 10:35:00,304.02,709.18
18061.0,2011-02-22 08:24:00,108.15,817.33
18061.0,2011-04-08 07:49:00,213.8,1031.13
18061.0,2011-05-17 08:18:00,159.49,1190.62
18061.0,2011-06-10 14:46:00,147.75,1338.37
18061.0,2011-07-11 13:22:00,213.7,1552.07
18061.0,2011-08-24 08:49:00,241.44,1793.51
18061.0,2011-10-05 09:59:00,233.5,2027.01
18061.0,2011-11-18 11:20:00,92.4,2119.41
18062.0,2011-01-06 10:03:00,169.8,169.8
18062.0,2011-05-03 09:34:00,316.12,485.92
18062.0,2011-06-19 14:47:00,234.6,720.52
18064.0,2011-04-18 15:08:00,408.0,408.0
18064.0,2011-07-29 16:39:00,406.0,814.0
18065.0,2010-12-10 12:44:00,228.12,228.12
18065.0,2010-12-10 12:45:00,116.9,345.02
18065.0,2011-02-24 13:43:00,405.03,750.05
18065.0,2011-05-04 11:43:00,224.78,974.83
18065.0,2011-05-04 11:45:00,95.8,1070.63
18065.0,2011-05-04 11:46:00,77.1,1147.73
18065.0,2011-06-09 12:27:00,264.42,1412.15
18065.0,2011-09-14 11:35:00,53.55,1465.7
18065.0,2011-09-14 11:36:00,483.49,1949.19
18065.0,2011-12-04 10:29:00,305.29,2254.48
18065.0,2011-12-04 10:30:00,138.35,2392.83
18066.0,2011-09-25 15:30:00,318.0,318.0
18067.0,2011-10-30 15:58:00,396.33,396.33
18068.0,2011-02-23 14:50:00,101.7,101.7
18069.0,2011-01-16 15:50:00,297.66,297.66
18069.0,2011-04-18 16:31:00,391.9,689.56
18069.0,2011-06-12 15:14:00,304.31,993.87
18069.0,2011-09-12 16:14:00,788.1,1781.97
18069.0,2011-11-13 16:03:00,254.7,2036.67
18071.0,2010-12-09 10:33:00,258.95,258.95
18071.0,2011-03-27 11:59:00,194.05,453.0
18072.0,2011-06-07 10:44:00,247.44,247.44
18073.0,2011-05-26 19:38:00,63.0,63.0
18073.0,2011-05-27 14:12:00,178.08,241.08
18073.0,2011-06-07 15:04:00,263.16,504.24
18073.0,2011-06-14 12:17:00,454.68,958.92
18073.0,2011-06-15 12:32:00,17.7,976.62
18073.0,2011-06-27 14:36:00,339.26,1315.88
18073.0,2011-06-27 14:37:00,65.4,1381.28
18073.0,2011-07-07 11:10:00,246.36,1627.64
18073.0,2011-07-07 11:12:00,128.16,1755.8
18073.0,2011-07-21 11:30:00,512.94,2268.74
18073.0,2011-08-03 14:33:00,832.5,3101.24
18073.0,2011-08-17 14:02:00,776.28,3877.52
18074.0,2010-12-01 09:53:00,489.6,489.6
18075.0,2010-12-14 10:48:00,198.95,198.95
18075.0,2011-01-25 10:20:00,333.08,532.03
18075.0,2011-02-09 09:10:00,78.62,610.65
18075.0,2011-03-01 10:26:00,256.85,867.5
18075.0,2011-03-23 12:13:00,261.68,1129.18
18075.0,2011-05-19 12:59:00,141.54,1270.72
18075.0,2011-06-29 08:58:00,282.23,1552.95
18075.0,2011-08-25 15:10:00,404.8,1957.75
18075.0,2011-10-11 11:34:00,300.02,2257.77
18075.0,2011-11-16 15:21:00,353.98,2611.75
18077.0,2010-12-08 10:21:00,204.87,204.87
18077.0,2010-12-19 11:19:00,191.46,396.33
18077.0,2011-01-25 10:38:00,315.13,711.46
18077.0,2011-04-27 11:41:00,167.92,879.38
18077.0,2011-06-19 12:10:00,233.89,1113.27
18077.0,2011-08-11 13:25:00,255.74,1369.01
18077.0,2011-08-28 12:29:00,301.93,1670.94
18077.0,2011-10-19 11:13:00,212.72,1883.66
18077.0,2011-10-27 13:58:00,158.15,2041.81
18077.0,2011-11-06 10:44:00,335.86,2377.67
18077.0,2011-12-01 13:32:00,255.34,2633.01
18078.0,2011-03-25 15:08:00,197.94,197.94
18078.0,2011-05-06 14:32:00,138.19,336.13
18079.0,2011-04-15 12:14:00,1612.83,1612.83
18079.0,2011-08-05 11:00:00,593.35,2206.18
18079.0,2011-10-25 15:21:00,964.99,3171.17
18079.0,2011-10-25 15:27:00,480.8,3651.97
18080.0,2011-04-11 10:10:00,841.5,841.5
18080.0,2011-11-21 08:02:00,390.0,1231.5
18081.0,2011-07-29 11:56:00,113.25,113.25
18081.0,2011-08-19 12:23:00,94.8,208.05
18081.0,2011-11-03 16:30:00,135.4,343.45
18082.0,2011-11-14 12:45:00,703.37,703.37
18084.0,2011-11-23 13:57:00,90.48,90.48
18085.0,2010-12-01 12:08:00,303.9,303.9
18085.0,2011-01-13 15:17:00,386.05,689.95
18086.0,2011-03-10 13:34:00,101.34,101.34
18087.0,2011-02-22 10:43:00,3202.92,3202.92
18087.0,2011-09-02 15:12:00,852.8,4055.72
18088.0,2011-10-09 13:41:00,167.67,167.67
18092.0,2010-12-09 10:00:00,1485.72,1485.72
18092.0,2010-12-20 11:45:00,756.12,2241.84
18092.0,2010-12-22 16:19:00,610.8,2852.64
18092.0,2011-01-13 14:50:00,259.2,3111.84
18092.0,2011-04-26 12:16:00,884.4,3996.24
18092.0,2011-06-08 11:54:00,452.4,4448.64
18092.0,2011-06-08 12:02:00,221.4,4670.04
18092.0,2011-08-12 12:37:00,1181.44,5851.48
18092.0,2011-09-14 09:11:00,1304.04,7155.52
18092.0,2011-11-01 10:56:00,1350.9,8506.42
18092.0,2011-12-07 13:14:00,561.84,9068.26
18093.0,2011-02-10 12:15:00,852.92,852.92
18093.0,2011-02-15 10:52:00,264.6,1117.52
18093.0,2011-08-11 14:34:00,899.36,2016.88
18093.0,2011-09-07 15:43:00,89.64,2106.52
18094.0,2011-02-21 08:50:00,504.72,504.72
18094.0,2011-04-15 14:05:00,639.48,1144.2
18094.0,2011-05-05 11:46:00,633.0,1777.2
18094.0,2011-07-26 14:41:00,416.9,2194.1
18094.0,2011-07-26 14:42:00,208.2,2402.3
18094.0,2011-09-19 09:27:00,570.0,2972.3
18094.0,2011-09-19 09:28:00,45.0,3017.3
18095.0,2011-01-11 12:37:00,374.75,374.75
18095.0,2011-01-31 12:50:00,205.3,580.05
18096.0,2011-10-07 11:55:00,148.66,148.66
18096.0,2011-10-13 13:35:00,474.05,622.71
18096.0,2011-11-28 12:44:00,288.44,911.15
18097.0,2010-12-20 14:49:00,182.52,182.52
18097.0,2011-01-04 10:22:00,474.66,657.18
18097.0,2011-05-18 13:56:00,799.38,1456.56
18097.0,2011-08-05 10:31:00,234.54,1691.1
18097.0,2011-08-05 10:32:00,320.3,2011.4
18097.0,2011-12-02 11:16:00,686.4,2697.8
18099.0,2011-08-04 15:52:00,168.31,168.31
18101.0,2011-07-19 13:05:00,110.23,110.23
18101.0,2011-11-28 13:37:00,113.42,223.65
18102.0,2010-12-07 16:42:00,9639.12,9639.12
18102.0,2010-12-07 16:43:00,16281.25,25920.37
18102.0,2010-12-09 13:44:00,1914.24,27834.61
18102.0,2011-02-07 15:34:00,4379.76,32214.37
18102.0,2011-02-07 15:37:00,6155.72,38370.09
18102.0,2011-03-03 09:26:00,1396.0,39766.09
18102.0,2011-03-25 14:06:00,5513.32,45279.41
18102.0,2011-04-20 11:06:00,1196.96,46476.37
18102.0,2011-05-16 14:24:00,8895.66,55372.03
18102.0,2011-05-17 11:27:00,5410.06,60782.09
18102.0,2011-05-17 11:28:00,2717.14,63499.23
18102.0,2011-05-17 11:29:00,276.48,63775.71
18102.0,2011-05-17 11:31:00,866.4,64642.11
18102.0,2011-06-07 16:35:00,10999.52,75641.63
18102.0,2011-06-09 17:27:00,16488.0,92129.63
18102.0,2011-06-14 11:25:00,3060.4,95190.03
18102.0,2011-06-14 11:28:00,2496.0,97686.03
18102.0,2011-06-14 11:31:00,8915.52,106601.55
18102.0,2011-07-04 10:20:00,13282.0,119883.55
18102.0,2011-07-20 11:28:00,2365.91,122249.46
18102.0,2011-07-20 11:33:00,710.25,122959.71
18102.0,2011-07-28 16:00:00,6591.6,129551.31
18102.0,2011-08-05 15:39:00,985.92,130537.23
18102.0,2011-09-02 11:53:00,4913.52,135450.75
18102.0,2011-09-15 15:27:00,5725.0,141175.75
18102.0,2011-09-15 15:30:00,1465.6,142641.35
18102.0,2011-09-15 15:34:00,13249.94,155891.29
18102.0,2011-09-15 15:35:00,11221.0,167112.29
18102.0,2011-09-22 10:48:00,389.76,167502.05
18102.0,2011-09-22 11:28:00,1074.0,168576.05
18102.0,2011-09-22 12:11:00,3877.56,172453.61
18102.0,2011-09-22 12:22:00,452.84,172906.45
18102.0,2011-09-22 13:21:00,4117.4,177023.85
18102.0,2011-09-22 13:53:00,295.96,177319.81
18102.0,2011-09-28 16:17:00,2839.6,180159.41
18102.0,2011-10-03 11:01:00,5164.66,185324.07
18102.0,2011-10-03 11:24:00,2350.98,187675.05
18102.0,2011-10-03 11:37:00,4849.1,192524.15
18102.0,2011-10-03 14:34:00,7298.76,199822.91
18102.0,2011-10-03 15:06:00,1023.96,200846.87
18102.0,2011-10-03 15:24:00,1094.71,201941.58
18102.0,2011-10-03 15:26:00,647.52,202589.1
18102.0,2011-10-04 15:58:00,557.76,203146.86
18102.0,2011-10-21 11:54:00,7398.54,210545.4
18102.0,2011-10-21 11:56:00,89.28,210634.68
18102.0,2011-10-21 12:08:00,22206.0,232840.68
18102.0,2011-11-04 10:09:00,4557.6,237398.28
18102.0,2011-11-04 10:38:00,5292.72,242691.0
18102.0,2011-11-04 10:48:00,85.32,242776.32
18102.0,2011-11-04 10:57:00,5028.76,247805.08
18102.0,2011-11-04 11:03:00,80.6,247885.68
18102.0,2011-11-28 12:55:00,286.08,248171.76
18102.0,2011-12-08 18:25:00,652.28,248824.04
18102.0,2011-12-08 18:43:00,10363.82,259187.86
18102.0,2011-12-09 11:50:00,469.44,259657.3
18104.0,2011-11-02 14:07:00,754.64,754.64
18105.0,2011-11-02 12:04:00,113.48,113.48
18106.0,2011-01-14 12:23:00,430.7,430.7
18108.0,2011-03-30 13:56:00,271.0,271.0
18109.0,2010-12-05 10:58:00,277.45,277.45
18109.0,2010-12-12 10:47:00,275.3,552.75
18109.0,2011-01-05 12:29:00,138.98,691.73
18109.0,2011-01-12 12:12:00,214.18,905.91
18109.0,2011-01-18 13:15:00,129.51,1035.42
18109.0,2011-02-09 12:16:00,178.15,1213.57
18109.0,2011-03-24 18:43:00,279.73,1493.3
18109.0,2011-04-03 10:55:00,259.6,1752.9
18109.0,2011-04-12 10:48:00,113.25,1866.15
18109.0,2011-05-19 19:47:00,456.57,2322.72
18109.0,2011-05-29 14:23:00,161.71,2484.43
18109.0,2011-06-12 12:03:00,417.33,2901.76
18109.0,2011-06-19 12:47:00,340.58,3242.34
18109.0,2011-07-14 17:13:00,408.22,3650.56
18109.0,2011-07-24 14:16:00,136.6,3787.16
18109.0,2011-08-04 17:26:00,270.52,4057.68
18109.0,2011-08-21 12:21:00,399.59,4457.27
18109.0,2011-09-09 13:58:00,393.85,4851.12
18109.0,2011-09-28 12:34:00,311.37,5162.49
18109.0,2011-10-06 18:47:00,397.63,5560.12
18109.0,2011-10-23 14:56:00,314.6,5874.72
18109.0,2011-11-09 11:04:00,285.0,6159.72
18109.0,2011-11-25 15:32:00,524.74,6684.46
18109.0,2011-12-02 15:25:00,660.84,7345.3
18109.0,2011-12-02 16:06:00,15.0,7360.3
18109.0,2011-12-08 11:36:00,692.67,8052.97
18110.0,2011-11-20 12:34:00,236.3,236.3
18112.0,2011-06-26 13:56:00,196.64,196.64
18112.0,2011-11-27 14:43:00,156.05,352.69
18113.0,2010-12-06 12:31:00,76.32,76.32
18114.0,2011-02-22 13:20:00,220.1,220.1
18116.0,2010-12-10 12:14:00,139.68,139.68
18116.0,2010-12-16 13:21:00,172.2,311.88
18116.0,2010-12-23 16:06:00,353.69,665.57
18116.0,2011-02-17 13:28:00,161.95,827.52
18116.0,2011-04-03 14:24:00,201.01,1028.53
18116.0,2011-04-18 13:17:00,189.98,1218.51
18116.0,2011-04-19 16:14:00,35.96,1254.47
18116.0,2011-10-03 11:00:00,163.56,1418.03
18117.0,2011-11-14 12:47:00,320.72,320.72
18118.0,2010-12-05 12:13:00,475.86,475.86
18118.0,2010-12-10 12:20:00,132.65,608.51
18118.0,2011-01-18 13:05:00,290.8,899.31
18118.0,2011-02-07 12:05:00,245.64,1144.95
18118.0,2011-02-11 11:17:00,133.0,1277.95
18118.0,2011-03-02 11:07:00,172.6,1450.55
18118.0,2011-03-14 11:04:00,370.53,1821.08
18118.0,2011-03-24 12:02:00,368.92,2190.0
18118.0,2011-03-28 10:52:00,113.14,2303.14
18118.0,2011-04-01 10:21:00,125.63,2428.77
18118.0,2011-04-10 11:14:00,197.5,2626.27
18118.0,2011-05-04 10:58:00,141.94,2768.21
18118.0,2011-05-11 12:58:00,248.02,3016.23
18118.0,2011-05-16 13:35:00,311.7,3327.93
18118.0,2011-06-06 12:06:00,191.61,3519.54
18118.0,2011-06-17 11:49:00,265.05,3784.59
18118.0,2011-06-24 10:33:00,158.99,3943.58
18118.0,2011-07-15 10:44:00,136.68,4080.26
18118.0,2011-09-09 12:22:00,161.43,4241.69
18118.0,2011-09-23 12:16:00,193.64,4435.33
18118.0,2011-10-18 12:17:00,137.53,4572.86
18118.0,2011-10-21 11:30:00,312.79,4885.65
18118.0,2011-10-26 12:28:00,106.14,4991.79
18118.0,2011-11-11 10:48:00,159.57,5151.36
18118.0,2011-11-20 11:09:00,209.31,5360.67
18118.0,2011-11-29 11:32:00,293.15,5653.82
18119.0,2010-12-07 11:59:00,181.12,181.12
18120.0,2011-05-09 13:45:00,111.15,111.15
18121.0,2011-07-08 12:14:00,649.85,649.85
18121.0,2011-07-13 12:53:00,23.25,673.1
18122.0,2011-07-12 11:37:00,119.19,119.19
18122.0,2011-09-16 12:34:00,201.94,321.13
18122.0,2011-10-16 13:08:00,442.88,764.01
18122.0,2011-11-04 11:41:00,198.47,962.48
18122.0,2011-11-17 14:29:00,421.97,1384.45
18122.0,2011-12-01 13:08:00,441.76,1826.21
18123.0,2011-11-08 13:31:00,323.48,323.48
18123.0,2011-11-15 14:23:00,265.96,589.44
18125.0,2011-01-27 15:02:00,556.46,556.46
18125.0,2011-02-17 13:47:00,175.75,732.21
18125.0,2011-05-22 11:51:00,212.93,945.14
18125.0,2011-11-10 12:29:00,197.85,1142.99
18126.0,2011-10-10 12:19:00,206.83,206.83
18127.0,2011-07-29 10:06:00,139.6,139.6
18127.0,2011-11-20 12:45:00,185.34,324.94
18127.0,2011-11-20 14:05:00,23.79,348.73
18129.0,2011-04-10 14:16:00,112.55,112.55
18130.0,2011-10-13 15:58:00,313.86,313.86
18130.0,2011-11-11 09:25:00,455.91,769.77
18130.0,2011-11-24 14:40:00,289.62,1059.39
18133.0,2011-05-11 14:14:00,931.5,931.5
18135.0,2011-06-02 14:04:00,109.82,109.82
18135.0,2011-09-20 14:08:00,123.65,233.47
18135.0,2011-11-01 17:08:00,147.0,380.47
18135.0,2011-11-08 11:51:00,171.84,552.31
18135.0,2011-11-10 19:32:00,129.6,681.91
18136.0,2011-01-24 12:08:00,288.99,288.99
18136.0,2011-05-12 11:59:00,311.86,600.85
18136.0,2011-10-07 15:40:00,183.48,784.33
18138.0,2011-02-17 14:51:00,152.65,152.65
18139.0,2011-11-21 14:06:00,461.4,461.4
18139.0,2011-11-21 14:47:00,2675.28,3136.68
18139.0,2011-11-21 15:53:00,689.52,3826.2
18139.0,2011-11-21 16:20:00,2786.4,6612.6
18139.0,2011-11-22 09:17:00,1090.92,7703.52
18139.0,2011-11-22 10:44:00,734.82,8438.34
18142.0,2011-05-08 12:31:00,282.48,282.48
18142.0,2011-07-05 13:19:00,737.04,1019.52
18143.0,2011-07-21 10:44:00,480.18,480.18
18143.0,2011-08-15 12:07:00,519.98,1000.16
18144.0,2010-12-01 13:45:00,165.05,165.05
18144.0,2010-12-14 13:02:00,337.6,502.65
18144.0,2011-01-25 12:15:00,157.4,660.05
18144.0,2011-03-15 16:29:00,363.4,1023.45
18144.0,2011-04-26 14:37:00,159.1,1182.55
18144.0,2011-04-26 14:38:00,134.4,1316.95
18144.0,2011-05-11 13:20:00,288.7,1605.65
18144.0,2011-07-06 13:04:00,202.1,1807.75
18144.0,2011-08-22 09:21:00,357.8,2165.55
18144.0,2011-09-22 17:08:00,176.2,2341.75
18144.0,2011-11-09 09:22:00,315.0,2656.75
18144.0,2011-12-02 12:46:00,232.0,2888.75
18145.0,2011-01-31 12:10:00,609.01,609.01
18145.0,2011-05-19 10:38:00,414.77,1023.78
18145.0,2011-09-13 12:13:00,1079.47,2103.25
18145.0,2011-11-27 11:22:00,758.3,2861.55
18146.0,2011-05-03 16:35:00,76.65,76.65
18146.0,2011-07-22 12:08:00,83.7,160.35
18147.0,2011-08-23 12:22:00,98.88,98.88
18147.0,2011-10-25 11:46:00,80.46,179.34
18149.0,2011-03-11 12:44:00,227.78,227.78
18149.0,2011-05-08 12:48:00,321.9,549.68
18149.0,2011-10-20 12:04:00,62.4,612.08
18150.0,2011-05-22 10:47:00,227.58,227.58
18150.0,2011-07-22 15:43:00,185.7,413.28
18150.0,2011-11-07 16:49:00,153.3,566.58
18151.0,2011-02-23 08:29:00,312.55,312.55
18151.0,2011-07-28 11:35:00,340.8,653.35
18154.0,2011-10-27 10:40:00,220.49,220.49
18154.0,2011-12-06 16:41:00,178.7,399.19
18155.0,2011-02-21 10:36:00,113.93,113.93
18155.0,2011-06-22 11:59:00,152.63,266.56
18155.0,2011-09-25 13:32:00,105.06,371.62
18156.0,2010-12-05 12:29:00,206.23,206.23
18156.0,2011-11-27 12:24:00,528.71,734.94
18158.0,2011-09-12 09:03:00,343.8,343.8
18158.0,2011-11-30 16:19:00,109.6,453.4
18159.0,2011-02-11 14:26:00,530.15,530.15
18160.0,2011-05-23 13:41:00,318.55,318.55
18160.0,2011-10-13 15:50:00,319.51,638.06
18161.0,2011-01-24 11:56:00,301.53,301.53
18161.0,2011-04-01 08:22:00,244.79,546.32
18161.0,2011-07-22 13:31:00,224.94,771.26
18161.0,2011-10-06 12:25:00,385.43,1156.69
18161.0,2011-11-24 16:40:00,462.0,1618.69
18164.0,2011-11-02 12:56:00,399.65,399.65
18165.0,2011-06-15 13:23:00,302.46,302.46
18167.0,2011-08-26 11:40:00,498.48,498.48
18167.0,2011-11-04 13:51:00,390.6,889.08
18167.0,2011-11-16 15:56:00,495.78,1384.86
18168.0,2010-12-02 18:08:00,263.3,263.3
18168.0,2010-12-15 11:08:00,186.64,449.94
18168.0,2011-02-10 13:19:00,194.35,644.29
18168.0,2011-03-17 13:58:00,218.83,863.12
18168.0,2011-05-19 19:02:00,191.67,1054.79
18168.0,2011-06-16 19:21:00,115.15,1169.94
18169.0,2011-10-10 12:18:00,202.65,202.65
18170.0,2011-05-06 15:13:00,304.21,304.21
18170.0,2011-08-19 16:04:00,351.3,655.51
18170.0,2011-11-06 14:35:00,324.8,980.31
18171.0,2011-01-10 09:55:00,240.45,240.45
18171.0,2011-04-15 11:36:00,224.14,464.59
18171.0,2011-06-30 09:59:00,219.83,684.42
18171.0,2011-09-01 16:30:00,309.89,994.31
18171.0,2011-10-12 09:13:00,237.0,1231.31
18172.0,2011-02-23 10:44:00,649.02,649.02
18172.0,2011-02-23 12:37:00,1329.36,1978.38
18172.0,2011-03-31 17:28:00,269.62,2248.0
18172.0,2011-04-26 09:15:00,159.2,2407.2
18172.0,2011-05-09 14:22:00,652.8,3060.0
18172.0,2011-05-12 19:22:00,600.36,3660.36
18172.0,2011-05-12 19:23:00,59.8,3720.16
18172.0,2011-07-14 16:39:00,326.4,4046.56
18172.0,2011-07-28 13:28:00,263.32,4309.88
18172.0,2011-08-04 16:17:00,1019.44,5329.32
18172.0,2011-09-01 16:50:00,305.96,5635.28
18172.0,2011-09-15 12:02:00,326.4,5961.68
18172.0,2011-09-22 16:48:00,411.76,6373.44
18172.0,2011-11-04 11:53:00,377.32,6750.76
18172.0,2011-11-04 11:54:00,47.6,6798.36
18172.0,2011-11-09 10:27:00,355.32,7153.68
18172.0,2011-11-25 11:12:00,408.0,7561.68
18173.0,2011-03-10 11:56:00,853.48,853.48
18173.0,2011-04-19 15:20:00,423.36,1276.84
18173.0,2011-05-24 14:25:00,452.0,1728.84
18173.0,2011-09-14 11:26:00,378.0,2106.84
18174.0,2011-12-02 16:56:00,104.0,104.0
18176.0,2010-12-16 15:45:00,476.35,476.35
18177.0,2011-03-29 08:46:00,169.05,169.05
18177.0,2011-04-20 15:25:00,225.05,394.1
18177.0,2011-04-21 10:00:00,8.25,402.35
18177.0,2011-05-19 18:28:00,311.3,713.65
18177.0,2011-07-05 10:23:00,324.17,1037.82
18177.0,2011-11-08 14:44:00,303.6,1341.42
18178.0,2010-12-10 12:42:00,300.65,300.65
18178.0,2011-02-03 14:08:00,333.3,633.95
18178.0,2011-05-04 10:15:00,465.99,1099.94
18178.0,2011-08-03 09:30:00,490.87,1590.81
18179.0,2011-01-07 14:22:00,335.8,335.8
18179.0,2011-01-17 14:51:00,287.1,622.9
18179.0,2011-03-30 12:43:00,270.26,893.16
18179.0,2011-04-01 13:21:00,210.0,1103.16
18179.0,2011-10-17 13:44:00,469.43,1572.59
18179.0,2011-11-30 16:23:00,220.58,1793.17
18180.0,2011-07-20 08:59:00,300.65,300.65
18180.0,2011-07-26 08:51:00,301.2,601.85
18180.0,2011-09-12 14:39:00,303.36,905.21
18180.0,2011-09-20 10:21:00,301.15,1206.36
18180.0,2011-10-11 11:38:00,326.66,1533.02
18180.0,2011-12-05 08:39:00,310.73,1843.75
18181.0,2011-11-15 15:08:00,382.8,382.8
18183.0,2011-03-10 10:08:00,312.8,312.8
18183.0,2011-04-26 15:26:00,319.27,632.07
18184.0,2011-11-24 15:28:00,49.8,49.8
18185.0,2011-04-04 13:42:00,304.25,304.25
18188.0,2011-02-22 14:43:00,426.6,426.6
18188.0,2011-09-23 12:58:00,1181.68,1608.28
18188.0,2011-11-24 16:46:00,392.76,2001.04
18189.0,2011-03-17 09:49:00,633.1,633.1
18189.0,2011-09-23 12:40:00,457.14,1090.24
18190.0,2011-01-13 10:35:00,171.46,171.46
18190.0,2011-05-31 14:48:00,113.0,284.46
18191.0,2011-03-23 12:08:00,207.8,207.8
18192.0,2011-09-29 09:53:00,957.97,957.97
18193.0,2011-06-27 13:58:00,243.76,243.76
18194.0,2011-09-18 13:29:00,973.84,973.84
18196.0,2011-02-22 16:13:00,450.78,450.78
18196.0,2011-09-05 16:22:00,238.35,689.13
18198.0,2011-01-07 13:39:00,300.54,300.54
18198.0,2011-02-02 10:06:00,303.56,604.1
18198.0,2011-02-24 15:12:00,303.22,907.32
18198.0,2011-03-17 14:47:00,316.82,1224.14
18198.0,2011-03-30 14:06:00,284.67,1508.81
18198.0,2011-04-14 17:44:00,331.28,1840.09
18198.0,2011-04-20 08:24:00,302.56,2142.65
18198.0,2011-05-05 09:34:00,306.72,2449.37
18198.0,2011-05-17 10:04:00,422.28,2871.65
18198.0,2011-05-20 15:39:00,303.46,3175.11
18198.0,2011-06-05 10:37:00,325.68,3500.79
18198.0,2011-06-23 10:24:00,311.52,3812.31
18198.0,2011-07-05 12:17:00,300.8,4113.11
18198.0,2011-08-31 11:50:00,314.28,4427.39
18198.0,2011-09-29 12:43:00,376.64,4804.03
18198.0,2011-11-08 15:35:00,303.08,5107.11
18198.0,2011-12-05 14:49:00,318.45,5425.56
18200.0,2011-08-25 18:45:00,163.8,163.8
18202.0,2011-02-01 13:36:00,485.73,485.73
18202.0,2011-05-24 12:10:00,747.24,1232.97
18202.0,2011-05-24 12:12:00,164.02,1396.99
18203.0,2011-07-05 13:07:00,160.42,160.42
18204.0,2011-05-31 15:26:00,549.43,549.43
18204.0,2011-08-22 09:10:00,817.89,1367.32
18204.0,2011-09-29 16:44:00,626.38,1993.7
18205.0,2011-09-26 12:02:00,225.76,225.76
18205.0,2011-11-03 13:22:00,291.6,517.36
18209.0,2011-11-11 12:07:00,139.1,139.1
18210.0,2011-03-17 16:58:00,142.4,142.4
18210.0,2011-10-19 15:29:00,1258.37,1400.77
18210.0,2011-11-10 08:39:00,321.37,1722.14
18210.0,2011-11-18 10:18:00,280.3,2002.44
18210.0,2011-11-30 08:43:00,441.04,2443.48
18210.0,2011-12-08 11:02:00,177.9,2621.38
18211.0,2011-03-06 12:09:00,137.9,137.9
18211.0,2011-07-26 12:24:00,130.8,268.7
18211.0,2011-09-15 08:27:00,151.5,420.2
18211.0,2011-10-27 13:36:00,130.67,550.87
18211.0,2011-11-14 08:10:00,49.2,600.07
18212.0,2011-01-17 16:14:00,248.42,248.42
18213.0,2011-04-17 10:21:00,232.48,232.48
18215.0,2011-09-11 16:05:00,299.34,299.34
18216.0,2011-11-08 16:55:00,481.75,481.75
18217.0,2011-09-30 10:44:00,317.9,317.9
18217.0,2011-11-10 13:18:00,303.85,621.75
18218.0,2011-03-03 12:24:00,309.38,309.38
18218.0,2011-05-12 12:53:00,352.7,662.08
18219.0,2010-12-06 10:05:00,210.19,210.19
18219.0,2010-12-14 12:30:00,179.87,390.06
18219.0,2011-02-16 14:18:00,94.31,484.37
18219.0,2011-04-18 14:21:00,200.32,684.69
18219.0,2011-05-09 12:16:00,227.62,912.31
18219.0,2011-06-24 12:43:00,200.47,1112.78
18219.0,2011-06-24 12:44:00,68.5,1181.28
18219.0,2011-07-13 13:33:00,185.85,1367.13
18219.0,2011-10-27 18:02:00,460.27,1827.4
18219.0,2011-12-07 11:43:00,242.37,2069.77
18220.0,2011-04-27 09:03:00,305.28,305.28
18221.0,2011-05-12 14:13:00,234.47,234.47
18221.0,2011-06-08 11:37:00,302.54,537.01
18221.0,2011-08-16 10:50:00,169.85,706.86
18221.0,2011-10-06 17:51:00,171.8,878.66
18221.0,2011-11-17 14:40:00,162.95,1041.61
18222.0,2011-09-08 10:45:00,443.0,443.0
18223.0,2010-12-16 16:42:00,501.69,501.69
18223.0,2011-01-17 11:55:00,635.8,1137.49
18223.0,2011-01-21 11:08:00,19.5,1156.99
18223.0,2011-02-25 13:15:00,502.85,1659.84
18223.0,2011-03-06 10:26:00,15.0,1674.84
18223.0,2011-03-31 16:56:00,490.99,2165.83
18223.0,2011-05-18 09:37:00,591.65,2757.48
18223.0,2011-06-20 13:41:00,342.11,3099.59
18223.0,2011-06-20 13:44:00,33.75,3133.34
18223.0,2011-07-19 15:07:00,471.27,3604.61
18223.0,2011-09-04 11:49:00,431.73,4036.34
18223.0,2011-10-05 15:09:00,480.43,4516.77
18223.0,2011-10-31 09:48:00,1389.05,5905.82
18223.0,2011-12-05 09:11:00,578.72,6484.54
18224.0,2011-03-21 10:30:00,158.95,158.95
18225.0,2010-12-09 15:46:00,30.0,30.0
18225.0,2011-02-07 14:33:00,438.82,468.82
18225.0,2011-03-20 12:07:00,171.75,640.57
18225.0,2011-03-22 09:01:00,440.29,1080.86
18225.0,2011-05-19 19:51:00,587.21,1668.07
18225.0,2011-07-13 15:29:00,488.4,2156.47
18225.0,2011-08-18 17:57:00,574.31,2730.78
18225.0,2011-09-16 15:23:00,1188.18,3918.96
18225.0,2011-10-27 13:26:00,533.18,4452.14
18225.0,2011-11-17 09:33:00,616.48,5068.62
18225.0,2011-11-18 13:16:00,110.22,5178.84
18225.0,2011-12-06 13:27:00,330.28,5509.12
18226.0,2011-01-06 09:00:00,417.3,417.3
18226.0,2011-03-29 10:50:00,428.05,845.35
18226.0,2011-04-10 16:02:00,329.05,1174.4
18226.0,2011-04-27 14:18:00,720.92,1895.32
18226.0,2011-05-25 15:19:00,317.6,2212.92
18226.0,2011-06-07 09:51:00,387.42,2600.34
18226.0,2011-07-03 10:47:00,450.81,3051.15
18226.0,2011-07-27 15:17:00,533.08,3584.23
18226.0,2011-08-11 10:45:00,666.8,4251.03
18226.0,2011-09-19 09:14:00,484.52,4735.55
18226.0,2011-10-26 13:36:00,492.5,5228.05
18227.0,2011-05-06 12:23:00,93.75,93.75
18228.0,2011-09-21 10:48:00,420.39,420.39
18228.0,2011-10-14 09:21:00,359.51,779.9
18229.0,2010-12-01 16:25:00,344.2,344.2
18229.0,2010-12-08 10:51:00,309.0,653.2
18229.0,2011-01-14 10:39:00,359.9,1013.1
18229.0,2011-02-18 10:32:00,359.8,1372.9
18229.0,2011-03-20 10:30:00,361.4,1734.3
18229.0,2011-04-14 08:13:00,348.4,2082.7
18229.0,2011-05-05 11:18:00,307.0,2389.7
18229.0,2011-05-25 10:56:00,469.0,2858.7
18229.0,2011-06-08 15:18:00,351.2,3209.9
18229.0,2011-06-21 15:01:00,410.34,3620.24
18229.0,2011-07-15 12:10:00,322.2,3942.44
18229.0,2011-07-24 13:13:00,426.22,4368.66
18229.0,2011-08-21 10:35:00,495.4,4864.06
18229.0,2011-09-07 10:51:00,348.0,5212.06
18229.0,2011-09-14 10:28:00,327.0,5539.06
18229.0,2011-09-30 11:55:00,313.8,5852.86
18229.0,2011-10-12 12:59:00,323.74,6176.6
18229.0,2011-11-07 14:23:00,414.6,6591.2
18229.0,2011-11-21 13:58:00,368.6,6959.8
18229.0,2011-11-28 09:48:00,317.1,7276.9
18230.0,2011-02-10 13:06:00,464.82,464.82
18230.0,2011-04-01 11:31:00,386.22,851.04
18230.0,2011-05-16 15:48:00,403.26,1254.3
18230.0,2011-06-19 13:01:00,388.98,1643.28
18230.0,2011-09-06 13:20:00,503.08,2146.36
18230.0,2011-11-10 16:15:00,343.8,2490.16
18230.0,2011-11-30 13:22:00,320.04,2810.2
18231.0,2011-02-24 09:08:00,291.0,291.0
18231.0,2011-03-16 11:36:00,233.75,524.75
18231.0,2011-04-13 09:32:00,429.25,954.0
18231.0,2011-04-18 12:17:00,458.25,1412.25
18231.0,2011-05-31 14:18:00,671.02,2083.27
18232.0,2011-05-26 16:30:00,107.85,107.85
18232.0,2011-05-31 08:03:00,263.13,370.98
18232.0,2011-07-05 11:10:00,129.64,500.62
18232.0,2011-09-19 11:49:00,92.35,592.97
18233.0,2011-01-18 08:44:00,440.0,440.0
18235.0,2011-05-06 13:35:00,430.46,430.46
18235.0,2011-08-11 15:56:00,319.34,749.8
18235.0,2011-09-29 08:27:00,1046.68,1796.48
18236.0,2011-04-13 09:52:00,123.2,123.2
18236.0,2011-06-06 14:13:00,181.3,304.5
18236.0,2011-07-07 13:02:00,171.45,475.95
18236.0,2011-08-02 15:53:00,165.24,641.19
18236.0,2011-09-21 09:22:00,132.55,773.74
18236.0,2011-11-10 08:06:00,108.5,882.24
18237.0,2011-07-28 13:05:00,323.38,323.38
18237.0,2011-08-12 12:44:00,243.21,566.59
18237.0,2011-09-09 12:36:00,158.96,725.55
18237.0,2011-10-05 13:33:00,135.8,861.35
18237.0,2011-12-07 12:49:00,125.75,987.1
18239.0,2010-12-02 17:48:00,438.1,438.1
18239.0,2011-01-21 15:36:00,424.32,862.42
18239.0,2011-01-31 10:44:00,56.1,918.52
18239.0,2011-03-24 15:15:00,176.38,1094.9
18239.0,2011-05-05 12:38:00,466.71,1561.61
18240.0,2011-10-24 13:06:00,422.58,422.58
18241.0,2011-05-06 09:22:00,365.83,365.83
18241.0,2011-06-16 11:51:00,62.4,428.23
18241.0,2011-06-28 13:09:00,59.6,487.83
18241.0,2011-07-27 10:10:00,165.0,652.83
18241.0,2011-08-03 10:11:00,95.85,748.68
18241.0,2011-08-08 16:07:00,169.4,918.08
18241.0,2011-08-15 10:29:00,57.0,975.08
18241.0,2011-08-16 14:34:00,104.7,1079.78
18241.0,2011-08-22 15:07:00,39.9,1119.68
18241.0,2011-08-25 10:55:00,86.1,1205.78
18241.0,2011-09-01 14:47:00,143.8,1349.58
18241.0,2011-09-21 08:56:00,109.56,1459.14
18241.0,2011-09-26 12:54:00,184.78,1643.92
18241.0,2011-10-11 09:29:00,125.85,1769.77
18241.0,2011-10-17 15:37:00,131.18,1900.95
18241.0,2011-10-21 10:19:00,54.6,1955.55
18241.0,2011-11-30 12:10:00,117.54,2073.09
18242.0,2011-05-10 11:20:00,314.26,314.26
18242.0,2011-05-27 14:22:00,379.82,694.08
18242.0,2011-09-28 12:25:00,312.92,1007.0
18242.0,2011-09-28 13:43:00,1225.49,2232.49
18245.0,2010-12-19 14:58:00,365.73,365.73
18245.0,2011-01-31 11:46:00,439.18,804.91
18245.0,2011-05-12 09:59:00,340.34,1145.25
18245.0,2011-05-12 10:03:00,161.04,1306.29
18245.0,2011-07-13 14:28:00,330.92,1637.21
18245.0,2011-07-13 14:29:00,35.6,1672.81
18245.0,2011-12-02 14:48:00,894.25,2567.06
18246.0,2011-04-20 13:55:00,232.9,232.9
18246.0,2011-11-16 11:49:00,363.2,596.1
18248.0,2011-06-06 13:18:00,496.46,496.46
18248.0,2011-08-09 10:19:00,307.56,804.02
18249.0,2011-11-22 15:07:00,95.34,95.34
18250.0,2011-02-02 13:16:00,349.27,349.27
18251.0,2011-09-13 15:03:00,4314.72,4314.72
18252.0,2011-06-21 11:47:00,69.9,69.9
18252.0,2011-10-20 12:43:00,456.77,526.67
18255.0,2011-09-11 13:16:00,103.3,103.3
18257.0,2011-02-16 15:13:00,328.4,328.4
18257.0,2011-02-22 11:05:00,35.4,363.8
18257.0,2011-05-17 10:10:00,357.4,721.2
18257.0,2011-06-24 08:40:00,214.4,935.6
18257.0,2011-08-17 14:47:00,627.27,1562.87
18257.0,2011-10-03 14:53:00,517.53,2080.4
18257.0,2011-10-03 14:55:00,14.85,2095.25
18257.0,2011-10-31 14:48:00,242.38,2337.63
18259.0,2010-12-08 13:38:00,376.3,376.3
18259.0,2011-09-15 14:37:00,891.9,1268.2
18259.0,2011-11-15 12:34:00,1070.4,2338.6
18260.0,2010-12-16 18:23:00,230.7,230.7
18260.0,2011-01-09 14:42:00,557.07,787.77
18260.0,2011-03-15 10:34:00,548.75,1336.52
18260.0,2011-04-13 12:47:00,451.58,1788.1
18260.0,2011-05-18 10:08:00,427.97,2216.07
18260.0,2011-06-20 12:37:00,427.13,2643.2
18261.0,2011-09-05 09:34:00,224.8,224.8
18261.0,2011-10-27 15:36:00,99.44,324.24
18262.0,2011-07-22 16:04:00,149.48,149.48
18263.0,2011-04-01 11:48:00,307.6,307.6
18263.0,2011-07-07 10:04:00,503.8,811.4
18263.0,2011-11-14 09:00:00,401.76,1213.16
18265.0,2011-07-04 15:26:00,488.55,488.55
18265.0,2011-09-28 14:10:00,312.96,801.51
18268.0,2011-07-28 19:13:00,25.5,25.5
18269.0,2010-12-08 13:53:00,168.6,168.6
18270.0,2011-03-18 12:41:00,111.95,111.95
18270.0,2011-11-01 13:57:00,171.2,283.15
18272.0,2011-04-07 09:35:00,639.82,639.82
18272.0,2011-04-28 18:11:00,340.72,980.54
18272.0,2011-07-12 15:42:00,753.66,1734.2
18272.0,2011-08-18 12:06:00,372.25,2106.45
18272.0,2011-10-25 11:52:00,604.25,2710.7
18272.0,2011-12-07 12:43:00,367.88,3078.58
18273.0,2011-03-27 11:22:00,51.0,51.0
18273.0,2011-09-05 11:27:00,102.0,153.0
18273.0,2011-12-07 13:16:00,51.0,204.0
18274.0,2011-11-09 17:03:00,175.92,175.92
18276.0,2011-10-27 10:54:00,335.86,335.86
18277.0,2011-10-12 15:22:00,110.38,110.38
18278.0,2011-09-27 11:58:00,173.9,173.9
18280.0,2011-03-07 09:52:00,180.6,180.6
18281.0,2011-06-12 10:53:00,80.82,80.82
18282.0,2011-08-05 13:35:00,100.21,100.21
18282.0,2011-12-02 11:43:00,77.84,178.05
18283.0,2011-01-06 14:14:00,108.45,108.45
18283.0,2011-01-23 14:58:00,106.55,215.0
18283.0,2011-02-28 10:30:00,102.9,317.9
18283.0,2011-04-21 16:37:00,117.68,435.58
18283.0,2011-05-23 11:33:00,99.47,535.05
18283.0,2011-06-14 11:41:00,103.72,638.77
18283.0,2011-06-23 19:20:00,203.81,842.58
18283.0,2011-07-14 13:00:00,140.69,983.27
18283.0,2011-07-14 13:20:00,2.5,985.77
18283.0,2011-09-05 12:35:00,134.9,1120.67
18283.0,2011-10-27 14:38:00,114.65,1235.32
18283.0,2011-11-10 14:59:00,112.35,1347.67
18283.0,2011-11-10 15:07:00,1.95,1349.62
18283.0,2011-11-23 13:27:00,313.65,1663.27
18283.0,2011-11-30 12:59:00,223.61,1886.88
18283.0,2011-12-06 12:02:00,208.0,2094.88
18287.0,2011-05-22 10:39:00,765.28,765.28
18287.0,2011-10-12 10:23:00,1001.32,1766.6
18287.0,2011-10-28 09:29:00,70.68,1837.28
